-- MySQL dump 10.13  Distrib 5.7.25, for Linux (x86_64)
--
-- Host: localhost    Database: nebulas_forum
-- ------------------------------------------------------
-- Server version	5.7.25-0ubuntu0.16.04.2

/*!40101 SET @OLD_CHARACTER_SET_CLIENT=@@CHARACTER_SET_CLIENT */;
/*!40101 SET @OLD_CHARACTER_SET_RESULTS=@@CHARACTER_SET_RESULTS */;
/*!40101 SET @OLD_COLLATION_CONNECTION=@@COLLATION_CONNECTION */;
/*!40101 SET NAMES utf8 */;
/*!40103 SET @OLD_TIME_ZONE=@@TIME_ZONE */;
/*!40103 SET TIME_ZONE='+00:00' */;
/*!40014 SET @OLD_UNIQUE_CHECKS=@@UNIQUE_CHECKS, UNIQUE_CHECKS=0 */;
/*!40014 SET @OLD_FOREIGN_KEY_CHECKS=@@FOREIGN_KEY_CHECKS, FOREIGN_KEY_CHECKS=0 */;
/*!40101 SET @OLD_SQL_MODE=@@SQL_MODE, SQL_MODE='NO_AUTO_VALUE_ON_ZERO' */;
/*!40111 SET @OLD_SQL_NOTES=@@SQL_NOTES, SQL_NOTES=0 */;

--
-- Table structure for table `access_tokens`
--

DROP TABLE IF EXISTS `access_tokens`;
/*!40101 SET @saved_cs_client     = @@character_set_client */;
/*!40101 SET character_set_client = utf8 */;
CREATE TABLE `access_tokens` (
  `token` varchar(40) COLLATE utf8mb4_unicode_ci NOT NULL,
  `user_id` int(10) unsigned NOT NULL,
  `last_activity_at` datetime NOT NULL,
  `lifetime_seconds` int(11) NOT NULL,
  `created_at` datetime NOT NULL,
  PRIMARY KEY (`token`),
  KEY `access_tokens_user_id_foreign` (`user_id`),
  CONSTRAINT `access_tokens_user_id_foreign` FOREIGN KEY (`user_id`) REFERENCES `users` (`id`) ON DELETE CASCADE
) ENGINE=InnoDB DEFAULT CHARSET=utf8mb4 COLLATE=utf8mb4_unicode_ci;
/*!40101 SET character_set_client = @saved_cs_client */;

--
-- Dumping data for table `access_tokens`
--

LOCK TABLES `access_tokens` WRITE;
/*!40000 ALTER TABLE `access_tokens` DISABLE KEYS */;
INSERT INTO `access_tokens` VALUES ('02HkajoRBcdBvUjy19Br4k8XUOFVo4tKicGl0vGO',152,'2019-01-10 23:06:07',3600,'2019-01-10 23:06:07'),('0Xtpuet3FdwpPBV6DLew7tJmbVOqcyreO7PCLGLd',170,'2019-02-14 19:17:24',157680000,'2019-01-26 10:26:05'),('1bLVesaZbbFqaWnnrs2SVfrKctG0eRKTG5sINv48',125,'2019-01-22 11:50:06',3600,'2019-01-22 11:50:06'),('1VOzcHGCH9AgWqLEQnAXwwejTp4FqHqBjJjaTNAJ',60,'2019-01-15 10:50:57',3600,'2019-01-15 10:50:57'),('1W4M06ibm50ObiD8xnMjpgaMoDt0bGwVcHP1vqAP',134,'2019-02-14 07:41:23',157680000,'2019-01-10 03:18:56'),('1X5GVF6mqaOvWYzcZgMO49DBDBJEOCLFOUi1VPtQ',131,'2019-01-10 18:29:15',3600,'2019-01-10 18:29:15'),('2rqQxx31fCJtho6ZQHuMvOMcV0Gdd2SIrLFljUuQ',120,'2019-01-09 11:06:37',157680000,'2019-01-09 11:05:41'),('2sTNJiDldxuGvMZSul4a6pRlrZdXMCcKRwDGmle9',112,'2019-02-17 04:03:32',157680000,'2019-02-07 04:48:51'),('2ZWpL8weWecfGyVwoZbEgKl1qSZw1a8gtIFZoghz',8,'2019-01-30 09:46:46',157680000,'2019-01-15 10:47:29'),('31OAFpPez92mvDAPqcV5oNQdm1VGoo7Mk9WyPhCq',18,'2018-12-29 16:21:03',3600,'2018-12-29 16:21:03'),('36nOWuT6xDkCZU4VtDppoLTvKh64Cs0Gm0DOdajO',125,'2019-01-10 11:45:23',3600,'2019-01-10 11:45:23'),('3CxiGnhJDELt82QhOn8s6ecvtVDPZeR9ZqzvnDWn',112,'2019-02-18 04:15:02',157680000,'2019-01-09 08:15:00'),('3HeU5dqCqA42TxuDerDUybBZwmIvCA4rSPTNINoa',132,'2019-01-09 22:21:00',157680000,'2019-01-09 22:20:55'),('3qLpyRNKSuqi1rlxJpebCSGwmWB6IgkFuHfBzF9f',17,'2019-02-14 04:52:58',3600,'2019-02-14 04:52:58'),('45hAaM3OWbflFJEvqQRDSrWX9Al3S2LCRUaaE9cx',60,'2019-02-18 04:37:24',3600,'2019-02-18 04:37:24'),('4ROFUsjNzqeZBrX5ywvvPROsgpMR1HH82PECKMzy',34,'2019-02-14 08:28:07',157680000,'2019-01-02 12:46:36'),('5GIh3wo0Xrhduf4HyBovVr7L8oSYHTDhwHoAE6IL',140,'2019-01-10 10:47:35',157680000,'2019-01-10 07:50:44'),('6Ee35S5s9Qu3Q5qHDWKwjcK58WW3UVRjLis4wL72',152,'2019-02-14 18:32:43',3600,'2019-02-14 18:32:43'),('6FLRSBl494ycn8jjEn2i55PNlVCWbuf1Sn9PUIr4',149,'2019-02-09 07:05:41',157680000,'2019-01-10 12:48:25'),('6iHO1TdYOta6zAIAgVpPzXECCrfn4VncVomIn6I6',36,'2019-01-29 13:54:24',3600,'2019-01-29 13:54:24'),('6pGvKW6NWaPTIKQzhLXEY0qVGTziN2EOvvyhJymw',84,'2019-02-15 11:40:05',157680000,'2019-01-09 08:17:45'),('75XlLORVxaU9vWFLqS9zuFi1A0Va9b8TaEXcxgew',1,'2019-01-17 03:00:11',3600,'2019-01-17 03:00:11'),('7OZ4Z7kodBuNBhePjBOqrD8XRw8h61k98zy8WHFl',179,'2019-02-13 16:53:12',157680000,'2019-02-12 17:22:15'),('7ZZRNXeh2stcocUNfT5LlBjmODpAQS4m22xCbWLI',31,'2019-01-05 18:19:42',3600,'2019-01-05 18:19:42'),('8e6G8N5hYT8B25jO8KYSyiPM0DIPI788WE1NaTht',17,'2019-02-18 04:42:30',157680000,'2019-01-08 06:11:04'),('9P4jmnvOfuc1VpCCRopp77a0f89HDqZWyMfG4FLj',131,'2019-02-12 18:29:17',3600,'2019-02-12 18:29:17'),('9PMh5sIHAL5UQJaPaiUN3HFi54ub2XVy89SBg9yX',131,'2019-02-04 17:46:57',3600,'2019-02-04 17:46:57'),('9Smm4qyMrXa9Djt0bOr5hvt0eKXZsnK6owkLBoZ0',131,'2019-01-22 19:04:43',157680000,'2019-01-09 18:53:14'),('a5GeCRbT3GDuWclG1sHdtYQ75dtoETcO3rlfJKJf',131,'2019-02-13 06:10:39',157680000,'2019-02-12 22:08:34'),('A9Q98Q810Vjj7bMWNWNrBhPkdeuuIj1OzHPKbGKt',31,'2019-01-03 06:50:25',3600,'2019-01-03 06:50:25'),('akJp5yYqoW7BjAxcGyhmwvkNovWK2YxHWYACprYv',151,'2019-02-15 19:58:45',157680000,'2019-02-14 16:59:57'),('AnDEkl6PXV1Z67xHuzkaZTl0WaydGTO5Dtpw9RbI',167,'2019-02-12 02:42:33',157680000,'2019-01-21 04:21:07'),('AS5pPj1rZubUtvO6RrIJ4SeiF44WbSYqjkcRZKF2',177,'2019-01-30 10:43:11',157680000,'2019-01-30 10:36:50'),('BFcRMSoAnCLYuuxfYwZfgE9dVQAAwDsZQY1mCCqS',125,'2019-01-09 11:55:16',157680000,'2019-01-09 11:54:59'),('ByTVtSjzwiCZx9VKiJUpJ9o7ozDiy3OlbL6QQOfN',36,'2019-01-03 07:24:18',3600,'2019-01-03 07:24:18'),('C1RxgZdsc1JK3S2ndU2WhS6YXfzt3BkehuaMRQa3',165,'2019-02-13 08:28:57',157680000,'2019-01-16 15:22:55'),('C51hwumDvMBrwlZe1BqEQk03CMphNSL0XxpL95le',143,'2019-01-28 10:38:25',157680000,'2019-01-10 11:37:46'),('cGLuUiFTmfMuFF6EYufgCu6f8JuN93mqp2xRpGLz',152,'2019-02-14 02:39:08',3600,'2019-02-14 02:39:08'),('CjHGyKZn6qa6zlAYRm10iPA61UNi9yQTwpLTM9JA',150,'2019-02-15 08:21:51',157680000,'2019-01-10 13:38:33'),('cqXpCXET7P4a9NB0UZ3aENHTOsMxHFTGuEu2VQWf',178,'2019-02-14 18:29:47',3600,'2019-02-14 18:29:47'),('CSBtdGTLCMksI0ic97lgAiRDtPamq4lHnGg7WgL6',183,'2019-02-16 06:46:53',157680000,'2019-02-16 06:46:53'),('cTamFygBEmfeG7FTJk8uxHs6iKizQiy2g1DbnHag',182,'2019-02-14 05:57:49',157680000,'2019-02-14 05:57:37'),('cvDTxv1H6Ga6n42pZAzy5RiYohgFpHMdOUVS7fKM',36,'2019-01-12 06:46:18',3600,'2019-01-12 06:46:18'),('cz3d6nFrPAFbw2H03ywax7bah5xUfqMfpZHgZw6j',64,'2019-01-30 03:20:25',3600,'2019-01-30 03:20:25'),('D5mn6IdDPD4A9WFPZTwwbtNDnCGR7tkuMn7A68LO',156,'2019-01-28 06:53:34',157680000,'2019-01-11 05:59:28'),('dbGaDCwgzsas7hzmvPRyDa4xHKw9QPd3J85TLVDJ',128,'2019-01-11 13:05:45',3600,'2019-01-11 13:05:45'),('dDw6HS0F2NvhFbAdP3YZCt9NSUFTesGu9enyYVjZ',151,'2019-01-10 15:54:31',157680000,'2019-01-10 13:46:09'),('DFd2lRnFO5x0h2jFMFAcxtBD0JJS1Mp3IU9w6EuL',152,'2019-02-08 04:43:50',3600,'2019-02-08 04:43:50'),('DJc9TQ5vXqRqQIgqNTswvYoLTxc0EnwxokzKkG4x',180,'2019-02-18 04:51:27',157680000,'2019-02-13 07:59:53'),('dUDo9zSQyS7DyuUKNhbjwUiaDlHCslYy9ySpFZl1',36,'2019-01-30 09:51:11',3600,'2019-01-30 09:51:11'),('E3H273hFSgbi9qsUM72rs6ub9ZzZMWGI3VI3kEv1',64,'2019-01-31 07:06:21',3600,'2019-01-31 07:06:21'),('Eb0jUvhvItkXlYKKVkIngpk2Vq8HbGmTvLea5rj2',142,'2019-01-11 04:40:02',157680000,'2019-01-10 08:30:45'),('EDXBUXSkHpkae12i3mWlvn6lUFLQ5HU5hkWWLO6J',152,'2019-01-22 23:09:10',3600,'2019-01-22 23:09:10'),('EeWhU3kUC2PuxMreOARvebmeLf1qzs5VC4MmSA2H',35,'2019-02-18 03:44:29',157680000,'2019-02-14 08:20:59'),('EfY8iCe2L4TyJwzLJ2FeFikesLC29fj1gpvqPTXv',111,'2019-02-14 05:50:15',157680000,'2019-01-09 07:36:12'),('EtAcoHawTxJ6nhVoMoEu2ykSuYZWtC1VkjFceffI',128,'2019-01-11 15:27:48',157680000,'2019-01-09 17:10:29'),('eTtsmTd3Pz0edw7r9Q9OGGnqDTl3iGwngUn8CA5r',17,'2019-01-02 14:43:13',3600,'2019-01-02 14:43:13'),('F1zIsNBYHUNAl53GKeKWubLg4EgBiyYCMrKH76BX',36,'2019-01-02 06:32:27',3600,'2019-01-02 06:32:27'),('Fc3RCP20wL4m9U2N0eYiNk4cmG34qHjR8kzx0AN0',163,'2019-01-16 11:06:53',157680000,'2019-01-16 11:01:47'),('fDXwIrb2fcbeXOaDiyvkU9Zjg4maPsSpUQifhaCN',128,'2019-02-01 17:42:38',157680000,'2019-01-11 21:46:18'),('fIVHAPRuHTbCNqm3DibEb2NL6AJEYq8N7A87M1tI',3,'2018-12-29 16:24:41',3600,'2018-12-29 16:24:41'),('fmuY9aEzrH5UY2xoZGZW8Gyv6F04MuIQg9eTCvEC',141,'2019-01-29 06:45:32',157680000,'2019-01-10 08:25:57'),('FnfLcmduRyjKaJAjAD8DXtPZeAOgVQXjWdxUBz3o',166,'2019-01-17 03:21:25',157680000,'2019-01-17 03:19:46'),('Fnps5FJZtQ39MRZeGayZ6WvUUowRYnY1UYreNX7r',128,'2019-01-22 19:07:48',3600,'2019-01-22 19:07:48'),('fos4i0AKcq0Ag9ZTLuaN1QVwAUSbWXnerbqjHqqJ',130,'2019-01-11 05:05:26',157680000,'2019-01-09 18:29:56'),('frPdRVhzddQ7TS6ZBvrZ9dlWPnt5dnz3J3xobzj2',178,'2019-02-12 08:41:20',157680000,'2019-02-12 08:14:56'),('FsAjwyodf3xwAz08tEwN7wAiMkhDH993DAgQV2M7',17,'2019-01-02 12:51:57',3600,'2019-01-02 12:51:57'),('fwwkRcA3NN8Yx19fzR8zPcan5rcaFZhBFRBDZWxH',31,'2019-02-18 04:33:51',157680000,'2019-01-07 14:36:39'),('FX7yQjJMVh9GteBOAWIy3fpJcFLmn9w0S4K67kSe',113,'2019-02-16 16:51:18',3600,'2019-02-16 16:51:18'),('fZisyG6ZTL8hBpEWGmqJl0ns6f6Au6ORsLE2opoA',128,'2019-01-10 01:27:13',3600,'2019-01-10 01:27:13'),('Ga2X2RqoNS1relpviLd3WyHdih0oDvm4z4mg1Rp6',128,'2019-01-11 00:54:27',3600,'2019-01-11 00:54:27'),('gfsAidiNauxNtmOhUFY2eZWf9UO8BQEiF2lLqHsc',126,'2019-02-13 13:10:05',157680000,'2019-01-09 13:51:53'),('GvRGzipfyrkpxLUzPV1N5YUUvMHHkWynfoonILhg',119,'2019-01-14 06:18:46',157680000,'2019-01-10 13:43:27'),('hE6SfRQaumdply7lTXZMYdsU2TkbtiCyRL4ynlwz',164,'2019-01-30 09:48:43',157680000,'2019-01-16 13:39:46'),('HINXvzBY1NpvXqzSj5N4xbG1gFCWfuhpsRjtRDpO',152,'2019-02-15 04:16:01',3600,'2019-02-15 04:16:01'),('HlwfVqt1Rn9WkINTFYq04GcPpd3spTvE9u8zscBY',128,'2019-01-17 15:30:37',3600,'2019-01-17 15:30:37'),('HQqNNf2SKyh0PYprFNABM6GwDLKheNIgJBrf02cO',119,'2019-01-12 15:27:37',157680000,'2019-01-12 15:26:58'),('I4ksvGH9dGRk14LifLN5oZGtBXwaTz1eBwdZBzvW',157,'2019-01-21 08:08:37',157680000,'2019-01-11 09:20:39'),('idhvxWpQpbnyvTGGUBIYYhI1lDaVXkMaRGcQAiQx',151,'2019-02-17 18:37:22',157680000,'2019-02-13 18:53:38'),('IQkMys7c6Vrw6naBhCqAyj6sSwX0WnVcNkxAHPlK',60,'2019-01-18 12:25:18',3600,'2019-01-18 12:25:18'),('iYsaJzNBLqTtNKzOFltzImHYaDrDdc6wV0NBhyUZ',152,'2019-01-11 02:37:39',3600,'2019-01-11 02:37:39'),('J0VfBC408PXQ7M5uozYt2wyXEXBCpvx9KwggukFE',147,'2019-01-10 12:19:10',157680000,'2019-01-10 12:15:43'),('JaqRX4Nd69sSTqCQ6NuKM1fFA8JmMXdiKxpZyXmw',139,'2019-01-10 07:24:03',157680000,'2019-01-10 07:20:28'),('JIn0Ugts8xA2TJ6D25osmVkpJG0sa2DJwlnOO8b1',155,'2019-01-11 20:32:49',157680000,'2019-01-11 02:19:06'),('Jj4azBwZMyE6gQkJaCGqLMPPGSTfJcrBQIQCKeYS',36,'2019-01-09 06:25:00',3600,'2019-01-09 06:25:00'),('JjPbh45i2pxwBEE8xPjM9uxocKv75dleVHfuOnCv',137,'2019-01-22 15:14:52',3600,'2019-01-22 15:14:52'),('jp2N27dc0jYeSsjllJHG9sMwWxCEK5XYDui9dFAC',70,'2019-01-17 11:33:12',157680000,'2019-01-03 07:25:03'),('jPdGQJfDcKSN0NPpsYqPIrqWzy6QyxXBWySOMBvo',135,'2019-01-10 04:07:57',157680000,'2019-01-10 04:05:08'),('JW5rLz3tCC87D05TAX5VuXu3z577b1q0AHVOceb8',36,'2019-01-10 02:51:05',3600,'2019-01-10 02:51:05'),('jwHWmN5Nr78jY8exgmOl1OHktt8frKcTnVFy2JSW',126,'2019-02-13 06:10:58',157680000,'2019-01-16 02:42:17'),('KAq7trf1Muoxwz5NzKT0l8pH4P45arO5s7qX9iTu',114,'2019-02-06 14:08:04',157680000,'2019-01-09 09:46:12'),('KbVXbOb58UKv2dpsmBgEKRE0LvPEJ15bQOkl1kLN',80,'2019-01-29 13:38:10',3600,'2019-01-29 13:38:10'),('KGrtjTY1KTlEcPTIFnYJfT3jORHfwrT2yfC03qmK',117,'2019-02-15 13:06:12',157680000,'2019-01-09 10:21:01'),('kiNDJVH9u9apvoDFP1RIV6tWL0iJOMrgGCoFNqX7',158,'2019-01-12 10:48:26',157680000,'2019-01-12 08:17:46'),('Klb8zw43wzVE4Xm9KJ6ut9veUhcBZcxZnGxg0DjG',128,'2019-01-09 18:39:55',3600,'2019-01-09 18:39:55'),('kpDP7QzPIFd37oL6ahQaF8SeQq5AN2uJRp45QWQV',31,'2019-01-02 20:42:39',3600,'2019-01-02 20:42:39'),('lDqELEe3hHnA02oGPf4ipRv7ivGLIztPaaNyWYIL',160,'2019-01-15 02:55:56',157680000,'2019-01-15 02:55:53'),('LFBR6eHE0huMk1QZg31l9SpwCeEuIdlsXEaWCIq8',128,'2019-01-14 18:27:46',3600,'2019-01-14 18:27:46'),('Li8H6ZaJXXx9Ht9LAiiH70taVWZPcPVwISUqZNit',31,'2019-02-15 07:09:23',3600,'2019-02-15 07:09:23'),('LRi3RoNrgvyaS5N0PjlZIrMzpqSZwrPW9Sgps2dE',152,'2019-02-13 14:48:16',3600,'2019-02-13 14:48:16'),('luIEZRjjxIcqsXdYGwkLZPzw2kVSHtaXx3q3DNG3',1,'2019-01-15 11:22:05',3600,'2019-01-15 11:22:05'),('MHpUYIy9SZTfA7l4w7D19svFGEmz3TwtEXHqidUy',144,'2019-02-08 15:10:21',157680000,'2019-01-30 09:38:44'),('MJJFJUmreQ32Cd1nY5WoDdFLt9ZhJZvRp2g0Fh2C',181,'2019-02-14 02:35:24',157680000,'2019-02-14 02:35:23'),('Mk2qyePcFxPnaakj1yvIGJIsDVuTNLMETBDXGsSz',145,'2019-01-10 12:16:40',157680000,'2019-01-10 12:14:57'),('mLPjsdaHbZWAJ6YjHW0JixZ7skmPRXFB6FyIesrn',136,'2019-01-11 05:09:31',157680000,'2019-01-10 12:24:16'),('mX4LnMEi5hPdK3ntLHqb1QjyhSTkXZQXQRg4yuJX',152,'2019-01-11 21:14:53',3600,'2019-01-11 21:14:53'),('nBTtWV0VozqXj7hylkjfvuB80PlOSnOm2jnh1jgF',113,'2019-02-15 10:24:29',3600,'2019-02-15 10:24:29'),('Nn7oP21OakWWKrJl3XxnhdAOBqFumY2lAnIZLJ1g',84,'2019-01-07 05:40:57',3600,'2019-01-07 05:40:57'),('ns0B48sVAGE9XNS3ITKeOt9qEHRWk0CfpRCYDzci',178,'2019-02-14 16:48:45',157680000,'2019-02-14 16:05:16'),('nsveovDsiwJyfnrhfUNHMfQSevA5kBTUc6ytHCx1',8,'2019-01-10 03:00:02',3600,'2019-01-10 03:00:02'),('NvLyJagkj7FstZp27jQuTA3nGFgf9akIz8m5Xdnw',84,'2019-01-08 11:39:53',3600,'2019-01-08 11:39:53'),('NVY2iWGWAZAC73mpXonMa9qEUl3Xe53CGzBQhws5',131,'2019-02-11 20:23:17',3600,'2019-02-11 20:23:17'),('nX2IvFxhmCbyLVEHrVsFoBMOYJxaD4kf1w58vTG8',152,'2019-01-22 23:09:40',3600,'2019-01-22 23:09:40'),('nz0afSyrz5mTR6tkkjlq1bUz89nzPiMPq60jS03w',64,'2019-02-14 08:19:50',3600,'2019-02-14 08:19:50'),('O4uW3mXIfWSnSNWxGRGtiGmZLqHhpJ3B9bkt6b7D',148,'2019-02-13 02:37:57',157680000,'2019-01-10 12:48:24'),('o8Z60VSWqrRggBfnD0lEKKSnjpugXIOasg0pgS5q',36,'2019-01-11 06:54:31',3600,'2019-01-11 06:54:31'),('o8zayD8DEiadmxdqhIeNT6nPkI9Uv0sTohzBeheS',31,'2019-01-07 11:54:23',3600,'2019-01-07 11:54:23'),('oGMl4LbzdIjZgJo7ACrPu5MET4bvVIQQkBTyYS7r',152,'2019-02-13 03:37:56',3600,'2019-02-13 03:37:56'),('oNf5eGnRgpvDoEHxmasesZ9mzsdzaV35t5mZMSWR',184,'2019-02-17 17:57:18',157680000,'2019-02-17 17:52:12'),('ONsD77au10qXZk8t56aK3UPGjDG730r9dqTBMhNv',62,'2019-01-17 02:28:29',157680000,'2019-01-17 02:28:02'),('ONSStvHEYkCjnSdSZfSyNRWQ69lSf1KuZx7MYn6L',1,'2019-01-15 09:13:31',3600,'2019-01-15 09:13:31'),('OQ1Cnnc2yIAfgFjM3HESJt0tiSe0dSB8jWaSQlk9',161,'2019-01-15 06:24:37',157680000,'2019-01-15 05:51:49'),('oZgeTa5U49Jlloa2uDrg66hGFmsUTIK3Cve1MscK',125,'2019-01-10 11:44:22',3600,'2019-01-10 11:44:22'),('P9pyq6cwiG06EmwQWo79wxaKlr3Q805vhScLBaqu',113,'2019-02-17 12:26:37',3600,'2019-02-17 12:26:37'),('PddGShlUlw1J5MPZ3Bq3rcSoxnQmHzr6rnM4Sxxs',124,'2019-01-11 06:04:55',157680000,'2019-01-09 11:50:30'),('pGGvQA6qiiYZ9dhSrdq6VtCjrCpPwvkqySmopo4s',131,'2019-01-22 19:06:10',3600,'2019-01-22 19:06:10'),('q4R57JRwoDGbXA4YG6VkuUgEBu4nZXd0LGpYeV6D',131,'2019-02-08 19:49:00',3600,'2019-02-08 19:49:00'),('qctw4wCfdgqMhug7Bz2zB8xw7nYSilboAC4KX2Y4',36,'2019-01-02 13:45:23',3600,'2019-01-02 13:45:23'),('QGfLa3AHxkXZXm03VRJ1WANIKlUUR70jpd4Q2zYF',84,'2019-01-08 06:08:58',3600,'2019-01-08 06:08:58'),('qVBtI2ZaGCk3xpuw8LllYpZNJ27a3p6S7LjBYSGb',127,'2019-02-18 03:16:44',157680000,'2019-01-09 16:52:42'),('QxOYxa50dTATUMa8R06Sagzjgoax2qNFCpKNwlPd',178,'2019-02-12 18:51:40',157680000,'2019-02-12 18:12:34'),('r6gWLazBx9pc43etTa6bwVRC2MUx26kYN0zOocGo',31,'2019-01-02 10:46:41',3600,'2019-01-02 10:46:41'),('RqJdpLXFOPJyfMqVTVbM4wW97uIAK0bn4qaO8AMf',135,'2019-01-15 11:39:49',3600,'2019-01-15 11:39:49'),('rTmaQXO0fvoVazwdoEorwFmrR2wETJDJ5K0nJmul',137,'2019-01-23 12:26:43',3600,'2019-01-23 12:26:43'),('S8xB7ByUu4DI97FL4lfJGN4ruExXP0a0wGLXvEPp',17,'2019-01-02 12:49:23',3600,'2019-01-02 12:49:23'),('sDD27kkPmUY7fY9mGEyt59B4WnfhaVpGWY9reYjO',36,'2019-01-08 06:10:05',3600,'2019-01-08 06:10:05'),('smSMxcI5fHgMnfGaDN90f2Vd2rlFvVWGJaYvnAUQ',64,'2019-01-29 13:37:19',3600,'2019-01-29 13:37:19'),('sr2gKP0rPYPqSiEbPKp3QS0ldBx0xn3YUBrYbngs',65,'2019-01-09 11:57:01',3600,'2019-01-09 11:57:01'),('STx8TERHvQ0U1ZR0xssuXXyGIMo44Nw9nqEFVy0Z',152,'2019-01-14 18:20:12',157680000,'2019-01-10 16:26:23'),('sYQ7fpwPCyiif0Vk6tvzJCsTUZNa4uPYiP2bHYav',144,'2019-01-15 14:55:53',157680000,'2019-01-10 11:46:07'),('tBOatK8WRBh9IwgUcifqTLK0by4HPXR2gPr9YpfA',151,'2019-02-13 10:34:12',3600,'2019-02-13 10:34:12'),('tTYSFHdORy8w6fJKOQJOH3dFYDjhM15YNbnuTf4C',62,'2019-01-30 10:45:35',157680000,'2019-01-02 12:48:15'),('twadsPtE0P3SKEM3ojxUccc4CUTYsCHlIf2UY9E4',128,'2019-01-11 19:05:30',3600,'2019-01-11 19:05:30'),('U7xA39kmmf9DUXTgCfJgZGRhdKf7h2rkiPBRPvUt',129,'2019-01-09 17:45:43',157680000,'2019-01-09 17:38:05'),('uB6ipOdwVHWV2ziqgXjVxEI2HPDu5Ay7kILNjuIN',178,'2019-02-15 11:03:41',3600,'2019-02-15 11:03:41'),('UCUZBqX1DZHdkR1GQjUhepFfB1meGESgSik1xpgL',152,'2019-01-26 16:56:29',3600,'2019-01-26 16:56:29'),('uN9VvBHQkALGzAVsLpjtrJKLobelm4qu3HepxhGT',65,'2019-02-14 09:53:38',157680000,'2019-01-25 12:27:23'),('UNfw8VsKH4kjBQrGRTIye6QTQpfeqNRmCfR7Qjyt',36,'2019-01-15 10:33:51',3600,'2019-01-15 10:33:51'),('UtLTDY50LjX2SUojT3wksB02QSxlgfGSqWeCQZk4',37,'2019-02-18 02:39:54',157680000,'2019-01-02 12:59:05'),('V6cu3jQlrLvzGCXc0fa4FXnCmwlwxther96bwe6W',128,'2019-01-09 23:58:44',3600,'2019-01-09 23:58:44'),('v9mCYMLoC5JPaLPHp4YoOJgX1Vkma6T4E12srqAF',36,'2019-01-18 04:52:04',3600,'2019-01-18 04:52:04'),('VBGI1ZwhlIIBwFGh1upcbEi6dOAFL0dapHxiK8qC',159,'2019-01-14 12:03:54',157680000,'2019-01-12 15:11:15'),('vbsbH9qjgdHMqr0Pv6GnFiy4fMGlvx1n8pS6wWJK',33,'2019-02-14 08:32:20',157680000,'2019-01-02 06:28:06'),('VhF0Mika9Q2KL9XwnER1GIWp88NUBikpK2SrMidD',176,'2019-01-30 08:38:34',157680000,'2019-01-30 08:38:33'),('vliQnCclaW42Tho1PTVG0i3yFdppdmuAaejnqXMj',64,'2019-02-01 16:20:38',3600,'2019-02-01 16:20:38'),('VWpacIxL8jLTclgn3H2d7Ap5A7MgQsD4NUxwW6C0',116,'2019-02-18 01:55:52',157680000,'2019-01-09 10:06:45'),('w8OjOM1pinxK4mLkWEhNvHymp7rSe8SpKpNBLKZq',136,'2019-01-11 03:53:29',3600,'2019-01-11 03:53:29'),('wcS7tUQxkx6Rr3bmvtuJ51p0WB2zVlAS7w4xrjlk',146,'2019-02-13 00:26:17',157680000,'2019-01-10 12:15:38'),('WeBipnaSIZkWjESklY6Mz4VEhhwYsooT9qWfGbNT',131,'2019-01-15 18:06:05',3600,'2019-01-15 18:06:05'),('wkqpTX8PPnU1j0LKNYQmlAdhORh6PRDCRz6sTKGe',151,'2019-02-14 16:59:57',157680000,'2019-02-14 16:59:57'),('WVn7vmKzIFlxDbgD2KHMjRgjEpclBywq0tDoE5Sw',138,'2019-01-30 07:24:46',157680000,'2019-01-10 06:36:42'),('xCKsAlNr9XhY3GS1mF6CSAaHJL5v1mS3S2YNvN4q',36,'2019-01-15 04:51:40',3600,'2019-01-15 04:51:40'),('XCp1s7Ala3czglrKf6VhpvyBSCxbzowResWU3OuD',36,'2019-01-11 02:13:27',3600,'2019-01-11 02:13:27'),('XK8UUs0EkkJ8OeqlezNYyU4QwFwuqhOUpKM3OOUM',118,'2019-01-10 12:55:49',157680000,'2019-01-09 10:33:26'),('xLOMFZCYYo2phVxi6v8ZpOyfYjfIjhrMwZYUBg23',121,'2019-01-10 13:38:50',157680000,'2019-01-09 11:15:36'),('xVz7ZYvzj4ZXVkKgdvL6V9xq1p6JYRK5l5owagWu',60,'2019-01-16 13:20:28',3600,'2019-01-16 13:20:28'),('ycxrkYAtILsdDGuPcRVVJegJkqz37HTzPGMS5lfF',137,'2019-01-22 15:17:02',3600,'2019-01-22 15:17:02'),('YHUUKPId56EDKvGUhWp6sshwHvMIm3kASvLcvbbN',126,'2019-02-14 05:41:57',157680000,'2019-02-14 05:38:34'),('yIO1uR6D9GaUcV1wEQmVkLcBu16R0CSkg5aetL3j',154,'2019-02-03 08:44:55',157680000,'2019-01-10 22:54:30'),('yOBK1Cu1r8CNQkmlsrIyvcUHPrdapujOlX6FT8Qi',152,'2019-01-18 04:22:23',3600,'2019-01-18 04:22:23'),('ywg586DLbYMmeO8SMgxgWsX1v299TG8kzsc0tU0K',168,'2019-02-17 04:59:01',157680000,'2019-01-22 12:06:47'),('YyswgNoo9U8ykRvbLZ9Y7Xu0j578Bef1WUUvNe08',152,'2019-02-08 04:16:13',3600,'2019-02-08 04:16:13'),('zgRq6SJZKbhqvxVAbjVFyZzarsES67yCCQZ1RrMH',109,'2019-02-01 09:42:28',157680000,'2019-01-09 03:48:43'),('ZhMGSirpkdOYX7Yd0h1YpDa1iFaW6fBBW6nnpuRB',174,'2019-01-29 13:15:59',157680000,'2019-01-29 13:05:38'),('zI55MkDC7YKlcFKPcjZS44AOt4K2scD2wdPkh36T',175,'2019-01-30 01:38:17',157680000,'2019-01-30 01:37:46'),('ZOmZ5nWmbUP6iyb53iKuxickeZsRQoXiGU2AAPze',169,'2019-01-23 05:51:52',157680000,'2019-01-23 05:49:22'),('ZtvozicMrwZyqWb0EecUKrVCDP5FSD5y8YwYGw9X',80,'2019-02-18 03:00:52',157680000,'2019-01-30 10:10:34');
/*!40000 ALTER TABLE `access_tokens` ENABLE KEYS */;
UNLOCK TABLES;

--
-- Table structure for table `api_keys`
--

DROP TABLE IF EXISTS `api_keys`;
/*!40101 SET @saved_cs_client     = @@character_set_client */;
/*!40101 SET character_set_client = utf8 */;
CREATE TABLE `api_keys` (
  `key` varchar(100) COLLATE utf8mb4_unicode_ci NOT NULL,
  `id` int(10) unsigned NOT NULL AUTO_INCREMENT,
  `allowed_ips` varchar(255) COLLATE utf8mb4_unicode_ci DEFAULT NULL,
  `scopes` varchar(255) COLLATE utf8mb4_unicode_ci DEFAULT NULL,
  `user_id` int(10) unsigned DEFAULT NULL,
  `created_at` datetime NOT NULL,
  `last_activity_at` datetime DEFAULT NULL,
  PRIMARY KEY (`id`),
  UNIQUE KEY `api_keys_key_unique` (`key`),
  KEY `api_keys_user_id_foreign` (`user_id`),
  CONSTRAINT `api_keys_user_id_foreign` FOREIGN KEY (`user_id`) REFERENCES `users` (`id`) ON DELETE CASCADE
) ENGINE=InnoDB DEFAULT CHARSET=utf8mb4 COLLATE=utf8mb4_unicode_ci;
/*!40101 SET character_set_client = @saved_cs_client */;

--
-- Dumping data for table `api_keys`
--

LOCK TABLES `api_keys` WRITE;
/*!40000 ALTER TABLE `api_keys` DISABLE KEYS */;
/*!40000 ALTER TABLE `api_keys` ENABLE KEYS */;
UNLOCK TABLES;

--
-- Table structure for table `avatar4eg_geotags`
--

DROP TABLE IF EXISTS `avatar4eg_geotags`;
/*!40101 SET @saved_cs_client     = @@character_set_client */;
/*!40101 SET character_set_client = utf8 */;
CREATE TABLE `avatar4eg_geotags` (
  `id` int(10) unsigned NOT NULL AUTO_INCREMENT,
  `user_id` int(10) unsigned DEFAULT NULL,
  `post_id` int(10) unsigned NOT NULL,
  `title` varchar(255) COLLATE utf8mb4_unicode_ci DEFAULT NULL,
  `country` varchar(255) COLLATE utf8mb4_unicode_ci NOT NULL,
  `lat` decimal(11,8) NOT NULL,
  `lng` decimal(11,8) NOT NULL,
  `created_at` timestamp NOT NULL DEFAULT CURRENT_TIMESTAMP ON UPDATE CURRENT_TIMESTAMP,
  PRIMARY KEY (`id`)
) ENGINE=InnoDB DEFAULT CHARSET=utf8mb4 COLLATE=utf8mb4_unicode_ci;
/*!40101 SET character_set_client = @saved_cs_client */;

--
-- Dumping data for table `avatar4eg_geotags`
--

LOCK TABLES `avatar4eg_geotags` WRITE;
/*!40000 ALTER TABLE `avatar4eg_geotags` DISABLE KEYS */;
/*!40000 ALTER TABLE `avatar4eg_geotags` ENABLE KEYS */;
UNLOCK TABLES;

--
-- Table structure for table `discussion_tag`
--

DROP TABLE IF EXISTS `discussion_tag`;
/*!40101 SET @saved_cs_client     = @@character_set_client */;
/*!40101 SET character_set_client = utf8 */;
CREATE TABLE `discussion_tag` (
  `discussion_id` int(10) unsigned NOT NULL,
  `tag_id` int(10) unsigned NOT NULL,
  PRIMARY KEY (`discussion_id`,`tag_id`),
  KEY `discussion_tag_tag_id_foreign` (`tag_id`),
  CONSTRAINT `discussion_tag_discussion_id_foreign` FOREIGN KEY (`discussion_id`) REFERENCES `discussions` (`id`) ON DELETE CASCADE,
  CONSTRAINT `discussion_tag_tag_id_foreign` FOREIGN KEY (`tag_id`) REFERENCES `tags` (`id`) ON DELETE CASCADE
) ENGINE=InnoDB DEFAULT CHARSET=utf8mb4 COLLATE=utf8mb4_unicode_ci;
/*!40101 SET character_set_client = @saved_cs_client */;

--
-- Dumping data for table `discussion_tag`
--

LOCK TABLES `discussion_tag` WRITE;
/*!40000 ALTER TABLE `discussion_tag` DISABLE KEYS */;
INSERT INTO `discussion_tag` VALUES (7,1),(25,1),(34,1),(43,1),(49,1),(55,1),(62,1),(64,1),(70,1),(13,2),(25,2),(27,2),(31,2),(38,2),(44,2),(46,2),(51,2),(52,2),(53,2),(55,2),(57,2),(58,2),(66,2),(70,2),(74,2),(26,3),(46,3),(57,3),(70,3),(19,4),(22,4),(30,4),(32,4),(36,4),(37,4),(45,4),(53,4),(66,4),(68,4),(21,5),(23,5),(24,5),(28,5),(59,5),(2,6),(3,6),(29,6),(5,7),(6,7),(9,7),(10,7),(11,7),(12,7),(14,7),(19,7),(22,7),(32,7),(36,7),(37,7),(45,7),(34,8),(62,8),(43,10),(20,11),(61,11),(18,12),(21,12),(33,12),(39,12),(67,12),(70,12),(71,12),(17,13),(33,13),(40,13),(44,13),(15,15),(16,15),(41,15),(42,15),(47,15),(48,15),(50,15),(54,15),(56,15),(63,15),(65,15),(69,15),(72,15),(73,15),(47,16),(63,16),(72,16),(47,17),(69,17),(41,18),(15,19),(50,19),(42,22),(16,24),(48,24),(56,24),(65,24),(38,25),(20,26),(25,28),(44,28),(51,28),(52,28),(53,28),(55,28);
/*!40000 ALTER TABLE `discussion_tag` ENABLE KEYS */;
UNLOCK TABLES;

--
-- Table structure for table `discussion_user`
--

DROP TABLE IF EXISTS `discussion_user`;
/*!40101 SET @saved_cs_client     = @@character_set_client */;
/*!40101 SET character_set_client = utf8 */;
CREATE TABLE `discussion_user` (
  `user_id` int(10) unsigned NOT NULL,
  `discussion_id` int(10) unsigned NOT NULL,
  `last_read_at` datetime DEFAULT NULL,
  `last_read_post_number` int(10) unsigned DEFAULT NULL,
  `subscription` enum('follow','ignore') COLLATE utf8mb4_unicode_ci DEFAULT NULL,
  PRIMARY KEY (`user_id`,`discussion_id`),
  KEY `discussion_user_discussion_id_foreign` (`discussion_id`),
  CONSTRAINT `discussion_user_discussion_id_foreign` FOREIGN KEY (`discussion_id`) REFERENCES `discussions` (`id`) ON DELETE CASCADE,
  CONSTRAINT `discussion_user_user_id_foreign` FOREIGN KEY (`user_id`) REFERENCES `users` (`id`) ON DELETE CASCADE
) ENGINE=InnoDB DEFAULT CHARSET=utf8mb4 COLLATE=utf8mb4_unicode_ci;
/*!40101 SET character_set_client = @saved_cs_client */;

--
-- Dumping data for table `discussion_user`
--

LOCK TABLES `discussion_user` WRITE;
/*!40000 ALTER TABLE `discussion_user` DISABLE KEYS */;
INSERT INTO `discussion_user` VALUES (1,2,'2019-01-03 06:35:20',11,NULL),(1,3,'2019-01-09 05:57:26',2,NULL),(1,5,'2019-01-09 08:40:10',2,NULL),(1,6,'2019-01-09 11:03:15',17,NULL),(1,7,'2019-01-03 05:32:23',2,NULL),(1,9,'2019-01-04 06:26:49',2,NULL),(1,10,'2019-01-09 11:00:38',1,NULL),(1,11,'2019-01-09 12:51:23',5,NULL),(1,12,'2019-01-07 09:55:14',1,NULL),(1,13,'2019-01-03 05:33:54',1,NULL),(1,14,'2019-01-09 11:00:36',1,NULL),(1,15,'2019-01-09 05:53:56',1,NULL),(1,16,'2019-01-09 12:51:47',4,NULL),(1,17,'2019-01-09 11:01:04',1,NULL),(1,18,'2019-01-09 11:55:21',1,NULL),(1,19,'2019-01-09 12:51:18',1,NULL),(1,20,'2019-01-09 13:11:21',2,NULL),(1,34,'2019-01-17 03:00:29',2,NULL),(8,9,'2019-01-15 10:50:43',4,NULL),(8,16,'2019-01-10 03:08:22',11,NULL),(8,29,'2019-01-10 03:25:06',2,NULL),(8,46,'2019-01-21 09:34:43',3,NULL),(17,11,'2019-01-02 15:02:42',2,NULL),(17,12,'2019-01-02 14:59:16',1,NULL),(17,16,'2019-01-10 14:23:47',50,'follow'),(17,20,'2019-01-11 02:43:58',21,NULL),(17,34,'2019-01-16 08:07:59',1,NULL),(17,50,'2019-01-25 03:34:03',8,NULL),(17,57,'2019-01-31 11:50:18',6,NULL),(17,65,'2019-02-06 15:19:16',1,NULL),(17,69,'2019-02-18 04:09:01',9,NULL),(31,2,'2019-01-02 13:12:22',9,NULL),(31,3,'2019-01-11 03:54:33',5,NULL),(31,5,'2019-01-02 13:12:46',2,'follow'),(31,6,'2019-01-02 13:13:29',1,NULL),(31,7,'2019-01-02 13:29:58',2,NULL),(31,9,'2019-01-17 09:10:31',4,'follow'),(31,10,'2019-01-02 14:07:32',1,NULL),(31,11,'2019-01-11 03:54:03',8,NULL),(31,12,'2019-01-03 07:37:36',1,NULL),(31,13,'2019-01-16 07:58:54',3,NULL),(31,14,'2019-01-03 07:36:26',1,NULL),(31,15,'2019-01-09 08:36:56',1,NULL),(31,16,'2019-01-26 18:43:26',56,NULL),(31,17,'2019-01-09 12:08:33',1,NULL),(31,18,'2019-01-10 14:14:45',2,NULL),(31,19,'2019-01-16 05:03:45',4,NULL),(31,20,'2019-01-26 18:43:20',37,NULL),(31,21,'2019-01-09 20:17:09',1,NULL),(31,22,'2019-01-09 20:25:43',1,NULL),(31,23,'2019-01-09 20:29:07',2,NULL),(31,24,'2019-01-09 21:16:15',2,NULL),(31,25,'2019-01-26 18:15:37',3,NULL),(31,26,'2019-01-09 21:03:19',2,NULL),(31,27,'2019-01-11 06:25:12',3,NULL),(31,28,'2019-01-09 21:18:01',1,NULL),(31,29,'2019-01-17 09:13:53',2,NULL),(31,30,'2019-01-10 06:22:01',2,NULL),(31,31,'2019-01-16 07:58:32',1,NULL),(31,32,'2019-01-16 07:59:17',3,NULL),(31,33,'2019-01-20 12:00:55',5,NULL),(31,34,'2019-01-17 08:48:19',2,NULL),(31,36,'2019-01-21 07:36:48',4,NULL),(31,37,'2019-01-17 09:17:54',2,NULL),(31,38,'2019-01-17 08:14:21',1,NULL),(31,39,'2019-01-17 08:53:19',1,NULL),(31,40,'2019-01-17 08:59:05',1,NULL),(31,41,'2019-01-17 09:10:20',1,NULL),(31,42,'2019-01-20 12:00:45',2,NULL),(31,43,'2019-01-17 09:31:51',1,NULL),(31,44,'2019-01-26 18:14:22',2,NULL),(31,45,'2019-01-20 12:01:56',3,NULL),(31,46,'2019-01-25 13:31:57',23,NULL),(31,47,'2019-01-29 13:34:04',4,NULL),(31,48,'2019-02-12 08:49:11',14,NULL),(31,49,'2019-02-13 05:51:18',6,NULL),(31,50,'2019-01-26 18:43:01',13,NULL),(31,51,'2019-01-26 18:20:21',1,NULL),(31,52,'2019-01-26 18:27:43',1,NULL),(31,53,'2019-01-26 18:41:27',1,NULL),(31,54,'2019-01-29 10:13:59',1,NULL),(31,55,'2019-01-30 09:36:33',2,NULL),(31,56,'2019-01-30 09:44:10',5,NULL),(31,57,'2019-02-14 09:59:29',9,NULL),(31,58,'2019-01-30 09:42:50',1,NULL),(31,59,'2019-01-30 09:58:03',1,NULL),(31,61,'2019-01-30 10:03:46',2,NULL),(31,62,'2019-02-01 09:02:10',1,NULL),(31,63,'2019-02-01 10:14:50',1,NULL),(31,64,'2019-02-06 10:44:21',2,NULL),(31,65,'2019-02-12 08:45:43',5,NULL),(31,66,'2019-02-12 09:00:38',2,NULL),(31,67,'2019-02-15 11:07:56',14,NULL),(31,68,'2019-02-13 04:51:54',4,NULL),(31,69,'2019-02-17 13:58:34',9,NULL),(31,70,'2019-02-15 09:12:31',2,NULL),(31,71,'2019-02-17 13:58:16',8,NULL),(31,72,'2019-02-17 13:52:14',3,NULL),(31,73,'2019-02-17 13:52:41',2,NULL),(33,2,'2019-01-03 04:15:23',9,'follow'),(33,3,'2019-01-16 12:39:47',5,'follow'),(33,5,'2019-01-07 12:18:56',2,NULL),(33,6,'2019-01-02 12:52:15',1,NULL),(33,7,'2019-01-02 13:06:19',2,NULL),(33,9,'2019-01-03 04:15:54',2,NULL),(33,10,'2019-01-03 04:16:37',1,NULL),(33,11,'2019-01-16 12:39:22',8,NULL),(33,15,'2019-01-09 08:37:33',1,NULL),(33,16,'2019-01-24 03:10:16',56,NULL),(33,26,'2019-01-22 03:51:48',2,NULL),(33,34,'2019-01-16 12:38:25',2,NULL),(33,36,'2019-01-31 07:14:16',4,NULL),(33,42,'2019-01-24 08:10:53',2,NULL),(33,46,'2019-01-30 03:56:11',24,NULL),(33,48,'2019-01-25 12:51:30',1,NULL),(33,50,'2019-01-25 12:52:11',10,NULL),(33,55,'2019-01-31 07:14:32',2,NULL),(33,56,'2019-01-30 07:52:06',4,NULL),(33,57,'2019-02-14 08:32:17',9,NULL),(33,62,'2019-02-14 08:21:54',1,NULL),(34,2,'2019-01-02 13:12:56',9,'follow'),(34,3,'2019-01-02 12:52:31',2,NULL),(34,5,'2019-01-02 12:50:42',1,NULL),(34,7,'2019-01-02 13:06:34',2,NULL),(34,16,'2019-01-15 12:03:38',51,NULL),(34,20,'2019-01-11 04:45:21',30,NULL),(34,56,'2019-01-30 07:51:29',4,NULL),(34,69,'2019-02-14 08:28:07',8,NULL),(35,2,'2019-02-14 08:21:09',8,NULL),(35,3,'2019-01-11 03:07:21',5,NULL),(35,5,'2019-01-11 09:59:06',2,NULL),(35,6,'2019-01-02 12:52:12',1,NULL),(35,7,'2019-01-02 13:00:07',1,NULL),(35,9,'2019-01-22 06:36:22',4,NULL),(35,10,'2019-01-11 09:59:11',1,NULL),(35,11,'2019-01-11 09:59:15',8,NULL),(35,12,'2019-01-03 02:47:09',1,NULL),(35,13,'2019-01-11 03:10:32',3,NULL),(35,15,'2019-01-11 03:10:09',1,NULL),(35,16,'2019-01-23 08:11:05',56,NULL),(35,17,'2019-01-11 09:57:16',2,NULL),(35,18,'2019-01-11 09:57:48',2,NULL),(35,19,'2019-01-11 03:10:16',3,NULL),(35,20,'2019-01-11 09:58:29',33,NULL),(35,21,'2019-01-11 03:10:47',1,NULL),(35,22,'2019-01-11 12:54:59',1,NULL),(35,23,'2019-01-14 04:23:37',2,NULL),(35,25,'2019-01-11 09:58:49',1,NULL),(35,27,'2019-01-11 09:58:02',3,NULL),(35,28,'2019-01-11 12:54:47',1,NULL),(35,31,'2019-01-11 12:54:22',1,NULL),(35,32,'2019-01-14 02:34:02',2,NULL),(35,33,'2019-01-22 06:39:46',5,NULL),(35,34,'2019-01-21 06:24:17',2,NULL),(35,37,'2019-01-22 06:38:45',2,NULL),(35,38,'2019-01-21 05:05:01',1,NULL),(35,40,'2019-01-22 07:58:18',1,NULL),(35,41,'2019-01-22 06:36:59',1,NULL),(35,42,'2019-01-22 06:38:27',2,NULL),(35,44,'2019-01-21 05:05:08',1,NULL),(35,46,'2019-01-23 06:50:10',18,NULL),(35,47,'2019-02-15 11:37:48',4,NULL),(35,48,'2019-01-23 06:51:00',8,NULL),(35,49,'2019-01-23 05:45:54',2,NULL),(35,50,'2019-01-29 05:40:17',13,NULL),(35,54,'2019-02-14 08:22:41',1,NULL),(35,55,'2019-02-15 06:54:40',2,NULL),(35,57,'2019-02-14 10:07:54',9,NULL),(35,58,'2019-02-15 03:09:20',1,NULL),(35,59,'2019-02-15 03:08:45',1,NULL),(35,61,'2019-02-14 08:22:11',2,NULL),(35,62,'2019-02-15 03:08:58',1,NULL),(35,64,'2019-02-14 08:23:20',2,NULL),(35,66,'2019-02-15 03:01:38',2,NULL),(35,67,'2019-02-15 03:09:28',12,NULL),(35,68,'2019-02-14 08:23:10',4,NULL),(35,69,'2019-02-14 08:21:32',8,NULL),(35,70,'2019-02-15 11:34:11',2,NULL),(35,71,'2019-02-15 11:33:11',3,NULL),(36,2,'2019-01-03 07:33:59',9,NULL),(36,3,'2019-01-10 02:53:28',3,NULL),(36,5,'2019-01-02 13:45:38',2,NULL),(36,6,'2019-01-02 13:45:42',1,NULL),(36,7,'2019-01-09 06:25:01',2,NULL),(36,9,'2019-01-15 04:59:32',4,'follow'),(36,10,'2019-01-03 07:33:33',1,NULL),(36,11,'2019-01-12 06:59:34',9,'follow'),(36,12,'2019-01-03 07:32:44',1,NULL),(36,13,'2019-01-10 03:51:19',3,'follow'),(36,14,'2019-01-03 07:32:35',1,NULL),(36,15,'2019-01-10 03:24:14',1,NULL),(36,16,'2019-01-09 13:30:29',4,NULL),(36,17,'2019-01-10 03:49:22',2,NULL),(36,18,'2019-01-10 03:49:31',2,NULL),(36,19,'2019-01-12 06:58:38',4,'follow'),(36,20,'2019-01-30 09:51:27',36,NULL),(36,21,'2019-01-10 02:51:49',1,NULL),(36,22,'2019-01-10 02:52:11',1,NULL),(36,23,'2019-01-15 10:36:36',2,NULL),(36,24,'2019-01-10 02:58:20',2,NULL),(36,25,'2019-01-10 03:41:13',1,NULL),(36,26,'2019-01-10 03:44:33',2,NULL),(36,27,'2019-01-10 03:50:16',2,NULL),(36,29,'2019-01-10 03:06:04',1,'follow'),(36,30,'2019-01-11 04:07:14',2,'follow'),(36,32,'2019-01-12 06:46:32',2,NULL),(36,33,'2019-01-18 04:52:07',4,NULL),(36,56,'2019-01-29 13:54:25',3,NULL),(36,61,'2019-01-30 10:02:14',2,'follow'),(37,2,'2019-01-02 13:12:16',9,'follow'),(37,3,'2019-01-10 03:19:56',4,'follow'),(37,5,'2019-01-02 12:57:37',1,NULL),(37,6,'2019-01-04 12:09:35',3,NULL),(37,7,'2019-01-02 12:59:11',1,NULL),(37,9,'2019-01-29 06:52:29',4,NULL),(37,11,'2019-01-10 09:47:38',8,NULL),(37,15,'2019-01-09 08:34:53',1,NULL),(37,16,'2019-01-23 11:02:23',56,'follow'),(37,17,'2019-01-29 07:36:33',2,NULL),(37,20,'2019-01-24 07:25:59',37,'follow'),(37,22,'2019-01-11 04:45:55',1,NULL),(37,25,'2019-01-28 08:28:36',3,NULL),(37,27,'2019-01-11 04:27:06',2,NULL),(37,29,'2019-01-10 03:20:06',2,NULL),(37,30,'2019-01-11 07:09:46',2,NULL),(37,31,'2019-01-12 18:50:37',1,NULL),(37,32,'2019-01-14 07:52:10',2,NULL),(37,33,'2019-01-23 11:58:11',5,NULL),(37,34,'2019-01-16 08:07:03',1,NULL),(37,36,'2019-01-21 03:14:39',4,NULL),(37,42,'2019-01-25 12:52:04',2,NULL),(37,45,'2019-01-27 06:30:55',3,NULL),(37,46,'2019-01-27 06:30:39',23,NULL),(37,47,'2019-01-24 06:28:23',2,NULL),(37,48,'2019-01-24 06:28:09',9,NULL),(37,49,'2019-01-25 12:52:27',2,NULL),(37,50,'2019-01-27 06:30:24',13,NULL),(37,51,'2019-01-28 08:28:24',1,NULL),(37,52,'2019-01-28 08:28:17',1,NULL),(37,53,'2019-01-27 06:31:44',1,NULL),(37,56,'2019-01-31 06:27:38',5,NULL),(37,67,'2019-02-18 02:18:16',14,NULL),(37,69,'2019-02-15 10:37:34',8,NULL),(38,9,'2019-01-18 07:31:20',4,NULL),(38,16,'2019-01-18 07:38:18',49,NULL),(38,26,'2019-01-18 07:41:04',2,NULL),(38,33,'2019-01-18 07:33:35',3,NULL),(38,34,'2019-01-18 07:35:02',2,NULL),(38,41,'2019-01-18 07:32:46',1,NULL),(38,45,'2019-01-18 07:38:53',1,NULL),(60,2,'2019-01-09 12:38:59',9,NULL),(60,3,'2019-01-09 12:16:36',2,NULL),(60,5,'2019-01-10 02:49:42',3,NULL),(60,6,'2019-01-15 09:05:56',19,NULL),(60,7,'2019-01-09 12:39:01',2,NULL),(60,9,'2019-01-15 10:51:13',4,NULL),(60,10,'2019-01-09 12:38:52',1,NULL),(60,11,'2019-01-09 12:38:41',5,NULL),(60,12,'2019-01-09 12:38:50',1,NULL),(60,13,'2019-02-18 04:37:26',3,NULL),(60,14,'2019-01-15 05:27:58',1,NULL),(60,16,'2019-01-10 03:10:45',11,NULL),(60,17,'2019-01-09 12:38:44',1,NULL),(60,18,'2019-01-09 11:55:33',1,NULL),(60,19,'2019-01-09 12:38:39',1,NULL),(60,29,'2019-01-10 03:11:15',2,NULL),(60,32,'2019-01-15 05:28:18',2,NULL),(60,34,'2019-01-16 13:20:32',2,NULL),(60,47,'2019-02-18 04:58:02',3,NULL),(60,50,'2019-02-18 04:43:34',13,NULL),(60,54,'2019-02-18 04:47:29',1,NULL),(60,56,'2019-02-18 04:42:59',5,NULL),(60,58,'2019-02-18 04:43:03',1,NULL),(60,69,'2019-02-18 04:58:33',3,NULL),(60,72,'2019-02-18 04:57:32',3,NULL),(60,73,'2019-02-18 04:47:54',2,NULL),(62,3,'2019-01-10 02:56:58',3,NULL),(62,6,'2019-01-10 02:51:35',18,NULL),(62,16,'2019-01-24 12:13:23',56,NULL),(62,20,'2019-01-11 05:56:11',33,'follow'),(62,34,'2019-01-17 02:28:29',2,NULL),(62,46,'2019-01-24 12:17:27',23,NULL),(62,48,'2019-01-30 10:45:33',13,NULL),(62,56,'2019-01-29 13:37:22',3,NULL),(63,2,'2019-01-02 13:08:30',9,NULL),(63,3,'2019-01-02 13:46:43',2,NULL),(63,6,'2019-01-02 12:59:22',1,NULL),(63,7,'2019-01-02 13:00:36',2,NULL),(63,9,'2019-01-02 13:46:12',2,NULL),(63,56,'2019-01-29 13:36:43',2,NULL),(64,2,'2019-01-09 09:23:22',9,NULL),(64,3,'2019-01-11 10:19:04',5,NULL),(64,5,'2019-01-02 13:52:17',2,NULL),(64,6,'2019-01-11 03:34:27',18,NULL),(64,7,'2019-01-02 15:07:31',2,NULL),(64,10,'2019-01-02 13:53:27',1,NULL),(64,11,'2019-01-02 15:06:49',2,NULL),(64,12,'2019-01-02 15:06:56',1,NULL),(64,15,'2019-02-01 16:20:45',2,NULL),(64,16,'2019-01-23 06:36:12',56,NULL),(64,19,'2019-01-11 10:16:53',3,NULL),(64,20,'2019-01-29 09:17:40',37,NULL),(64,21,'2019-01-11 03:34:44',1,NULL),(64,24,'2019-01-16 14:48:30',2,NULL),(64,26,'2019-01-10 04:18:09',2,NULL),(64,27,'2019-01-11 03:34:08',2,NULL),(64,28,'2019-01-11 10:18:27',1,NULL),(64,29,'2019-01-16 09:18:47',2,NULL),(64,30,'2019-01-11 10:17:02',2,NULL),(64,31,'2019-01-11 10:32:56',1,NULL),(64,32,'2019-01-13 02:06:06',2,NULL),(64,33,'2019-01-20 16:39:30',5,NULL),(64,34,'2019-01-16 08:17:40',2,NULL),(64,36,'2019-01-20 02:51:05',3,NULL),(64,41,'2019-01-20 02:50:51',1,NULL),(64,42,'2019-01-20 02:54:20',2,NULL),(64,45,'2019-01-20 02:54:09',2,NULL),(64,46,'2019-01-29 09:18:20',24,NULL),(64,47,'2019-01-22 09:50:11',2,NULL),(64,49,'2019-01-28 06:11:24',2,NULL),(64,50,'2019-01-27 06:12:48',13,NULL),(64,52,'2019-01-28 06:16:00',1,NULL),(64,54,'2019-01-30 03:20:49',1,NULL),(64,56,'2019-02-01 16:21:44',5,NULL),(64,57,'2019-02-01 16:21:21',8,NULL),(64,62,'2019-01-31 07:16:30',1,NULL),(64,66,'2019-02-14 08:20:42',2,NULL),(64,67,'2019-02-14 08:21:15',11,NULL),(64,69,'2019-02-14 08:19:53',7,NULL),(65,2,'2019-01-02 14:34:46',9,NULL),(65,3,'2019-01-02 14:37:35',2,NULL),(65,5,'2019-01-02 14:26:47',2,NULL),(65,6,'2019-01-05 11:12:10',3,NULL),(65,7,'2019-01-02 14:26:59',2,NULL),(65,9,'2019-01-02 14:28:30',2,NULL),(65,10,'2019-01-02 14:27:06',1,NULL),(65,11,'2019-01-03 14:49:49',3,NULL),(65,12,'2019-01-02 15:27:44',1,NULL),(65,14,'2019-01-03 13:29:57',1,NULL),(65,16,'2019-01-09 10:28:11',3,'follow'),(65,17,'2019-01-09 11:55:12',1,NULL),(65,50,'2019-01-25 12:28:18',10,NULL),(65,56,'2019-01-30 03:22:20',1,NULL),(65,65,'2019-02-12 08:00:10',5,NULL),(69,2,'2019-01-03 07:20:11',9,NULL),(69,3,'2019-01-03 07:19:12',2,NULL),(69,9,'2019-01-03 07:18:32',2,NULL),(69,10,'2019-01-03 07:18:44',1,NULL),(69,11,'2019-01-03 07:18:57',2,NULL),(70,6,'2019-01-09 04:21:44',10,NULL),(70,7,'2019-01-10 06:31:47',2,NULL),(70,9,'2019-01-03 07:25:42',2,NULL),(70,11,'2019-01-09 04:21:32',4,NULL),(70,15,'2019-01-09 04:27:03',1,NULL),(70,16,'2019-01-14 12:10:06',51,NULL),(70,17,'2019-01-09 11:42:18',1,NULL),(70,18,'2019-01-10 05:46:34',2,NULL),(70,20,'2019-01-11 04:48:47',33,NULL),(70,24,'2019-01-10 06:30:23',2,NULL),(70,25,'2019-01-10 05:47:47',1,NULL),(80,9,'2019-01-09 13:12:25',2,NULL),(80,11,'2019-01-09 18:07:29',7,NULL),(80,16,'2019-01-09 13:11:51',4,NULL),(80,17,'2019-01-11 07:11:29',2,NULL),(80,20,'2019-01-11 06:15:58',33,NULL),(80,26,'2019-01-10 05:35:55',2,NULL),(80,27,'2019-01-10 03:55:46',2,NULL),(80,48,'2019-01-30 10:13:09',13,NULL),(80,56,'2019-01-30 10:10:57',5,NULL),(80,57,'2019-02-13 13:39:47',8,NULL),(80,63,'2019-02-18 03:00:36',1,NULL),(80,66,'2019-02-18 03:00:52',2,NULL),(80,74,'2019-02-18 03:00:12',2,NULL),(84,6,'2019-01-09 09:20:04',16,NULL),(84,16,'2019-02-13 05:28:30',57,NULL),(84,18,'2019-01-10 12:13:40',2,NULL),(84,20,'2019-02-13 05:42:56',39,NULL),(84,30,'2019-01-10 12:13:34',2,NULL),(84,42,'2019-02-14 05:06:30',2,NULL),(84,47,'2019-01-22 08:45:21',2,NULL),(84,48,'2019-02-13 05:27:22',14,NULL),(84,49,'2019-02-13 05:47:11',6,NULL),(84,50,'2019-01-25 03:24:45',8,NULL),(84,54,'2019-01-29 09:54:00',1,NULL),(84,56,'2019-02-05 00:15:45',5,NULL),(84,65,'2019-02-14 04:53:19',1,NULL),(84,67,'2019-02-14 05:08:12',6,NULL),(98,9,'2019-01-08 07:35:42',2,NULL),(98,14,'2019-01-08 07:36:09',1,NULL),(109,16,'2019-01-11 02:27:30',50,NULL),(109,20,'2019-01-23 02:50:54',36,NULL),(109,48,'2019-01-22 11:46:53',1,NULL),(109,49,'2019-01-23 02:52:29',1,NULL),(109,54,'2019-01-29 11:09:36',1,NULL),(109,55,'2019-01-29 11:15:52',1,NULL),(110,6,'2019-01-09 03:51:56',10,NULL),(111,2,'2019-01-09 07:37:52',9,NULL),(111,3,'2019-01-17 03:46:50',5,NULL),(111,9,'2019-01-15 06:22:16',4,NULL),(111,10,'2019-01-09 07:37:38',1,NULL),(111,12,'2019-01-09 07:37:30',1,NULL),(111,16,'2019-01-24 06:44:23',56,NULL),(111,18,'2019-01-18 03:20:14',2,NULL),(111,32,'2019-01-15 07:31:31',3,NULL),(111,33,'2019-01-21 02:41:34',5,NULL),(111,36,'2019-01-18 03:20:01',3,NULL),(111,37,'2019-01-17 03:46:24',1,NULL),(111,38,'2019-01-17 08:16:21',1,NULL),(111,41,'2019-01-18 03:19:53',1,NULL),(111,42,'2019-01-17 11:16:21',1,NULL),(111,43,'2019-01-17 11:16:15',1,NULL),(111,45,'2019-01-18 03:18:36',1,NULL),(111,46,'2019-01-24 06:44:45',21,NULL),(111,65,'2019-02-14 05:50:05',5,NULL),(111,68,'2019-02-14 05:47:43',4,NULL),(111,69,'2019-02-14 05:50:16',5,NULL),(112,2,'2019-01-09 08:33:03',9,NULL),(112,3,'2019-01-10 06:55:20',5,NULL),(112,6,'2019-01-09 09:19:13',16,NULL),(112,9,'2019-01-20 11:21:58',4,NULL),(112,11,'2019-01-11 14:57:31',9,NULL),(112,14,'2019-01-09 08:32:57',1,NULL),(112,16,'2019-01-27 13:19:58',56,NULL),(112,20,'2019-01-11 05:41:31',33,NULL),(112,23,'2019-01-20 12:16:42',2,NULL),(112,31,'2019-01-15 06:49:32',1,NULL),(112,32,'2019-01-15 06:49:26',3,NULL),(112,33,'2019-01-20 09:06:18',5,NULL),(112,34,'2019-01-17 06:18:18',2,NULL),(112,36,'2019-01-20 12:17:07',4,NULL),(112,38,'2019-01-20 08:11:29',1,NULL),(112,41,'2019-01-20 08:11:39',1,NULL),(112,42,'2019-02-15 10:25:28',2,NULL),(112,45,'2019-01-20 18:06:55',3,NULL),(112,46,'2019-01-21 13:13:05',7,NULL),(112,49,'2019-02-16 10:38:42',6,NULL),(112,50,'2019-01-27 07:22:19',13,NULL),(112,54,'2019-02-11 04:00:21',1,NULL),(112,56,'2019-01-29 14:17:43',3,NULL),(112,57,'2019-02-08 14:51:15',8,NULL),(112,61,'2019-02-08 14:38:32',2,NULL),(112,64,'2019-02-08 14:38:52',2,NULL),(112,65,'2019-02-11 03:49:38',5,NULL),(112,66,'2019-02-16 10:39:00',2,NULL),(112,67,'2019-02-16 10:39:46',14,NULL),(112,69,'2019-02-17 07:40:37',9,NULL),(112,71,'2019-02-17 07:42:08',7,NULL),(112,72,'2019-02-18 04:15:02',3,NULL),(112,73,'2019-02-16 10:20:57',1,NULL),(113,2,'2019-02-15 09:07:29',9,NULL),(113,3,'2019-01-15 01:55:29',5,NULL),(113,5,'2019-01-09 09:44:33',2,NULL),(113,9,'2019-01-18 02:23:10',4,NULL),(113,10,'2019-01-10 03:10:59',1,NULL),(113,11,'2019-01-15 01:55:25',8,NULL),(113,13,'2019-01-15 01:55:36',3,NULL),(113,16,'2019-01-28 02:24:49',56,NULL),(113,17,'2019-01-15 01:40:26',2,NULL),(113,18,'2019-02-15 09:05:20',3,NULL),(113,19,'2019-01-15 01:39:32',4,NULL),(113,20,'2019-02-03 03:06:43',39,'follow'),(113,21,'2019-02-15 09:05:06',1,NULL),(113,22,'2019-01-10 03:10:53',1,NULL),(113,23,'2019-01-15 01:40:26',2,NULL),(113,25,'2019-02-03 02:53:13',4,NULL),(113,26,'2019-01-10 03:12:12',2,NULL),(113,27,'2019-02-17 12:39:00',4,NULL),(113,29,'2019-01-10 03:12:10',2,NULL),(113,30,'2019-01-15 01:39:58',2,NULL),(113,31,'2019-01-15 01:40:50',1,NULL),(113,32,'2019-02-03 03:15:29',3,NULL),(113,33,'2019-01-21 01:29:20',5,NULL),(113,34,'2019-01-16 08:23:43',2,NULL),(113,36,'2019-01-21 01:27:33',4,NULL),(113,37,'2019-01-18 02:24:58',2,NULL),(113,38,'2019-01-21 01:31:39',1,NULL),(113,39,'2019-01-21 01:31:33',1,NULL),(113,40,'2019-01-18 02:25:41',1,NULL),(113,41,'2019-01-18 02:25:02',1,NULL),(113,42,'2019-01-21 01:30:37',2,NULL),(113,43,'2019-01-18 02:24:36',1,NULL),(113,44,'2019-02-17 12:39:14',2,NULL),(113,45,'2019-01-21 01:27:37',3,NULL),(113,46,'2019-02-17 12:39:51',24,NULL),(113,47,'2019-02-03 03:02:22',4,NULL),(113,48,'2019-02-12 06:32:44',14,NULL),(113,49,'2019-02-15 07:09:45',6,NULL),(113,50,'2019-02-03 03:06:08',13,NULL),(113,51,'2019-02-03 03:06:36',1,NULL),(113,52,'2019-02-03 03:06:24',1,NULL),(113,53,'2019-02-03 03:06:12',1,NULL),(113,54,'2019-02-03 03:03:03',1,NULL),(113,55,'2019-02-03 03:02:30',2,NULL),(113,56,'2019-02-03 03:02:17',5,NULL),(113,57,'2019-02-16 17:05:02',9,NULL),(113,58,'2019-02-03 02:54:30',1,NULL),(113,59,'2019-02-03 02:54:01',1,NULL),(113,61,'2019-02-03 02:53:53',2,NULL),(113,62,'2019-02-03 02:53:46',1,NULL),(113,63,'2019-02-03 02:53:21',1,NULL),(113,64,'2019-02-12 06:32:52',2,NULL),(113,65,'2019-02-12 06:07:17',5,NULL),(113,66,'2019-02-13 01:45:59',2,NULL),(113,67,'2019-02-16 17:02:39',14,'follow'),(113,68,'2019-02-15 08:45:22',4,NULL),(113,69,'2019-02-16 17:06:05',9,NULL),(113,70,'2019-02-16 17:03:57',2,NULL),(113,71,'2019-02-17 12:42:30',7,NULL),(113,72,'2019-02-16 17:02:09',2,NULL),(113,73,'2019-02-16 16:51:34',1,NULL),(114,2,'2019-01-09 09:49:08',9,NULL),(114,3,'2019-01-09 09:47:10',2,NULL),(114,5,'2019-01-09 09:48:41',2,NULL),(114,7,'2019-01-09 09:49:14',2,NULL),(114,9,'2019-01-09 09:46:41',2,NULL),(114,10,'2019-01-09 09:49:00',1,NULL),(114,11,'2019-01-09 09:48:33',4,NULL),(114,12,'2019-01-09 09:48:57',1,NULL),(114,14,'2019-01-09 09:48:47',1,NULL),(114,16,'2019-01-30 10:28:22',57,'follow'),(114,48,'2019-01-30 10:27:38',13,NULL),(115,9,'2019-01-19 09:31:30',4,NULL),(115,16,'2019-01-16 11:14:56',51,NULL),(115,34,'2019-01-19 08:58:38',2,NULL),(115,42,'2019-01-19 08:58:15',2,NULL),(115,67,'2019-02-13 03:26:29',3,NULL),(116,9,'2019-01-13 13:03:49',3,NULL),(116,10,'2019-01-09 10:10:59',1,NULL),(116,11,'2019-01-10 12:34:10',8,NULL),(116,16,'2019-02-01 03:36:19',57,'follow'),(116,20,'2019-01-21 23:54:21',30,NULL),(116,25,'2019-02-17 11:03:01',4,NULL),(116,31,'2019-01-13 13:04:02',1,NULL),(116,41,'2019-01-17 09:35:38',1,NULL),(116,42,'2019-01-22 12:32:42',2,NULL),(116,46,'2019-01-30 10:57:27',15,NULL),(116,47,'2019-01-30 10:57:47',4,'follow'),(116,48,'2019-02-11 03:53:46',14,'follow'),(116,49,'2019-02-16 11:04:21',6,NULL),(116,50,'2019-01-27 07:48:16',13,'follow'),(116,54,'2019-01-30 05:21:02',1,NULL),(116,56,'2019-02-01 03:36:00',5,NULL),(116,57,'2019-02-06 14:32:48',3,NULL),(116,63,'2019-02-03 02:59:24',1,NULL),(116,65,'2019-02-09 01:13:01',1,NULL),(116,68,'2019-02-15 10:08:35',4,NULL),(116,69,'2019-02-17 11:03:31',9,NULL),(116,72,'2019-02-18 01:55:52',3,'follow'),(116,73,'2019-02-16 10:54:15',1,NULL),(117,9,'2019-01-22 11:49:11',4,NULL),(117,16,'2019-01-22 11:40:03',51,NULL),(117,20,'2019-01-22 11:50:00',29,NULL),(117,25,'2019-01-22 11:50:24',2,NULL),(117,47,'2019-01-22 11:50:13',2,NULL),(117,48,'2019-02-15 13:06:12',14,NULL),(118,16,'2019-01-10 12:55:49',38,NULL),(119,9,'2019-01-09 10:46:03',2,NULL),(119,16,'2019-01-11 09:53:40',51,NULL),(119,20,'2019-01-11 07:40:34',33,NULL),(120,16,'2019-01-09 11:06:37',3,NULL),(121,16,'2019-01-10 13:38:33',43,NULL),(124,2,'2019-01-09 12:00:27',9,NULL),(124,5,'2019-01-09 12:00:36',2,NULL),(124,9,'2019-01-09 12:00:56',2,NULL),(124,12,'2019-01-09 12:00:44',1,NULL),(124,16,'2019-01-11 06:02:23',50,'follow'),(124,20,'2019-01-11 06:03:47',33,NULL),(125,16,'2019-01-22 11:50:07',51,'follow'),(125,41,'2019-01-22 11:53:19',1,NULL),(125,48,'2019-01-22 11:55:14',4,NULL),(126,2,'2019-01-09 13:53:19',9,NULL),(126,5,'2019-01-16 03:09:22',2,NULL),(126,7,'2019-01-09 13:53:51',2,NULL),(126,9,'2019-01-16 02:42:23',4,NULL),(126,11,'2019-01-10 14:01:42',8,NULL),(126,13,'2019-01-16 03:09:01',3,NULL),(126,16,'2019-01-29 08:37:20',56,NULL),(126,20,'2019-01-16 02:44:06',33,NULL),(126,21,'2019-01-10 14:02:07',1,NULL),(126,46,'2019-01-29 08:42:22',23,NULL),(126,48,'2019-01-29 08:36:44',10,NULL),(126,50,'2019-01-29 08:38:04',13,NULL),(126,52,'2019-01-29 09:06:45',1,NULL),(126,53,'2019-01-29 08:42:58',1,NULL),(126,68,'2019-02-14 05:40:51',4,NULL),(126,69,'2019-02-14 05:40:18',4,NULL),(127,3,'2019-01-15 16:55:15',5,NULL),(127,7,'2019-01-09 17:53:09',2,NULL),(127,11,'2019-01-09 16:53:43',7,NULL),(127,16,'2019-01-16 02:40:39',51,NULL),(127,19,'2019-01-09 16:53:57',1,NULL),(127,20,'2019-01-11 20:12:19',33,NULL),(127,26,'2019-01-14 18:57:43',2,NULL),(127,27,'2019-01-14 18:57:18',3,NULL),(127,31,'2019-01-14 18:56:51',1,NULL),(127,32,'2019-01-14 18:57:01',2,NULL),(127,33,'2019-01-15 16:54:19',3,NULL),(127,36,'2019-01-31 18:52:20',4,NULL),(127,46,'2019-01-31 18:52:11',12,NULL),(127,48,'2019-01-31 18:50:48',1,NULL),(127,55,'2019-01-31 18:50:57',2,NULL),(127,57,'2019-01-31 18:25:42',8,NULL),(127,58,'2019-01-31 18:52:43',1,NULL),(127,59,'2019-01-31 18:52:37',1,NULL),(127,61,'2019-01-31 18:26:35',2,NULL),(127,62,'2019-01-31 18:26:17',1,NULL),(127,64,'2019-02-05 21:32:08',1,'follow'),(127,67,'2019-02-18 03:11:47',14,'follow'),(127,69,'2019-02-18 03:16:44',2,NULL),(127,70,'2019-02-17 21:17:55',2,NULL),(127,71,'2019-02-17 21:20:40',9,NULL),(127,74,'2019-02-17 21:18:55',2,NULL),(128,2,'2019-01-09 17:10:55',9,NULL),(128,3,'2019-01-10 17:45:49',5,NULL),(128,5,'2019-01-09 18:48:27',2,NULL),(128,6,'2019-01-11 21:46:30',18,NULL),(128,7,'2019-01-09 17:10:59',2,NULL),(128,9,'2019-01-17 15:11:46',4,NULL),(128,10,'2019-01-09 17:10:50',1,NULL),(128,11,'2019-01-11 19:05:45',9,NULL),(128,12,'2019-01-09 18:48:16',1,NULL),(128,13,'2019-01-11 19:05:50',3,NULL),(128,15,'2019-01-10 01:27:55',1,NULL),(128,16,'2019-01-28 11:56:11',56,NULL),(128,17,'2019-01-09 18:48:12',1,NULL),(128,18,'2019-01-09 18:48:04',1,NULL),(128,19,'2019-01-13 18:25:00',4,NULL),(128,20,'2019-01-28 11:56:15',37,NULL),(128,21,'2019-01-11 01:15:11',1,NULL),(128,22,'2019-01-11 21:46:35',1,NULL),(128,23,'2019-01-10 01:28:26',2,NULL),(128,24,'2019-01-10 01:28:12',2,NULL),(128,25,'2019-01-21 15:27:51',2,NULL),(128,26,'2019-01-10 00:04:58',2,NULL),(128,27,'2019-01-10 01:28:37',1,NULL),(128,28,'2019-01-11 19:06:00',1,NULL),(128,29,'2019-01-11 01:14:14',2,NULL),(128,30,'2019-01-10 20:28:52',2,NULL),(128,31,'2019-01-11 15:22:43',1,NULL),(128,32,'2019-01-17 15:30:50',3,NULL),(128,33,'2019-01-18 13:53:14',4,NULL),(128,34,'2019-01-17 15:11:30',2,NULL),(128,36,'2019-01-17 15:13:12',3,NULL),(128,37,'2019-01-17 15:13:17',2,NULL),(128,38,'2019-01-17 15:12:36',1,NULL),(128,39,'2019-01-17 15:12:29',1,NULL),(128,42,'2019-01-20 03:29:50',2,NULL),(128,43,'2019-01-17 15:12:05',1,NULL),(128,44,'2019-01-17 15:11:58',1,NULL),(128,45,'2019-01-20 03:29:34',2,NULL),(128,46,'2019-01-23 03:57:42',15,NULL),(128,47,'2019-01-29 13:55:49',4,NULL),(128,48,'2019-01-30 13:47:24',13,NULL),(128,49,'2019-01-23 03:57:07',2,NULL),(128,50,'2019-01-28 11:56:05',13,NULL),(128,52,'2019-01-28 11:55:12',1,NULL),(128,53,'2019-01-28 11:55:42',1,NULL),(128,54,'2019-01-30 13:47:29',1,NULL),(128,55,'2019-01-29 13:55:32',1,NULL),(128,56,'2019-01-30 13:48:11',5,NULL),(128,57,'2019-02-01 17:42:38',8,NULL),(128,58,'2019-01-30 13:47:08',1,NULL),(128,59,'2019-01-30 13:46:46',1,NULL),(128,61,'2019-01-30 13:46:43',2,NULL),(128,62,'2019-02-01 17:42:05',1,NULL),(128,63,'2019-02-01 17:42:21',1,NULL),(130,2,'2019-01-09 18:32:50',9,NULL),(130,3,'2019-01-09 18:33:07',1,NULL),(130,5,'2019-01-09 18:32:54',2,NULL),(130,7,'2019-01-09 18:33:01',2,NULL),(130,10,'2019-01-09 18:32:39',1,NULL),(130,11,'2019-01-09 18:30:33',7,NULL),(130,12,'2019-01-09 18:32:33',1,NULL),(130,14,'2019-01-09 18:32:26',1,NULL),(130,17,'2019-01-09 18:31:29',1,NULL),(130,18,'2019-01-09 18:31:17',1,NULL),(130,19,'2019-01-09 18:30:52',1,NULL),(130,20,'2019-01-11 05:05:26',33,NULL),(131,2,'2019-01-09 18:55:56',9,NULL),(131,3,'2019-01-09 18:55:35',2,NULL),(131,5,'2019-01-09 18:55:21',2,NULL),(131,7,'2019-01-09 18:55:36',2,NULL),(131,10,'2019-01-09 18:55:13',1,NULL),(131,13,'2019-01-15 18:07:31',3,NULL),(131,19,'2019-01-15 18:07:20',4,NULL),(131,20,'2019-02-08 19:49:33',39,NULL),(131,25,'2019-01-22 19:09:02',2,NULL),(131,27,'2019-01-15 18:06:53',3,NULL),(131,31,'2019-01-15 18:07:25',1,NULL),(131,32,'2019-01-15 18:07:09',3,NULL),(131,46,'2019-01-22 19:07:54',15,NULL),(131,48,'2019-02-12 22:08:57',14,NULL),(131,49,'2019-02-13 06:10:39',6,NULL),(131,55,'2019-02-08 19:49:23',2,NULL),(131,64,'2019-02-08 19:49:13',2,NULL),(131,66,'2019-02-12 18:29:40',2,NULL),(131,67,'2019-02-12 18:29:57',2,NULL),(131,68,'2019-02-12 22:08:42',1,NULL),(132,20,'2019-01-09 22:21:00',7,NULL),(133,16,'2019-01-10 02:53:25',8,NULL),(134,16,'2019-01-23 02:22:14',56,NULL),(134,48,'2019-01-23 02:22:38',7,NULL),(134,65,'2019-02-12 10:08:14',1,NULL),(134,67,'2019-02-12 14:12:58',1,NULL),(134,69,'2019-02-14 07:41:23',7,NULL),(135,16,'2019-01-15 13:08:35',51,NULL),(135,32,'2019-01-15 13:09:05',2,NULL),(136,3,'2019-01-10 05:10:06',4,NULL),(136,16,'2019-01-10 12:41:48',38,NULL),(136,20,'2019-01-11 04:45:14',33,NULL),(137,16,'2019-01-22 15:11:17',55,'follow'),(137,20,'2019-01-10 12:33:49',13,NULL),(137,30,'2019-01-10 12:32:13',2,NULL),(137,48,'2019-01-23 12:26:48',8,'follow'),(138,16,'2019-01-23 02:28:33',56,NULL),(138,20,'2019-01-10 08:15:29',8,NULL),(138,48,'2019-01-30 07:24:45',11,NULL),(139,11,'2019-01-10 07:23:43',8,NULL),(139,16,'2019-01-10 07:22:53',17,NULL),(140,11,'2019-01-10 07:51:15',8,NULL),(140,16,'2019-01-10 10:47:27',20,NULL),(141,20,'2019-01-11 09:36:14',33,'follow'),(142,2,'2019-01-10 10:13:37',9,NULL),(142,5,'2019-01-10 10:13:28',2,NULL),(142,7,'2019-01-10 10:13:39',2,NULL),(142,9,'2019-01-10 10:12:02',2,NULL),(142,16,'2019-01-10 10:13:49',20,NULL),(142,18,'2019-01-10 10:14:02',2,NULL),(142,19,'2019-01-11 04:40:02',3,NULL),(142,20,'2019-01-11 04:39:10',6,NULL),(142,21,'2019-01-10 08:31:36',1,NULL),(142,22,'2019-01-11 04:39:39',1,NULL),(142,23,'2019-01-10 10:10:26',2,NULL),(142,25,'2019-01-10 10:11:38',1,NULL),(142,26,'2019-01-10 09:23:12',2,NULL),(142,27,'2019-01-10 08:31:19',2,NULL),(142,29,'2019-01-10 10:13:55',2,NULL),(142,30,'2019-01-10 09:22:53',2,NULL),(143,3,'2019-01-10 11:39:13',5,NULL),(143,20,'2019-01-10 17:06:53',14,NULL),(144,16,'2019-01-15 14:51:36',51,'follow'),(144,48,'2019-02-08 15:09:59',13,'follow'),(144,56,'2019-01-30 09:38:53',5,'follow'),(145,16,'2019-01-10 12:16:40',30,NULL),(146,2,'2019-01-10 12:22:19',9,NULL),(146,16,'2019-01-10 12:43:22',38,'follow'),(146,20,'2019-01-10 12:21:29',8,NULL),(146,50,'2019-01-25 13:30:15',11,NULL),(146,67,'2019-02-13 00:26:17',3,NULL),(147,11,'2019-01-10 12:18:37',8,NULL),(147,16,'2019-01-10 12:19:10',18,NULL),(148,16,'2019-01-10 16:32:45',50,NULL),(148,17,'2019-01-10 13:30:24',2,NULL),(148,20,'2019-01-11 04:42:39',31,NULL),(148,41,'2019-01-23 12:29:50',1,NULL),(148,42,'2019-01-23 12:29:56',2,NULL),(148,47,'2019-01-23 12:30:04',2,NULL),(148,48,'2019-02-13 02:34:15',14,NULL),(148,50,'2019-02-13 02:37:57',6,NULL),(148,56,'2019-02-13 02:36:23',5,NULL),(148,64,'2019-02-08 11:18:05',2,NULL),(148,65,'2019-02-08 11:17:28',4,NULL),(149,16,'2019-02-09 06:52:32',57,'follow'),(149,42,'2019-01-22 11:35:00',2,NULL),(149,47,'2019-01-22 11:33:29',1,NULL),(149,48,'2019-02-09 06:54:37',14,NULL),(150,16,'2019-01-10 23:46:01',50,NULL),(150,20,'2019-01-10 13:39:24',13,'follow'),(150,65,'2019-02-15 08:21:51',5,NULL),(151,11,'2019-01-10 15:54:27',4,NULL),(151,13,'2019-01-10 15:54:29',3,NULL),(151,20,'2019-01-10 15:46:48',14,NULL),(151,25,'2019-02-16 08:49:15',4,NULL),(151,48,'2019-02-13 11:03:21',14,NULL),(151,49,'2019-02-13 11:02:43',6,NULL),(151,57,'2019-02-15 07:50:09',9,NULL),(151,62,'2019-02-16 14:23:54',1,NULL),(151,64,'2019-02-16 14:23:47',2,NULL),(151,65,'2019-02-16 14:23:36',5,NULL),(151,66,'2019-02-17 14:42:49',2,NULL),(151,67,'2019-02-15 12:36:11',14,NULL),(151,68,'2019-02-16 20:22:45',4,NULL),(151,69,'2019-02-16 12:28:30',9,NULL),(151,70,'2019-02-15 14:41:20',2,NULL),(151,71,'2019-02-17 14:40:22',8,NULL),(151,72,'2019-02-17 14:40:57',3,NULL),(151,73,'2019-02-17 14:40:48',2,NULL),(151,74,'2019-02-17 18:37:22',1,NULL),(152,2,'2019-01-11 21:16:30',7,NULL),(152,11,'2019-01-11 21:16:21',4,NULL),(152,16,'2019-01-10 18:18:16',50,NULL),(152,20,'2019-02-08 04:16:57',39,NULL),(152,30,'2019-01-10 20:23:45',1,NULL),(152,33,'2019-01-22 23:10:11',5,NULL),(152,46,'2019-02-08 04:18:18',8,NULL),(152,48,'2019-02-08 04:19:04',13,NULL),(152,49,'2019-02-08 04:16:29',2,NULL),(152,50,'2019-01-26 16:59:59',12,NULL),(152,52,'2019-02-08 04:17:44',1,NULL),(152,62,'2019-02-08 04:17:27',1,NULL),(152,65,'2019-02-08 04:44:06',3,NULL),(152,66,'2019-02-14 18:38:42',2,NULL),(152,67,'2019-02-14 18:32:44',12,NULL),(152,70,'2019-02-14 18:44:10',1,NULL),(153,16,'2019-01-23 20:39:18',55,NULL),(153,20,'2019-01-23 20:40:48',37,NULL),(153,46,'2019-01-30 00:44:02',2,NULL),(153,49,'2019-01-23 20:38:57',2,NULL),(153,52,'2019-01-30 00:42:51',1,NULL),(153,55,'2019-01-30 00:45:13',1,NULL),(154,20,'2019-02-03 08:38:05',39,NULL),(154,30,'2019-01-10 22:55:29',2,NULL),(155,17,'2019-01-11 03:02:14',2,NULL),(155,20,'2019-01-11 02:38:30',21,NULL),(156,20,'2019-01-11 05:59:31',27,NULL),(156,48,'2019-01-28 06:53:34',9,NULL),(157,16,'2019-01-21 07:44:12',51,NULL),(157,30,'2019-01-21 08:08:37',2,NULL),(157,34,'2019-01-21 08:08:10',2,NULL),(158,3,'2019-01-12 08:20:04',5,NULL),(158,9,'2019-01-12 08:19:36',3,'follow'),(158,20,'2019-01-12 10:48:26',14,'follow'),(159,16,'2019-01-12 15:16:13',51,NULL),(159,20,'2019-01-14 12:01:16',33,NULL),(159,31,'2019-01-14 11:58:46',1,NULL),(160,16,'2019-01-15 02:56:45',46,NULL),(163,10,'2019-01-16 11:05:10',1,NULL),(163,16,'2019-01-16 11:01:49',42,NULL),(164,16,'2019-01-17 02:55:19',17,NULL),(165,7,'2019-01-16 15:26:53',2,NULL),(165,9,'2019-01-16 15:24:59',4,NULL),(165,25,'2019-01-16 15:26:35',1,NULL),(165,32,'2019-01-16 15:25:49',3,NULL),(165,34,'2019-01-16 15:26:28',2,NULL),(165,36,'2019-02-13 08:28:53',4,NULL),(165,67,'2019-02-13 08:28:44',4,NULL),(166,37,'2019-01-17 03:21:24',1,NULL),(167,25,'2019-01-23 03:32:33',2,NULL),(167,26,'2019-01-21 04:31:09',2,NULL),(167,34,'2019-01-21 04:33:48',2,NULL),(167,45,'2019-01-21 04:28:07',3,NULL),(167,46,'2019-01-30 01:50:44',24,'follow'),(167,57,'2019-01-31 12:13:52',8,NULL),(168,16,'2019-01-25 02:58:47',56,'follow'),(168,20,'2019-01-25 10:19:06',1,NULL),(168,47,'2019-01-25 10:19:57',2,NULL),(168,48,'2019-01-25 10:20:26',9,NULL),(168,50,'2019-02-12 02:30:49',13,NULL),(168,63,'2019-02-02 02:05:41',1,'follow'),(168,65,'2019-02-15 10:36:18',5,NULL),(168,69,'2019-02-17 04:59:01',9,NULL),(168,72,'2019-02-17 04:02:33',2,'follow'),(169,36,'2019-01-23 05:51:52',4,NULL),(170,20,'2019-01-26 10:32:27',33,NULL),(170,25,'2019-02-12 19:21:09',4,NULL),(170,33,'2019-01-26 10:29:42',5,NULL),(170,49,'2019-02-12 19:18:58',5,NULL),(170,52,'2019-02-12 19:20:44',1,NULL),(170,57,'2019-02-12 19:20:14',8,NULL),(170,61,'2019-02-12 19:20:26',2,NULL),(170,66,'2019-02-12 19:19:27',2,NULL),(170,67,'2019-02-14 18:53:47',12,NULL),(170,70,'2019-02-14 19:17:24',1,NULL),(172,20,'2019-01-29 15:08:11',3,NULL),(172,33,'2019-02-13 09:10:20',5,NULL),(172,47,'2019-01-29 15:08:34',4,NULL),(172,48,'2019-01-30 10:11:45',13,NULL),(172,49,'2019-02-13 09:02:45',6,NULL),(172,50,'2019-02-13 09:07:20',13,NULL),(172,54,'2019-01-29 14:44:04',1,NULL),(172,55,'2019-01-29 14:43:52',1,NULL),(172,56,'2019-01-30 10:11:19',5,NULL),(172,57,'2019-01-30 06:28:44',2,NULL),(172,58,'2019-02-13 09:07:35',1,NULL),(172,65,'2019-02-13 09:07:01',5,NULL),(172,67,'2019-02-14 08:17:46',2,NULL),(172,68,'2019-02-13 09:03:06',4,NULL),(172,69,'2019-02-14 08:17:26',7,NULL),(173,48,'2019-02-16 06:18:01',1,NULL),(173,54,'2019-01-29 10:17:30',1,NULL),(173,69,'2019-02-16 06:11:53',3,NULL),(174,21,'2019-01-29 13:14:23',1,NULL),(174,22,'2019-01-29 13:15:59',1,NULL),(174,32,'2019-01-29 13:15:24',3,NULL),(174,47,'2019-01-29 13:09:12',3,NULL),(174,49,'2019-01-29 13:08:13',2,NULL),(175,42,'2019-01-30 01:37:47',2,NULL),(177,25,'2019-01-30 10:41:12',1,NULL),(177,49,'2019-01-30 10:40:54',1,NULL),(177,53,'2019-01-30 10:36:51',1,NULL),(177,61,'2019-01-30 10:40:47',1,NULL),(178,66,'2019-02-14 18:30:05',2,NULL),(178,67,'2019-02-15 11:06:28',13,NULL),(179,20,'2019-02-12 19:01:56',6,NULL),(179,36,'2019-02-12 20:13:23',4,NULL),(179,49,'2019-02-12 20:14:41',5,NULL),(179,68,'2019-02-12 20:22:44',1,NULL),(180,16,'2019-02-14 06:04:20',57,NULL),(180,47,'2019-02-13 08:03:10',4,NULL),(180,48,'2019-02-14 10:17:55',1,NULL),(180,50,'2019-02-14 06:13:38',13,NULL),(180,57,'2019-02-14 10:17:47',9,NULL),(180,61,'2019-02-16 12:26:32',2,NULL),(180,66,'2019-02-14 05:11:50',2,NULL),(180,67,'2019-02-16 11:14:21',14,NULL),(180,68,'2019-02-13 08:01:15',4,NULL),(180,69,'2019-02-16 11:13:49',9,'follow'),(180,71,'2019-02-18 04:49:39',11,NULL),(180,73,'2019-02-16 11:04:38',1,NULL),(180,74,'2019-02-18 04:51:27',2,NULL),(183,56,'2019-02-16 06:53:03',4,NULL),(183,73,'2019-02-16 07:34:32',1,NULL),(184,74,'2019-02-17 17:57:17',1,NULL);
/*!40000 ALTER TABLE `discussion_user` ENABLE KEYS */;
UNLOCK TABLES;

--
-- Table structure for table `discussions`
--

DROP TABLE IF EXISTS `discussions`;
/*!40101 SET @saved_cs_client     = @@character_set_client */;
/*!40101 SET character_set_client = utf8 */;
CREATE TABLE `discussions` (
  `id` int(10) unsigned NOT NULL AUTO_INCREMENT,
  `title` varchar(200) COLLATE utf8mb4_unicode_ci NOT NULL,
  `comment_count` int(10) unsigned NOT NULL DEFAULT '0',
  `participant_count` int(10) unsigned NOT NULL DEFAULT '0',
  `post_number_index` int(10) unsigned NOT NULL DEFAULT '0',
  `created_at` datetime NOT NULL,
  `user_id` int(10) unsigned DEFAULT NULL,
  `first_post_id` int(10) unsigned DEFAULT NULL,
  `last_posted_at` datetime DEFAULT NULL,
  `last_posted_user_id` int(10) unsigned DEFAULT NULL,
  `last_post_id` int(10) unsigned DEFAULT NULL,
  `last_post_number` int(10) unsigned DEFAULT NULL,
  `hidden_at` datetime DEFAULT NULL,
  `hidden_user_id` int(10) unsigned DEFAULT NULL,
  `slug` varchar(255) COLLATE utf8mb4_unicode_ci NOT NULL,
  `is_private` tinyint(1) NOT NULL DEFAULT '0',
  `is_approved` tinyint(1) NOT NULL DEFAULT '1',
  `is_locked` tinyint(1) NOT NULL DEFAULT '0',
  `is_sticky` tinyint(1) NOT NULL DEFAULT '0',
  PRIMARY KEY (`id`),
  KEY `discussions_hidden_user_id_foreign` (`hidden_user_id`),
  KEY `discussions_first_post_id_foreign` (`first_post_id`),
  KEY `discussions_last_post_id_foreign` (`last_post_id`),
  KEY `discussions_last_posted_at_index` (`last_posted_at`),
  KEY `discussions_last_posted_user_id_index` (`last_posted_user_id`),
  KEY `discussions_created_at_index` (`created_at`),
  KEY `discussions_user_id_index` (`user_id`),
  KEY `discussions_comment_count_index` (`comment_count`),
  KEY `discussions_participant_count_index` (`participant_count`),
  KEY `discussions_hidden_at_index` (`hidden_at`),
  KEY `discussions_is_locked_index` (`is_locked`),
  KEY `discussions_is_sticky_created_at_index` (`is_sticky`,`created_at`),
  FULLTEXT KEY `title` (`title`),
  CONSTRAINT `discussions_first_post_id_foreign` FOREIGN KEY (`first_post_id`) REFERENCES `posts` (`id`) ON DELETE SET NULL,
  CONSTRAINT `discussions_hidden_user_id_foreign` FOREIGN KEY (`hidden_user_id`) REFERENCES `users` (`id`) ON DELETE SET NULL,
  CONSTRAINT `discussions_last_post_id_foreign` FOREIGN KEY (`last_post_id`) REFERENCES `posts` (`id`) ON DELETE SET NULL,
  CONSTRAINT `discussions_last_posted_user_id_foreign` FOREIGN KEY (`last_posted_user_id`) REFERENCES `users` (`id`) ON DELETE SET NULL,
  CONSTRAINT `discussions_user_id_foreign` FOREIGN KEY (`user_id`) REFERENCES `users` (`id`) ON DELETE SET NULL
) ENGINE=InnoDB AUTO_INCREMENT=76 DEFAULT CHARSET=utf8mb4 COLLATE=utf8mb4_unicode_ci;
/*!40101 SET character_set_client = @saved_cs_client */;

--
-- Dumping data for table `discussions`
--

LOCK TABLES `discussions` WRITE;
/*!40000 ALTER TABLE `discussions` DISABLE KEYS */;
INSERT INTO `discussions` VALUES (2,'Genesis',7,5,11,'2019-01-02 12:48:40',35,NULL,'2019-01-02 13:08:28',63,NULL,9,NULL,NULL,'genesis',0,1,0,0),(3,'Go nebulas',5,4,5,'2019-01-02 12:48:54',34,NULL,'2019-01-10 06:55:19',112,102,5,NULL,NULL,'go-nebulas',0,1,0,0),(5,'Nebulas core developer',2,2,3,'2019-01-02 12:49:33',33,NULL,'2019-01-02 13:12:46',31,17,2,NULL,NULL,'nebulas-core-developer',0,1,0,0),(6,'Test',5,3,19,'2019-01-02 12:50:02',62,NULL,'2019-01-15 09:05:55',60,180,19,'2019-01-09 09:20:13',84,'test',0,1,0,0),(7,'Nebulas Nova is on testnet',2,1,2,'2019-01-02 12:58:13',63,NULL,'2019-01-02 13:00:36',63,NULL,2,NULL,NULL,'nebulas-nova-is-on-testnet',0,1,0,0),(9,'About \"Introduce Yourself\" Category',3,3,5,'2019-01-02 13:29:07',31,NULL,'2019-01-15 04:59:32',36,176,4,NULL,NULL,'about-introduce-yourself-category',0,1,0,0),(10,'Mainnet dev team lead',1,1,1,'2019-01-02 13:53:27',64,NULL,'2019-01-02 13:53:27',64,NULL,1,NULL,NULL,'mainnet-dev-team-lead',0,1,0,0),(11,'Hi!guys,We finally have a cool BBS!??',8,7,9,'2019-01-02 14:34:16',65,NULL,'2019-01-10 07:23:42',139,105,8,NULL,NULL,'hi-guys-we-finally-have-a-cool-bbs',0,1,0,0),(12,'Happy New Year 2019, Nebulers',1,1,1,'2019-01-02 14:59:16',17,NULL,'2019-01-02 14:59:16',17,NULL,1,NULL,NULL,'happy-new-year-2019-nebulers',0,1,0,0),(13,'good',2,2,3,'2019-01-03 05:33:54',1,NULL,'2019-01-10 03:51:19',36,99,3,NULL,NULL,'good',0,1,0,0),(14,'Hi & Hello to All the people loving in Nebulas :)',1,1,1,'2019-01-03 07:32:35',36,NULL,'2019-01-03 07:32:35',36,NULL,1,'2019-01-10 03:40:51',36,'hi-hello-to-all-the-people-loving-in-nebulas',0,1,0,0),(15,'Hey guys! ',1,1,2,'2019-01-09 04:27:03',70,41,'2019-01-09 04:27:03',70,41,1,'2019-01-09 07:16:15',70,'hey-guys',0,1,0,1),(16,'',47,22,57,'2019-01-09 05:52:30',70,47,'2019-01-23 01:45:38',114,234,56,NULL,NULL,'',0,1,0,0),(17,'About \"Education\" Category',1,1,2,'2019-01-09 10:46:51',36,51,'2019-01-09 10:46:51',36,51,1,NULL,NULL,'about-education-category',0,1,0,0),(18,'About \"Meta\" category!  Look over quickly!!!!!?????',1,1,3,'2019-01-09 11:54:09',36,53,'2019-01-09 11:54:09',36,53,1,NULL,NULL,'about-meta-category-look-over-quickly',0,1,0,0),(19,'Hi & Hello to All the people loving in Nebulas :)',4,3,4,'2019-01-09 12:31:19',36,55,'2019-01-12 06:58:38',36,173,4,NULL,NULL,'hi-hello-to-all-the-people-loving-in-nebulas',0,1,0,0),(20,'AMA on Nebulas NOVA Developer Incentive Program',35,10,39,'2019-01-09 13:05:27',70,57,'2019-01-23 20:40:47',153,244,37,NULL,NULL,'ama-on-nebulas-nova-developer-incentive-program',0,1,0,0),(21,'APPLY for Admin & MOD now!',1,1,1,'2019-01-09 20:17:09',31,67,'2019-01-09 20:17:09',31,67,1,NULL,NULL,'apply-for-admin-mod-now',0,1,0,0),(22,'Welcome everyone! Let the admin introduce herself first.',1,1,1,'2019-01-09 20:25:43',31,68,'2019-01-09 20:25:43',31,68,1,NULL,NULL,'welcome-everyone-let-the-admin-introduce-herself-first',0,1,0,0),(23,'About \"Forum Feedback\" Category',1,1,3,'2019-01-09 20:28:36',31,69,'2019-01-09 20:28:36',31,69,1,NULL,NULL,'about-forum-feedback-category',0,1,0,0),(24,'Suggestions for new functions',2,1,2,'2019-01-09 20:33:04',31,71,'2019-01-09 21:16:15',31,78,2,NULL,NULL,'suggestions-for-new-functions',0,1,0,0),(25,'Nebulas Testnet Developer Incentive Program Event Guide',2,1,4,'2019-01-09 20:41:37',31,72,'2019-01-21 06:28:51',31,204,2,NULL,NULL,'nebulas-testnet-developer-incentive-program-event-guide',0,1,0,1),(26,'About \"Technical Supports\" Category',1,1,3,'2019-01-09 21:03:14',31,74,'2019-01-09 21:03:14',31,74,1,NULL,NULL,'about-technical-supports-category',0,1,0,0),(27,'This is our own tech forum! ASK these Ph.D. everything here!',1,1,4,'2019-01-09 21:15:29',31,76,'2019-01-09 21:15:29',31,76,1,NULL,NULL,'this-is-our-own-tech-forum-ask-these-ph-d-everything-here',0,1,0,0),(28,'Suggestions for tags',1,1,1,'2019-01-09 21:18:01',31,79,'2019-01-09 21:18:01',31,79,1,NULL,NULL,'suggestions-for-tags',0,1,0,0),(29,'About \"Off-topic\" Category.',1,1,2,'2019-01-10 03:06:04',36,88,'2019-01-10 03:06:04',36,88,1,NULL,NULL,'about-off-topic-category',0,1,0,0),(30,'???About \"Beginners\" Category. ???',1,1,2,'2019-01-10 03:40:00',36,95,'2019-01-10 03:40:00',36,95,1,NULL,NULL,'about-beginners-category',0,1,0,0),(31,'Mainnet Tech Discussion',1,1,1,'2019-01-11 10:32:56',64,169,'2019-01-11 10:32:56',64,169,1,NULL,NULL,'mainnet-tech-discussion',0,1,0,0),(32,'Hi guys, Ruby here!',3,2,3,'2019-01-11 14:59:34',112,171,'2019-01-15 06:49:26',112,179,3,NULL,NULL,'hi-guys-ruby-here',0,1,0,0),(33,'Social Media',5,3,5,'2019-01-14 18:20:12',152,175,'2019-01-20 09:06:16',112,199,5,NULL,NULL,'social-media',0,1,0,0),(34,'Testnet will roll back to previous height: 1540000',1,1,3,'2019-01-16 08:06:24',64,181,'2019-01-16 08:06:24',64,181,1,NULL,NULL,'testnet-will-roll-back-to-previous-height-1540000',0,1,0,0),(36,'Hey everyone, I am Mike! ',4,4,4,'2019-01-16 15:25:28',165,183,'2019-01-20 12:17:07',112,201,4,NULL,NULL,'hey-everyone-i-am-mike',0,1,0,0),(37,'New member',2,2,2,'2019-01-17 03:21:24',166,184,'2019-01-17 09:17:54',31,190,2,NULL,NULL,'new-member',0,1,0,0),(38,'Recommend your fav NAS DApp',1,1,1,'2019-01-17 08:14:21',31,185,'2019-01-17 08:14:21',31,185,1,NULL,NULL,'recommend-your-fav-nas-dapp',0,1,0,0),(39,'Suggestions for explorer.nebulas.io',1,1,1,'2019-01-17 08:53:19',31,186,'2019-01-17 08:53:19',31,186,1,NULL,NULL,'suggestions-for-explorer-nebulas-io',0,1,0,0),(40,'Overview of wiki.nebulas.io',1,1,1,'2019-01-17 08:59:05',31,187,'2019-01-17 08:59:05',31,187,1,NULL,NULL,'overview-of-wiki-nebulas-io',0,1,0,0),(41,'',1,1,1,'2019-01-17 09:10:20',31,188,'2019-01-17 09:10:20',31,188,1,NULL,NULL,'',0,1,0,0),(42,'',2,2,2,'2019-01-17 09:21:49',31,191,'2019-01-19 08:58:15',115,197,2,NULL,NULL,'',0,1,0,0),(43,'#64 Jan 1 ~ Jan 13, 2019',1,1,1,'2019-01-17 09:31:51',31,192,'2019-01-17 09:31:51',31,192,1,NULL,NULL,'64-jan-1-jan-13-2019',0,1,0,0),(44,'Do you know what\'s Developer Incentive Protocol?',1,1,2,'2019-01-17 09:39:23',31,193,'2019-01-17 09:39:23',31,193,1,NULL,NULL,'do-you-know-what-s-developer-incentive-protocol',0,1,0,0),(45,'Hello nebulers!',3,3,3,'2019-01-17 15:33:52',128,195,'2019-01-20 12:01:56',31,200,3,NULL,NULL,'hello-nebulers',0,1,0,0),(46,'Support  \"invalid private key\"',23,3,24,'2019-01-21 04:27:22',167,202,'2019-01-24 12:00:02',33,247,23,NULL,NULL,'support-invalid-private-key',0,1,1,0),(47,'DIP',4,3,4,'2019-01-21 07:35:20',31,205,'2019-01-29 13:34:04',31,271,4,NULL,NULL,'dip',0,1,0,0),(48,'5NAS!',12,10,14,'2019-01-22 11:44:29',84,220,'2019-02-09 06:54:34',149,314,14,NULL,NULL,'5nas',0,1,0,0),(49,'Winners of Nebulas NOVA Developer Incentive Program AMA',5,4,6,'2019-01-23 02:52:29',109,235,'2019-02-13 05:47:11',84,327,6,NULL,NULL,'winners-of-nebulas-nova-developer-incentive-program-ama',0,1,0,1),(50,'',13,3,13,'2019-01-25 03:02:02',168,248,'2019-01-26 18:43:01',31,265,13,NULL,NULL,'',0,1,0,0),(51,'About \"Developer Incentive Protocol\" TAG',1,1,1,'2019-01-26 18:20:21',31,262,'2019-01-26 18:20:21',31,262,1,NULL,NULL,'about-developer-incentive-protocol-tag',0,1,0,0),(52,'How many developers will get NAS through DIP in one week?',1,1,1,'2019-01-26 18:27:43',31,263,'2019-01-26 18:27:43',31,263,1,NULL,NULL,'how-many-developers-will-get-nas-through-dip-in-one-week',0,1,0,0),(53,'Do you know how hot is Testnet Developer Incentive Program? View Explorer',1,1,1,'2019-01-26 18:41:27',31,264,'2019-01-26 18:41:27',31,264,1,NULL,NULL,'do-you-know-how-hot-is-testnet-developer-incentive-program-view-explorer',0,1,0,0),(54,'Nebulas NOVA3',1,1,1,'2019-01-29 09:54:00',84,268,'2019-01-29 09:54:00',84,268,1,NULL,NULL,'nebulas-nova-3',0,1,0,0),(55,'Week 1 Winners of Nebulas NOVA Testnet Developer Incentive Program',1,1,2,'2019-01-29 11:15:52',109,269,'2019-01-29 11:15:52',109,269,1,NULL,NULL,'week-1-winners-of-nebulas-nova-testnet-developer-incentive-program',0,1,0,0),(56,'',5,5,5,'2019-01-29 13:35:39',172,272,'2019-01-30 09:38:53',144,280,5,NULL,NULL,'',0,1,0,0),(57,'There was a problem when building docker',9,2,9,'2019-01-30 01:56:26',167,275,'2019-02-14 08:32:17',33,343,9,NULL,NULL,'there-was-a-problem-when-building-docker',0,1,0,0),(58,'Update Develop Bounty',1,1,1,'2019-01-30 09:42:50',31,282,'2019-01-30 09:42:50',31,282,1,NULL,NULL,'update-develop-bounty',0,1,0,0),(59,'Now everyone can upload images.',1,1,1,'2019-01-30 09:58:03',31,295,'2019-01-30 09:58:03',31,295,1,NULL,NULL,'now-everyone-can-upload-images',0,1,0,0),(61,'Say Hello to Korean Community :)',2,1,2,'2019-01-30 10:00:30',36,296,'2019-01-30 10:02:14',36,297,2,NULL,NULL,'say-hello-to-korean-community',0,1,0,0),(62,'Nebulas Testnet was Upgraded. ',1,1,1,'2019-01-31 07:16:30',64,300,'2019-01-31 07:16:30',64,300,1,NULL,NULL,'nebulas-testnet-was-upgraded',0,1,0,0),(63,'2019.01',1,1,1,'2019-02-01 10:14:50',31,305,'2019-02-01 10:14:50',31,305,1,NULL,NULL,'2019-01',0,1,0,0),(64,'Did Google just validate the core concept of the Nebulas Blockchain?',2,2,2,'2019-02-05 21:32:08',127,306,'2019-02-06 10:44:18',31,307,2,NULL,NULL,'did-google-just-validate-the-core-concept-of-the-nebulas-blockchain',0,1,0,0),(65,'NEO1',1,1,5,'2019-02-06 15:18:43',112,308,'2019-02-06 15:18:43',112,308,1,NULL,NULL,'neo-1',0,1,0,1),(66,'Long-term funding of the Nebulas project',2,2,2,'2019-02-12 08:41:19',178,315,'2019-02-12 09:00:38',31,318,2,NULL,NULL,'long-term-funding-of-the-nebulas-project',0,1,0,0),(67,'About Blockchain Governance',14,5,14,'2019-02-12 08:44:25',31,316,'2019-02-15 11:07:55',31,352,14,NULL,NULL,'about-blockchain-governance',0,1,0,0),(68,'about nebulas.io',3,2,4,'2019-02-12 20:22:44',179,321,'2019-02-13 04:51:54',31,326,4,NULL,NULL,'about-nebulas-io',0,1,0,0),(69,'[ANN] Neber.io : ,',9,5,9,'2019-02-14 04:41:33',180,333,'2019-02-16 11:13:49',180,359,9,NULL,NULL,'ann-neber-io',0,1,0,0),(70,'Small marketing strategy - Ledger Nano S',2,2,2,'2019-02-14 18:44:10',152,345,'2019-02-15 09:12:31',31,346,2,NULL,NULL,'small-marketing-strategy-ledger-nano-s',0,1,0,0),(71,'The name of next version Nebulas',10,5,11,'2019-02-15 09:31:48',31,347,'2019-02-18 04:49:38',180,368,11,NULL,NULL,'the-name-of-next-version-nebulas',0,1,0,0),(72,'Nebulas NOVA',3,3,3,'2019-02-15 10:56:59',168,350,'2019-02-17 13:52:12',31,360,3,NULL,NULL,'nebulas-nova',0,1,0,0),(73,'',2,2,2,'2019-02-16 07:34:32',183,357,'2019-02-17 13:52:41',31,361,2,NULL,NULL,'',0,1,0,0),(74,'Ledger Nano Support',2,2,2,'2019-02-17 17:57:17',184,363,'2019-02-17 21:18:55',127,364,2,NULL,NULL,'ledger-nano-support',0,1,0,0);
/*!40000 ALTER TABLE `discussions` ENABLE KEYS */;
UNLOCK TABLES;

--
-- Table structure for table `email_tokens`
--

DROP TABLE IF EXISTS `email_tokens`;
/*!40101 SET @saved_cs_client     = @@character_set_client */;
/*!40101 SET character_set_client = utf8 */;
CREATE TABLE `email_tokens` (
  `token` varchar(100) COLLATE utf8mb4_unicode_ci NOT NULL,
  `email` varchar(150) COLLATE utf8mb4_unicode_ci NOT NULL,
  `user_id` int(10) unsigned NOT NULL,
  `created_at` datetime DEFAULT NULL,
  PRIMARY KEY (`token`),
  KEY `email_tokens_user_id_foreign` (`user_id`),
  CONSTRAINT `email_tokens_user_id_foreign` FOREIGN KEY (`user_id`) REFERENCES `users` (`id`) ON DELETE CASCADE
) ENGINE=InnoDB DEFAULT CHARSET=utf8mb4 COLLATE=utf8mb4_unicode_ci;
/*!40101 SET character_set_client = @saved_cs_client */;

--
-- Dumping data for table `email_tokens`
--

LOCK TABLES `email_tokens` WRITE;
/*!40000 ALTER TABLE `email_tokens` DISABLE KEYS */;
/*!40000 ALTER TABLE `email_tokens` ENABLE KEYS */;
UNLOCK TABLES;

--
-- Table structure for table `flagrow_file_downloads`
--

DROP TABLE IF EXISTS `flagrow_file_downloads`;
/*!40101 SET @saved_cs_client     = @@character_set_client */;
/*!40101 SET character_set_client = utf8 */;
CREATE TABLE `flagrow_file_downloads` (
  `id` bigint(20) unsigned NOT NULL AUTO_INCREMENT,
  `file_id` int(10) unsigned NOT NULL,
  `discussion_id` int(10) unsigned DEFAULT NULL,
  `post_id` int(10) unsigned DEFAULT NULL,
  `actor_id` int(10) unsigned DEFAULT NULL,
  `downloaded_at` timestamp NOT NULL DEFAULT CURRENT_TIMESTAMP ON UPDATE CURRENT_TIMESTAMP,
  PRIMARY KEY (`id`),
  KEY `flagrow_file_downloads_file_id_foreign` (`file_id`),
  KEY `flagrow_file_downloads_discussion_id_foreign` (`discussion_id`),
  KEY `flagrow_file_downloads_actor_id_foreign` (`actor_id`),
  CONSTRAINT `flagrow_file_downloads_actor_id_foreign` FOREIGN KEY (`actor_id`) REFERENCES `users` (`id`) ON DELETE SET NULL,
  CONSTRAINT `flagrow_file_downloads_discussion_id_foreign` FOREIGN KEY (`discussion_id`) REFERENCES `discussions` (`id`) ON DELETE SET NULL,
  CONSTRAINT `flagrow_file_downloads_file_id_foreign` FOREIGN KEY (`file_id`) REFERENCES `flagrow_files` (`id`) ON DELETE CASCADE
) ENGINE=InnoDB DEFAULT CHARSET=utf8mb4 COLLATE=utf8mb4_unicode_ci;
/*!40101 SET character_set_client = @saved_cs_client */;

--
-- Dumping data for table `flagrow_file_downloads`
--

LOCK TABLES `flagrow_file_downloads` WRITE;
/*!40000 ALTER TABLE `flagrow_file_downloads` DISABLE KEYS */;
/*!40000 ALTER TABLE `flagrow_file_downloads` ENABLE KEYS */;
UNLOCK TABLES;

--
-- Table structure for table `flagrow_files`
--

DROP TABLE IF EXISTS `flagrow_files`;
/*!40101 SET @saved_cs_client     = @@character_set_client */;
/*!40101 SET character_set_client = utf8 */;
CREATE TABLE `flagrow_files` (
  `id` int(10) unsigned NOT NULL AUTO_INCREMENT,
  `actor_id` int(10) unsigned DEFAULT NULL,
  `discussion_id` int(10) unsigned DEFAULT NULL,
  `post_id` int(10) unsigned DEFAULT NULL,
  `base_name` varchar(255) COLLATE utf8mb4_unicode_ci NOT NULL,
  `path` varchar(255) COLLATE utf8mb4_unicode_ci DEFAULT NULL,
  `url` varchar(255) COLLATE utf8mb4_unicode_ci NOT NULL,
  `type` varchar(255) COLLATE utf8mb4_unicode_ci NOT NULL,
  `size` int(11) NOT NULL,
  `upload_method` varchar(255) COLLATE utf8mb4_unicode_ci DEFAULT NULL,
  `created_at` timestamp NOT NULL DEFAULT CURRENT_TIMESTAMP ON UPDATE CURRENT_TIMESTAMP,
  `remote_id` varchar(255) COLLATE utf8mb4_unicode_ci DEFAULT NULL,
  `uuid` varchar(255) COLLATE utf8mb4_unicode_ci DEFAULT NULL,
  `tag` varchar(255) COLLATE utf8mb4_unicode_ci DEFAULT NULL,
  PRIMARY KEY (`id`)
) ENGINE=InnoDB AUTO_INCREMENT=35 DEFAULT CHARSET=utf8mb4 COLLATE=utf8mb4_unicode_ci;
/*!40101 SET character_set_client = @saved_cs_client */;

--
-- Dumping data for table `flagrow_files`
--

LOCK TABLES `flagrow_files` WRITE;
/*!40000 ALTER TABLE `flagrow_files` DISABLE KEYS */;
INSERT INTO `flagrow_files` VALUES (1,1,NULL,NULL,'017c5d554909920000019ae9d202fejpg-at-1280w-1l-2o-100sh.jpeg','2019-01-03/1546493557-995903-017c5d554909920000019ae9d202fejpg-at-1280w-1l-2o-100sh.jpeg','https://community.nebulas.io/assets/files/2019-01-03/1546493557-995903-017c5d554909920000019ae9d202fejpg-at-1280w-1l-2o-100sh.jpeg','image/jpeg',360891,'local','2019-01-03 05:32:37',NULL,'16e56491-3cc3-4fef-be17-9d1dc143a9cf','image-preview'),(2,1,NULL,NULL,'017c5d554909920000019ae9d202fejpg-at-1280w-1l-2o-100sh.jpeg','2019-01-03/1546493899-24009-017c5d554909920000019ae9d202fejpg-at-1280w-1l-2o-100sh.jpeg','https://community.nebulas.io/assets/files/2019-01-03/1546493899-24009-017c5d554909920000019ae9d202fejpg-at-1280w-1l-2o-100sh.jpeg','image/jpeg',360891,'local','2019-01-03 05:38:19',NULL,'ba51b6f5-085a-49d1-b0c3-735358bbdc65','image-preview'),(3,1,NULL,NULL,'017c5d554909920000019ae9d202fejpg-at-1280w-1l-2o-100sh.jpeg','2019-01-03/1546497304-497371-017c5d554909920000019ae9d202fejpg-at-1280w-1l-2o-100sh.jpeg','https://community.nebulas.io/assets/files/2019-01-03/1546497304-497371-017c5d554909920000019ae9d202fejpg-at-1280w-1l-2o-100sh.jpeg','image/jpeg',360891,'local','2019-01-03 06:35:04',NULL,'4e7f0fa9-27ff-4d5d-b713-41a4da5ba4b7','image-preview'),(4,1,NULL,NULL,'017c5d554909920000019ae9d202fejpg-at-1280w-1l-2o-100sh.jpeg','2019-01-03/1546497646-752862-017c5d554909920000019ae9d202fejpg-at-1280w-1l-2o-100sh.jpeg','https://community.nebulas.io/assets/files/2019-01-03/1546497646-752862-017c5d554909920000019ae9d202fejpg-at-1280w-1l-2o-100sh.jpeg','image/jpeg',360891,'local','2019-01-03 06:40:46',NULL,'5fb30159-fcf3-4163-9528-11f8914d1832','image-preview'),(5,1,NULL,NULL,'017c5d554909920000019ae9d202fejpg-at-1280w-1l-2o-100sh.jpeg','2019-01-03/1546501286-436010-017c5d554909920000019ae9d202fejpg-at-1280w-1l-2o-100sh.jpeg','https://community.nebulas.io/assets/files/2019-01-03/1546501286-436010-017c5d554909920000019ae9d202fejpg-at-1280w-1l-2o-100sh.jpeg','image/jpeg',360891,'local','2019-01-03 07:41:26',NULL,'9c49ee39-3ded-405c-82d5-6d69889ec026','image-preview'),(6,1,NULL,NULL,'017c5d554909920000019ae9d202fejpg-at-1280w-1l-2o-100sh.jpeg','2019-01-04/1546582709-282338-017c5d554909920000019ae9d202fejpg-at-1280w-1l-2o-100sh.jpeg','https://community.nebulas.io/assets/files/2019-01-04/1546582709-282338-017c5d554909920000019ae9d202fejpg-at-1280w-1l-2o-100sh.jpeg','image/jpeg',360891,'local','2019-01-04 06:18:29',NULL,'aa6aa584-982f-4f24-bf99-92e8893829b5','image-preview'),(7,1,NULL,NULL,'mix2-exploer.png','2019-01-09/1547009358-1429-mix2-exploer.png','https://community.nebulas.io/assets/files/2019-01-09/1547009358-1429-mix2-exploer.png','image/png',106849,'local','2019-01-09 04:49:18',NULL,'d3efbf83-55d4-49d1-ac0c-e6a051775fa2','image-preview'),(8,1,NULL,NULL,'017c5d554909920000019ae9d202fejpg-at-1280w-1l-2o-100sh.jpeg','2019-01-09/1547009910-137862-017c5d554909920000019ae9d202fejpg-at-1280w-1l-2o-100sh.jpeg','https://community.nebulas.io/assets/files/2019-01-09/1547009910-137862-017c5d554909920000019ae9d202fejpg-at-1280w-1l-2o-100sh.jpeg','image/jpeg',360891,'local','2019-01-09 04:58:30',NULL,'134142e6-1718-4bfb-b63d-171977d9ff86','image-preview'),(9,1,NULL,NULL,'017c5d554909920000019ae9d202fejpg-at-1280w-1l-2o-100sh.jpeg','2019-01-09/1547009960-181607-017c5d554909920000019ae9d202fejpg-at-1280w-1l-2o-100sh.jpeg','https://community.nebulas.io/assets/files/2019-01-09/1547009960-181607-017c5d554909920000019ae9d202fejpg-at-1280w-1l-2o-100sh.jpeg','image/jpeg',360891,'local','2019-01-09 04:59:20',NULL,'3902518e-c3ee-43a1-8ccf-36c9513e895c','image-preview'),(10,1,NULL,NULL,'017c5d554909920000019ae9d202fejpg-at-1280w-1l-2o-100sh.jpeg','2019-01-09/1547010035-650998-017c5d554909920000019ae9d202fejpg-at-1280w-1l-2o-100sh.jpeg','https://community.nebulas.io/assets/files/2019-01-09/1547010035-650998-017c5d554909920000019ae9d202fejpg-at-1280w-1l-2o-100sh.jpeg','image/jpeg',360891,'local','2019-01-09 05:00:35',NULL,'093f9778-9968-4368-8ec3-14055899493a','image-preview'),(11,1,NULL,NULL,'mix2-exploer.png','2019-01-09/1547010074-645321-mix2-exploer.png','https://community.nebulas.io/assets/files/2019-01-09/1547010074-645321-mix2-exploer.png','image/png',106849,'local','2019-01-09 05:01:14',NULL,'5cc45e93-6396-4ee1-be63-28de23982c18','image-preview'),(12,1,NULL,NULL,'017c5d554909920000019ae9d202fejpg-at-1280w-1l-2o-100sh.jpeg','2019-01-09/1547019797-295047-017c5d554909920000019ae9d202fejpg-at-1280w-1l-2o-100sh.jpeg','https://community.nebulas.io/assets/files/2019-01-09/1547019797-295047-017c5d554909920000019ae9d202fejpg-at-1280w-1l-2o-100sh.jpeg','image/jpeg',360891,'local','2019-01-09 07:43:17',NULL,'73892dd7-ed86-484e-85d6-1cb43e78f6e6','image-preview'),(13,1,NULL,NULL,'m-139.jpeg','2019-01-09/1547031792-626441-m-139.jpeg','https://community.nebulas.io/assets/files/2019-01-09/1547031792-626441-m-139.jpeg','image/jpeg',6605059,'local','2019-01-09 11:03:12',NULL,'e20bc69c-fb41-4205-bd23-c96a03a1e89d','image-preview'),(14,36,NULL,NULL,'image.png','2019-01-12/1547275658-579993-image.png','https://community.nebulas.io/assets/files/2019-01-12/1547275658-579993-image.png','image/png',1814,'local','2019-01-12 06:47:38',NULL,'2bce7bcb-8093-487e-aa39-26bdcee0d1fe','image-preview'),(15,36,NULL,NULL,'image.png','2019-01-12/1547276069-857467-image.png','https://community.nebulas.io/assets/files/2019-01-12/1547276069-857467-image.png','image/png',528533,'local','2019-01-12 06:54:29',NULL,'eae17fc1-e9e1-4bbb-a3b9-4b8b420f6c31','image-preview'),(16,36,NULL,NULL,'image.png','2019-01-12/1547276074-306815-image.png','https://community.nebulas.io/assets/files/2019-01-12/1547276074-306815-image.png','image/png',528533,'local','2019-01-12 06:54:34',NULL,'12cc7075-dbd7-4f5a-b9d5-28d64df16ca9','image-preview'),(17,31,NULL,NULL,'photo-2019-01-17-173647.jpeg','2019-01-17/1547717821-182471-photo-2019-01-17-173647.jpeg','https://community.nebulas.io/assets/files/2019-01-17/1547717821-182471-photo-2019-01-17-173647.jpeg','image/jpeg',139682,'local','2019-01-17 09:37:01',NULL,'417a607e-070f-4331-9e6a-8bebc222c39f','image-preview'),(18,31,NULL,NULL,'photo-2019-01-17-173728.jpeg','2019-01-17/1547717877-116077-photo-2019-01-17-173728.jpeg','https://community.nebulas.io/assets/files/2019-01-17/1547717877-116077-photo-2019-01-17-173728.jpeg','image/jpeg',80271,'local','2019-01-17 09:37:57',NULL,'ed36a93d-b15f-4b13-92be-0051b1951cbd','image-preview'),(19,31,NULL,NULL,'photo-2019-01-17-173733.jpeg','2019-01-17/1547717890-321463-photo-2019-01-17-173733.jpeg','https://community.nebulas.io/assets/files/2019-01-17/1547717890-321463-photo-2019-01-17-173733.jpeg','image/jpeg',75557,'local','2019-01-17 09:38:10',NULL,'3446e33b-0dad-4e2f-b6be-662954ae0e05','image-preview'),(20,31,NULL,NULL,'photo-2019-01-17-173739.jpeg','2019-01-17/1547717898-507659-photo-2019-01-17-173739.jpeg','https://community.nebulas.io/assets/files/2019-01-17/1547717898-507659-photo-2019-01-17-173739.jpeg','image/jpeg',79270,'local','2019-01-17 09:38:18',NULL,'daeaaed9-851e-4a45-ad1b-91e24bab39d3','image-preview'),(21,31,NULL,NULL,'photo-2019-01-17-173728.jpeg','2019-01-17/1547718136-451762-photo-2019-01-17-173728.jpeg','https://community.nebulas.io/assets/files/2019-01-17/1547718136-451762-photo-2019-01-17-173728.jpeg','image/jpeg',80271,'local','2019-01-17 09:42:16',NULL,'ad26ca66-39eb-41d3-bd84-b9171b92274a','image-preview'),(22,31,NULL,NULL,'photo-2019-01-17-173647.jpeg','2019-01-17/1547718157-836671-photo-2019-01-17-173647.jpeg','https://community.nebulas.io/assets/files/2019-01-17/1547718157-836671-photo-2019-01-17-173647.jpeg','image/jpeg',139682,'local','2019-01-17 09:42:37',NULL,'2b4c6b97-d82d-4438-b7c4-b865f5152031','image-preview'),(23,31,NULL,NULL,'photo-2019-01-17-173733.jpeg','2019-01-17/1547718176-888075-photo-2019-01-17-173733.jpeg','https://community.nebulas.io/assets/files/2019-01-17/1547718176-888075-photo-2019-01-17-173733.jpeg','image/jpeg',75557,'local','2019-01-17 09:42:56',NULL,'855c4f9e-ede5-4409-928a-31887e47dc6d','image-preview'),(24,31,NULL,NULL,'photo-2019-01-17-173739.jpeg','2019-01-17/1547718184-515861-photo-2019-01-17-173739.jpeg','https://community.nebulas.io/assets/files/2019-01-17/1547718184-515861-photo-2019-01-17-173739.jpeg','image/jpeg',79270,'local','2019-01-17 09:43:04',NULL,'48f3898c-cfae-4768-a93b-e094444212e7','image-preview'),(25,31,NULL,NULL,'2019-01-27-023248.png','2019-01-26/1548527643-405112-2019-01-27-023248.png','https://community.nebulas.io/assets/files/2019-01-26/1548527643-405112-2019-01-27-023248.png','image/png',367965,'local','2019-01-26 18:34:03',NULL,'6c0dd943-f0e3-41b9-9327-a7bb8d658f6c','image-preview'),(26,31,NULL,NULL,'2019-01-27-023311.png','2019-01-26/1548527755-355303-2019-01-27-023311.png','https://community.nebulas.io/assets/files/2019-01-26/1548527755-355303-2019-01-27-023311.png','image/png',56590,'local','2019-01-26 18:35:55',NULL,'f9733d4a-9279-412c-98e7-9d71ca7be390','image-preview'),(27,84,NULL,NULL,'image.png','2019-01-29/1548754175-477897-image.png','https://community.nebulas.io/assets/files/2019-01-29/1548754175-477897-image.png','image/png',1313052,'local','2019-01-29 09:29:35',NULL,'3053ca54-fb11-4de3-a7e1-38df47747b8c','image-preview'),(28,84,NULL,NULL,'ec991f49-78ad-4618-b331-23905e2f9664.jpeg','2019-01-29/1548755152-915441-ec991f49-78ad-4618-b331-23905e2f9664.jpeg','https://community.nebulas.io/assets/files/2019-01-29/1548755152-915441-ec991f49-78ad-4618-b331-23905e2f9664.jpeg','image/jpeg',425299,'local','2019-01-29 09:45:52',NULL,'ec991f49-78ad-4618-b331-23905e2f9664','image-preview'),(29,31,NULL,NULL,'2019-01-30-175729.png','2019-01-30/1548842280-107350-2019-01-30-175729.png','https://community.nebulas.io/assets/files/2019-01-30/1548842280-107350-2019-01-30-175729.png','image/png',4572,'local','2019-01-30 09:58:00',NULL,'f4fd1886-5c5b-439b-bd08-b7db2f68adc2','image-preview'),(30,36,NULL,NULL,'youtube-copy.jpeg','2019-01-30/1548842837-939859-youtube-copy.jpeg','https://community.nebulas.io/assets/files/2019-01-30/1548842837-939859-youtube-copy.jpeg','image/jpeg',49464,'local','2019-01-30 10:07:17',NULL,'cac5d62d-53fb-447b-b676-d95ef93e9726','image-preview'),(31,65,NULL,NULL,'e616ac0c-612b-4540-8357-ca2fdaf03aab.jpeg','2019-02-14/1550123114-223791-e616ac0c-612b-4540-8357-ca2fdaf03aab.jpeg','https://community.nebulas.io/assets/files/2019-02-14/1550123114-223791-e616ac0c-612b-4540-8357-ca2fdaf03aab.jpeg','image/jpeg',197163,'local','2019-02-14 05:45:14',NULL,'e616ac0c-612b-4540-8357-ca2fdaf03aab','image-preview'),(32,111,NULL,NULL,'5.png','2019-02-14/1550123247-747277-5.png','https://community.nebulas.io/assets/files/2019-02-14/1550123247-747277-5.png','image/png',340851,'local','2019-02-14 05:47:27',NULL,'f299afe7-bfce-4ebd-85f3-c3b7d402514b','image-preview'),(33,31,NULL,NULL,'2019-02-15-171512.png','2019-02-15/1550222141-82189-2019-02-15-171512.png','https://community.nebulas.io/assets/files/2019-02-15/1550222141-82189-2019-02-15-171512.png','image/png',55362,'local','2019-02-15 09:15:41',NULL,'a8963860-6dbf-410f-87c2-da183cf81b75','image-preview'),(34,31,NULL,NULL,'2019-02-15-183614.png','2019-02-15/1550226988-487048-2019-02-15-183614.png','https://community.nebulas.io/assets/files/2019-02-15/1550226988-487048-2019-02-15-183614.png','image/png',151515,'local','2019-02-15 10:36:28',NULL,'79ea877f-5d57-48e8-bf68-871dbcdb5fa1','image-preview');
/*!40000 ALTER TABLE `flagrow_files` ENABLE KEYS */;
UNLOCK TABLES;

--
-- Table structure for table `flagrow_masquerade_answers`
--

DROP TABLE IF EXISTS `flagrow_masquerade_answers`;
/*!40101 SET @saved_cs_client     = @@character_set_client */;
/*!40101 SET character_set_client = utf8 */;
CREATE TABLE `flagrow_masquerade_answers` (
  `id` int(10) unsigned NOT NULL AUTO_INCREMENT,
  `field_id` int(10) unsigned NOT NULL,
  `user_id` int(10) unsigned NOT NULL,
  `content` text COLLATE utf8mb4_unicode_ci,
  `created_at` timestamp NULL DEFAULT NULL,
  `updated_at` timestamp NULL DEFAULT NULL,
  PRIMARY KEY (`id`),
  UNIQUE KEY `flagrow_masquerade_answers_field_id_user_id_unique` (`field_id`,`user_id`),
  KEY `flagrow_masquerade_answers_user_id_foreign` (`user_id`),
  CONSTRAINT `flagrow_masquerade_answers_field_id_foreign` FOREIGN KEY (`field_id`) REFERENCES `flagrow_masquerade_fields` (`id`) ON DELETE CASCADE,
  CONSTRAINT `flagrow_masquerade_answers_user_id_foreign` FOREIGN KEY (`user_id`) REFERENCES `users` (`id`) ON DELETE CASCADE
) ENGINE=InnoDB DEFAULT CHARSET=utf8mb4 COLLATE=utf8mb4_unicode_ci;
/*!40101 SET character_set_client = @saved_cs_client */;

--
-- Dumping data for table `flagrow_masquerade_answers`
--

LOCK TABLES `flagrow_masquerade_answers` WRITE;
/*!40000 ALTER TABLE `flagrow_masquerade_answers` DISABLE KEYS */;
/*!40000 ALTER TABLE `flagrow_masquerade_answers` ENABLE KEYS */;
UNLOCK TABLES;

--
-- Table structure for table `flagrow_masquerade_fields`
--

DROP TABLE IF EXISTS `flagrow_masquerade_fields`;
/*!40101 SET @saved_cs_client     = @@character_set_client */;
/*!40101 SET character_set_client = utf8 */;
CREATE TABLE `flagrow_masquerade_fields` (
  `id` int(10) unsigned NOT NULL AUTO_INCREMENT,
  `name` varchar(255) COLLATE utf8mb4_unicode_ci NOT NULL,
  `description` varchar(255) COLLATE utf8mb4_unicode_ci DEFAULT NULL,
  `required` tinyint(1) NOT NULL DEFAULT '0',
  `validation` varchar(255) COLLATE utf8mb4_unicode_ci DEFAULT NULL,
  `prefix` varchar(255) COLLATE utf8mb4_unicode_ci DEFAULT NULL,
  `icon` varchar(255) COLLATE utf8mb4_unicode_ci DEFAULT NULL,
  `sort` int(11) DEFAULT NULL,
  `created_at` timestamp NULL DEFAULT NULL,
  `updated_at` timestamp NULL DEFAULT NULL,
  `deleted_at` timestamp NULL DEFAULT NULL,
  `on_bio` tinyint(1) NOT NULL DEFAULT '0',
  `type` varchar(255) COLLATE utf8mb4_unicode_ci DEFAULT NULL,
  PRIMARY KEY (`id`),
  KEY `flagrow_masquerade_fields_required_index` (`required`),
  KEY `flagrow_masquerade_fields_sort_index` (`sort`),
  KEY `flagrow_masquerade_fields_type_index` (`type`)
) ENGINE=InnoDB DEFAULT CHARSET=utf8mb4 COLLATE=utf8mb4_unicode_ci;
/*!40101 SET character_set_client = @saved_cs_client */;

--
-- Dumping data for table `flagrow_masquerade_fields`
--

LOCK TABLES `flagrow_masquerade_fields` WRITE;
/*!40000 ALTER TABLE `flagrow_masquerade_fields` DISABLE KEYS */;
/*!40000 ALTER TABLE `flagrow_masquerade_fields` ENABLE KEYS */;
UNLOCK TABLES;

--
-- Table structure for table `flags`
--

DROP TABLE IF EXISTS `flags`;
/*!40101 SET @saved_cs_client     = @@character_set_client */;
/*!40101 SET character_set_client = utf8 */;
CREATE TABLE `flags` (
  `id` int(10) unsigned NOT NULL AUTO_INCREMENT,
  `post_id` int(10) unsigned NOT NULL,
  `type` varchar(255) COLLATE utf8mb4_unicode_ci NOT NULL,
  `user_id` int(10) unsigned DEFAULT NULL,
  `reason` varchar(255) COLLATE utf8mb4_unicode_ci DEFAULT NULL,
  `reason_detail` varchar(255) COLLATE utf8mb4_unicode_ci DEFAULT NULL,
  `created_at` datetime NOT NULL,
  PRIMARY KEY (`id`),
  KEY `flags_post_id_foreign` (`post_id`),
  KEY `flags_user_id_foreign` (`user_id`),
  KEY `flags_created_at_index` (`created_at`),
  CONSTRAINT `flags_post_id_foreign` FOREIGN KEY (`post_id`) REFERENCES `posts` (`id`) ON DELETE CASCADE,
  CONSTRAINT `flags_user_id_foreign` FOREIGN KEY (`user_id`) REFERENCES `users` (`id`) ON DELETE CASCADE
) ENGINE=InnoDB DEFAULT CHARSET=utf8mb4 COLLATE=utf8mb4_unicode_ci;
/*!40101 SET character_set_client = @saved_cs_client */;

--
-- Dumping data for table `flags`
--

LOCK TABLES `flags` WRITE;
/*!40000 ALTER TABLE `flags` DISABLE KEYS */;
/*!40000 ALTER TABLE `flags` ENABLE KEYS */;
UNLOCK TABLES;

--
-- Table structure for table `group_permission`
--

DROP TABLE IF EXISTS `group_permission`;
/*!40101 SET @saved_cs_client     = @@character_set_client */;
/*!40101 SET character_set_client = utf8 */;
CREATE TABLE `group_permission` (
  `group_id` int(10) unsigned NOT NULL,
  `permission` varchar(100) COLLATE utf8mb4_unicode_ci NOT NULL,
  PRIMARY KEY (`group_id`,`permission`),
  CONSTRAINT `group_permission_group_id_foreign` FOREIGN KEY (`group_id`) REFERENCES `groups` (`id`) ON DELETE CASCADE
) ENGINE=InnoDB DEFAULT CHARSET=utf8mb4 COLLATE=utf8mb4_unicode_ci;
/*!40101 SET character_set_client = @saved_cs_client */;

--
-- Dumping data for table `group_permission`
--

LOCK TABLES `group_permission` WRITE;
/*!40000 ALTER TABLE `group_permission` DISABLE KEYS */;
INSERT INTO `group_permission` VALUES (2,'viewDiscussions'),(3,'discussion.flagPosts'),(3,'discussion.likePosts'),(3,'discussion.reactPosts'),(3,'discussion.reply'),(3,'discussion.replyWithoutApproval'),(3,'discussion.startWithoutApproval'),(3,'flagrow.upload'),(3,'startDiscussion'),(3,'user.viewLastSeenAt'),(4,'discussion.approvePosts'),(4,'discussion.editPosts'),(4,'discussion.hide'),(4,'discussion.hidePosts'),(4,'discussion.lock'),(4,'discussion.rename'),(4,'discussion.sticky'),(4,'discussion.tag'),(4,'discussion.viewFlags'),(4,'discussion.viewIpsPosts'),(4,'flagrow.upload.download'),(4,'user.suspend'),(4,'viewUserList'),(6,'discussion.approvePosts'),(6,'discussion.editPosts'),(6,'discussion.hide'),(6,'discussion.hidePosts'),(6,'discussion.lock'),(6,'discussion.rename'),(6,'discussion.sticky'),(6,'discussion.tag'),(6,'discussion.viewFlags'),(6,'discussion.viewIpsPosts'),(6,'flagrow.upload.download'),(6,'user.suspend'),(6,'viewUserList'),(7,'discussion.approvePosts'),(7,'discussion.editPosts'),(7,'discussion.hide'),(7,'discussion.hidePosts'),(7,'discussion.lock'),(7,'discussion.rename'),(7,'discussion.sticky'),(7,'discussion.tag'),(7,'discussion.viewFlags'),(7,'discussion.viewIpsPosts'),(7,'flagrow.upload.download'),(7,'user.suspend'),(7,'viewUserList'),(8,'discussion.approvePosts'),(8,'discussion.delete'),(8,'discussion.deletePosts'),(8,'discussion.editPosts'),(8,'discussion.hide'),(8,'discussion.hidePosts'),(8,'discussion.lock'),(8,'discussion.rename'),(8,'discussion.sticky'),(8,'discussion.tag'),(8,'discussion.viewFlags'),(8,'discussion.viewIpsPosts'),(8,'flagrow.upload.download'),(8,'user.spamblock'),(8,'user.suspend'),(8,'viewUserList');
/*!40000 ALTER TABLE `group_permission` ENABLE KEYS */;
UNLOCK TABLES;

--
-- Table structure for table `group_user`
--

DROP TABLE IF EXISTS `group_user`;
/*!40101 SET @saved_cs_client     = @@character_set_client */;
/*!40101 SET character_set_client = utf8 */;
CREATE TABLE `group_user` (
  `user_id` int(10) unsigned NOT NULL,
  `group_id` int(10) unsigned NOT NULL,
  PRIMARY KEY (`user_id`,`group_id`),
  KEY `group_user_group_id_foreign` (`group_id`),
  CONSTRAINT `group_user_group_id_foreign` FOREIGN KEY (`group_id`) REFERENCES `groups` (`id`) ON DELETE CASCADE,
  CONSTRAINT `group_user_user_id_foreign` FOREIGN KEY (`user_id`) REFERENCES `users` (`id`) ON DELETE CASCADE
) ENGINE=InnoDB DEFAULT CHARSET=utf8mb4 COLLATE=utf8mb4_unicode_ci;
/*!40101 SET character_set_client = @saved_cs_client */;

--
-- Dumping data for table `group_user`
--

LOCK TABLES `group_user` WRITE;
/*!40000 ALTER TABLE `group_user` DISABLE KEYS */;
INSERT INTO `group_user` VALUES (1,1),(17,1),(31,1),(36,1),(37,1),(60,1),(84,1),(112,1),(128,4),(8,6),(17,6),(33,6),(34,6),(35,6),(36,6),(62,6),(70,6),(84,6),(111,6),(112,6),(135,6),(31,7),(37,7),(62,7),(64,7),(119,7),(136,7),(119,8),(136,8);
/*!40000 ALTER TABLE `group_user` ENABLE KEYS */;
UNLOCK TABLES;

--
-- Table structure for table `groups`
--

DROP TABLE IF EXISTS `groups`;
/*!40101 SET @saved_cs_client     = @@character_set_client */;
/*!40101 SET character_set_client = utf8 */;
CREATE TABLE `groups` (
  `id` int(10) unsigned NOT NULL AUTO_INCREMENT,
  `name_singular` varchar(100) COLLATE utf8mb4_unicode_ci NOT NULL,
  `name_plural` varchar(100) COLLATE utf8mb4_unicode_ci NOT NULL,
  `color` varchar(20) COLLATE utf8mb4_unicode_ci DEFAULT NULL,
  `icon` varchar(100) COLLATE utf8mb4_unicode_ci DEFAULT NULL,
  PRIMARY KEY (`id`)
) ENGINE=InnoDB AUTO_INCREMENT=9 DEFAULT CHARSET=utf8mb4 COLLATE=utf8mb4_unicode_ci;
/*!40101 SET character_set_client = @saved_cs_client */;

--
-- Dumping data for table `groups`
--

LOCK TABLES `groups` WRITE;
/*!40000 ALTER TABLE `groups` DISABLE KEYS */;
INSERT INTO `groups` VALUES (1,'Admin','Admins','#ff6969','fas fa-fire'),(2,'Guest','Guests',NULL,NULL),(3,'Member','Members',NULL,NULL),(4,'Mod','Mods','#FFB03A','fas fa-star'),(6,'NAS Team','NAS Team','#2A88FF','fas fa-bookmark'),(7,'Technical Committee Members','Technical Committee Members','#3051F2','fas fa-award'),(8,'Founder','Founders','#46C886','fas fa-smile');
/*!40000 ALTER TABLE `groups` ENABLE KEYS */;
UNLOCK TABLES;

--
-- Table structure for table `links`
--

DROP TABLE IF EXISTS `links`;
/*!40101 SET @saved_cs_client     = @@character_set_client */;
/*!40101 SET character_set_client = utf8 */;
CREATE TABLE `links` (
  `id` int(10) unsigned NOT NULL AUTO_INCREMENT,
  `title` varchar(50) COLLATE utf8mb4_unicode_ci NOT NULL,
  `url` varchar(255) COLLATE utf8mb4_unicode_ci NOT NULL,
  `position` int(11) DEFAULT NULL,
  `is_internal` tinyint(1) NOT NULL DEFAULT '0',
  `is_newtab` tinyint(1) NOT NULL DEFAULT '0',
  PRIMARY KEY (`id`)
) ENGINE=InnoDB AUTO_INCREMENT=2 DEFAULT CHARSET=utf8mb4 COLLATE=utf8mb4_unicode_ci;
/*!40101 SET character_set_client = @saved_cs_client */;

--
-- Dumping data for table `links`
--

LOCK TABLES `links` WRITE;
/*!40000 ALTER TABLE `links` DISABLE KEYS */;
INSERT INTO `links` VALUES (1,'nebulas.io','https://nebulas.io',NULL,0,1);
/*!40000 ALTER TABLE `links` ENABLE KEYS */;
UNLOCK TABLES;

--
-- Table structure for table `login_providers`
--

DROP TABLE IF EXISTS `login_providers`;
/*!40101 SET @saved_cs_client     = @@character_set_client */;
/*!40101 SET character_set_client = utf8 */;
CREATE TABLE `login_providers` (
  `id` int(10) unsigned NOT NULL AUTO_INCREMENT,
  `user_id` int(10) unsigned NOT NULL,
  `provider` varchar(100) COLLATE utf8mb4_unicode_ci NOT NULL,
  `identifier` varchar(100) COLLATE utf8mb4_unicode_ci NOT NULL,
  `created_at` datetime DEFAULT NULL,
  `last_login_at` datetime DEFAULT NULL,
  PRIMARY KEY (`id`),
  UNIQUE KEY `login_providers_provider_identifier_unique` (`provider`,`identifier`),
  KEY `login_providers_user_id_foreign` (`user_id`),
  CONSTRAINT `login_providers_user_id_foreign` FOREIGN KEY (`user_id`) REFERENCES `users` (`id`) ON DELETE CASCADE
) ENGINE=InnoDB AUTO_INCREMENT=6 DEFAULT CHARSET=utf8mb4 COLLATE=utf8mb4_unicode_ci;
/*!40101 SET character_set_client = @saved_cs_client */;

--
-- Dumping data for table `login_providers`
--

LOCK TABLES `login_providers` WRITE;
/*!40000 ALTER TABLE `login_providers` DISABLE KEYS */;
INSERT INTO `login_providers` VALUES (1,69,'github','42994022','2019-01-03 07:16:59','2019-01-03 07:16:59'),(2,60,'github','42612900','2019-01-09 11:47:26','2019-01-15 05:27:25'),(3,65,'github','17715727','2019-01-09 11:53:15','2019-01-09 11:56:34'),(4,119,'github','8524980','2019-01-09 13:14:24','2019-01-12 15:26:58'),(5,62,'github','4435007','2019-01-17 02:28:02','2019-01-17 02:28:02');
/*!40000 ALTER TABLE `login_providers` ENABLE KEYS */;
UNLOCK TABLES;

--
-- Table structure for table `migrations`
--

DROP TABLE IF EXISTS `migrations`;
/*!40101 SET @saved_cs_client     = @@character_set_client */;
/*!40101 SET character_set_client = utf8 */;
CREATE TABLE `migrations` (
  `migration` varchar(255) COLLATE utf8mb4_unicode_ci NOT NULL,
  `extension` varchar(255) COLLATE utf8mb4_unicode_ci DEFAULT NULL
) ENGINE=InnoDB DEFAULT CHARSET=utf8mb4 COLLATE=utf8mb4_unicode_ci;
/*!40101 SET character_set_client = @saved_cs_client */;

--
-- Dumping data for table `migrations`
--

LOCK TABLES `migrations` WRITE;
/*!40000 ALTER TABLE `migrations` DISABLE KEYS */;
INSERT INTO `migrations` VALUES ('2015_02_24_000000_create_access_tokens_table',NULL),('2015_02_24_000000_create_api_keys_table',NULL),('2015_02_24_000000_create_config_table',NULL),('2015_02_24_000000_create_discussions_table',NULL),('2015_02_24_000000_create_email_tokens_table',NULL),('2015_02_24_000000_create_groups_table',NULL),('2015_02_24_000000_create_notifications_table',NULL),('2015_02_24_000000_create_password_tokens_table',NULL),('2015_02_24_000000_create_permissions_table',NULL),('2015_02_24_000000_create_posts_table',NULL),('2015_02_24_000000_create_users_discussions_table',NULL),('2015_02_24_000000_create_users_groups_table',NULL),('2015_02_24_000000_create_users_table',NULL),('2015_09_15_000000_create_auth_tokens_table',NULL),('2015_09_20_224327_add_hide_to_discussions',NULL),('2015_09_22_030432_rename_notification_read_time',NULL),('2015_10_07_130531_rename_config_to_settings',NULL),('2015_10_24_194000_add_ip_address_to_posts',NULL),('2015_12_05_042721_change_access_tokens_columns',NULL),('2015_12_17_194247_change_settings_value_column_to_text',NULL),('2016_02_04_095452_add_slug_to_discussions',NULL),('2017_04_07_114138_add_is_private_to_discussions',NULL),('2017_04_07_114138_add_is_private_to_posts',NULL),('2017_04_09_152230_change_posts_content_column_to_mediumtext',NULL),('2018_01_11_093900_change_access_tokens_columns',NULL),('2018_01_11_094000_change_access_tokens_add_foreign_keys',NULL),('2018_01_11_095000_change_api_keys_columns',NULL),('2018_01_11_101800_rename_auth_tokens_to_registration_tokens',NULL),('2018_01_11_102000_change_registration_tokens_rename_id_to_token',NULL),('2018_01_11_102100_change_registration_tokens_created_at_to_datetime',NULL),('2018_01_11_120604_change_posts_table_to_innodb',NULL),('2018_01_11_155200_change_discussions_rename_columns',NULL),('2018_01_11_155300_change_discussions_add_foreign_keys',NULL),('2018_01_15_071700_rename_users_discussions_to_discussion_user',NULL),('2018_01_15_071800_change_discussion_user_rename_columns',NULL),('2018_01_15_071900_change_discussion_user_add_foreign_keys',NULL),('2018_01_15_072600_change_email_tokens_rename_id_to_token',NULL),('2018_01_15_072700_change_email_tokens_add_foreign_keys',NULL),('2018_01_15_072800_change_email_tokens_created_at_to_datetime',NULL),('2018_01_18_130400_rename_permissions_to_group_permission',NULL),('2018_01_18_130500_change_group_permission_add_foreign_keys',NULL),('2018_01_18_130600_rename_users_groups_to_group_user',NULL),('2018_01_18_130700_change_group_user_add_foreign_keys',NULL),('2018_01_18_133000_change_notifications_columns',NULL),('2018_01_18_133100_change_notifications_add_foreign_keys',NULL),('2018_01_18_134400_change_password_tokens_rename_id_to_token',NULL),('2018_01_18_134500_change_password_tokens_add_foreign_keys',NULL),('2018_01_18_134600_change_password_tokens_created_at_to_datetime',NULL),('2018_01_18_135000_change_posts_rename_columns',NULL),('2018_01_18_135100_change_posts_add_foreign_keys',NULL),('2018_01_30_112238_add_fulltext_index_to_discussions_title',NULL),('2018_01_30_220100_create_post_user_table',NULL),('2018_01_30_222900_change_users_rename_columns',NULL),('2018_07_21_000000_seed_default_groups',NULL),('2018_07_21_000100_seed_default_group_permissions',NULL),('2018_09_15_041340_add_users_indicies',NULL),('2018_09_15_041828_add_discussions_indicies',NULL),('2018_09_15_043337_add_notifications_indices',NULL),('2018_09_15_043621_add_posts_indices',NULL),('2018_09_22_004100_change_registration_tokens_columns',NULL),('2018_09_22_004200_create_login_providers_table',NULL),('2018_10_08_144700_add_shim_prefix_to_group_icons',NULL),('2015_09_21_011527_add_is_approved_to_discussions','flarum-approval'),('2015_09_21_011706_add_is_approved_to_posts','flarum-approval'),('2017_07_22_000000_add_default_permissions','flarum-approval'),('2018_09_29_060444_replace_emoji_shorcuts_with_unicode','flarum-emoji'),('2015_09_02_000000_add_flags_read_time_to_users_table','flarum-flags'),('2015_09_02_000000_create_flags_table','flarum-flags'),('2017_07_22_000000_add_default_permissions','flarum-flags'),('2018_06_27_101500_change_flags_rename_time_to_created_at','flarum-flags'),('2018_06_27_101600_change_flags_add_foreign_keys','flarum-flags'),('2018_06_27_105100_change_users_rename_flags_read_time_to_read_flags_at','flarum-flags'),('2018_09_15_043621_add_flags_indices','flarum-flags'),('2015_05_11_000000_create_posts_likes_table','flarum-likes'),('2015_09_04_000000_add_default_like_permissions','flarum-likes'),('2018_06_27_100600_rename_posts_likes_to_post_likes','flarum-likes'),('2018_06_27_100700_change_post_likes_add_foreign_keys','flarum-likes'),('2015_02_24_000000_add_locked_to_discussions','flarum-lock'),('2017_07_22_000000_add_default_permissions','flarum-lock'),('2018_09_15_043621_add_discussions_indices','flarum-lock'),('2015_05_11_000000_create_mentions_posts_table','flarum-mentions'),('2015_05_11_000000_create_mentions_users_table','flarum-mentions'),('2018_06_27_102000_rename_mentions_posts_to_post_mentions_post','flarum-mentions'),('2018_06_27_102100_rename_mentions_users_to_post_mentions_user','flarum-mentions'),('2018_06_27_102200_change_post_mentions_post_rename_mentions_id_to_mentions_post_id','flarum-mentions'),('2018_06_27_102300_change_post_mentions_post_add_foreign_keys','flarum-mentions'),('2018_06_27_102400_change_post_mentions_user_rename_mentions_id_to_mentions_user_id','flarum-mentions'),('2018_06_27_102500_change_post_mentions_user_add_foreign_keys','flarum-mentions'),('2015_02_24_000000_add_sticky_to_discussions','flarum-sticky'),('2017_07_22_000000_add_default_permissions','flarum-sticky'),('2018_09_15_043621_add_discussions_indices','flarum-sticky'),('2015_05_11_000000_add_subscription_to_users_discussions_table','flarum-subscriptions'),('2015_05_11_000000_add_suspended_until_to_users_table','flarum-suspend'),('2015_09_14_000000_rename_suspended_until_column','flarum-suspend'),('2017_07_22_000000_add_default_permissions','flarum-suspend'),('2018_06_27_111400_change_users_rename_suspend_until_to_suspended_until','flarum-suspend'),('2015_02_24_000000_create_discussions_tags_table','flarum-tags'),('2015_02_24_000000_create_tags_table','flarum-tags'),('2015_02_24_000000_create_users_tags_table','flarum-tags'),('2015_02_24_000000_set_default_settings','flarum-tags'),('2015_10_19_061223_make_slug_unique','flarum-tags'),('2017_07_22_000000_add_default_permissions','flarum-tags'),('2018_06_27_085200_change_tags_columns','flarum-tags'),('2018_06_27_085300_change_tags_add_foreign_keys','flarum-tags'),('2018_06_27_090400_rename_users_tags_to_tag_user','flarum-tags'),('2018_06_27_100100_change_tag_user_rename_read_time_to_marked_as_read_at','flarum-tags'),('2018_06_27_100200_change_tag_user_add_foreign_keys','flarum-tags'),('2018_06_27_103000_rename_discussions_tags_to_discussion_tag','flarum-tags'),('2018_06_27_103100_add_discussion_tag_foreign_keys','flarum-tags'),('2015_09_15_000000_add_twitter_id_to_users_table','flarum-auth-twitter'),('2018_09_22_000000_migrate_users_twitter_id_to_login_providers','flarum-auth-twitter'),('2018_09_22_000001_drop_users_twitter_id_column','flarum-auth-twitter'),('2017_03_25_013509_add_gender_to_users','reflar-user-management'),('2017_03_25_013808_create_strikes_table','reflar-user-management'),('2017_05_95_134912_add_discussion_id_to_strikes','reflar-user-management'),('2016_02_13_000000_create_links_table','sijad-links'),('2016_04_19_065618_change_links_columns','sijad-links'),('2016_11_03_000000_create_flagrow_files','flagrow-upload'),('2016_11_07_000000_add_remote_id','flagrow-upload'),('2016_11_11_000000_add_markdown_string','flagrow-upload'),('2017_04_14_000000_uuid','flagrow-upload'),('2017_04_14_000001_downloads_table','flagrow-upload'),('2017_04_19_000000_remove_markdown_string','flagrow-upload'),('2017_04_19_000001_add_tag','flagrow-upload'),('2017_04_19_000002_add_relations','flagrow-upload'),('2016_04_11_182821__create_pages_table','fof-pages'),('2016_08_28_180020_add_is_html','fof-pages'),('2017_05_09_flagrow_fields_table','flagrow-masquerade'),('2017_05_15_flagrow_answers_table','flagrow-masquerade'),('2017_06_14_flagrow_fields_on_bio','flagrow-masquerade'),('2017_09_14_flagrow_fix_indexes','flagrow-masquerade'),('2017_09_19_flagrow_fields_type','flagrow-masquerade'),('2017_10_24_flagrow_fields_validation_comma_to_pipe','flagrow-masquerade'),('2016_07_17_000000_add_default_reaction_permissions','reflar-reactions'),('2016_07_17_000000_create_posts_reactions_table','reflar-reactions'),('2017_07_22_000000_create_reactions_table','reflar-reactions'),('2018_08_02_124505_rename_posts_reactions_to_post_reactions','reflar-reactions'),('2018_08_02_133402_change_reaction_id','reflar-reactions'),('2018_08_02_200500_change_post_reactions_add_foreign_keys','reflar-reactions'),('2016_02_13_000000_create_links_table','fof-links'),('2016_04_19_065618_change_links_columns','fof-links'),('2016_03_03_000000_create_avatar4eg_geotags_table','avatar4eg-geotags'),('2017_01_20_000000_recipients','flagrow-byobu'),('2017_01_27_000000_recipients_groups','flagrow-byobu'),('2017_07_22_000000_is_private','flagrow-byobu');
/*!40000 ALTER TABLE `migrations` ENABLE KEYS */;
UNLOCK TABLES;

--
-- Table structure for table `notifications`
--

DROP TABLE IF EXISTS `notifications`;
/*!40101 SET @saved_cs_client     = @@character_set_client */;
/*!40101 SET character_set_client = utf8 */;
CREATE TABLE `notifications` (
  `id` int(10) unsigned NOT NULL AUTO_INCREMENT,
  `user_id` int(10) unsigned NOT NULL,
  `from_user_id` int(10) unsigned DEFAULT NULL,
  `type` varchar(100) COLLATE utf8mb4_unicode_ci NOT NULL,
  `subject_id` int(10) unsigned DEFAULT NULL,
  `data` blob,
  `created_at` datetime NOT NULL,
  `is_deleted` tinyint(1) NOT NULL DEFAULT '0',
  `read_at` datetime DEFAULT NULL,
  PRIMARY KEY (`id`),
  KEY `notifications_from_user_id_foreign` (`from_user_id`),
  KEY `notifications_user_id_index` (`user_id`),
  CONSTRAINT `notifications_from_user_id_foreign` FOREIGN KEY (`from_user_id`) REFERENCES `users` (`id`) ON DELETE SET NULL,
  CONSTRAINT `notifications_user_id_foreign` FOREIGN KEY (`user_id`) REFERENCES `users` (`id`) ON DELETE CASCADE
) ENGINE=InnoDB AUTO_INCREMENT=425 DEFAULT CHARSET=utf8mb4 COLLATE=utf8mb4_unicode_ci;
/*!40101 SET character_set_client = @saved_cs_client */;

--
-- Dumping data for table `notifications`
--

LOCK TABLES `notifications` WRITE;
/*!40000 ALTER TABLE `notifications` DISABLE KEYS */;
INSERT INTO `notifications` VALUES (1,35,37,'discussionRenamed',2,_binary '{\"postNumber\":4}','2019-01-02 12:51:49',0,NULL),(2,34,33,'newPost',2,_binary '{\"postNumber\":7}','2019-01-02 12:55:43',0,'2019-01-10 04:56:26'),(3,34,37,'postMentioned',7,_binary '{\"replyNumber\":8}','2019-01-02 12:58:31',0,NULL),(4,33,63,'newPost',2,_binary '{\"postNumber\":9}','2019-01-02 13:08:28',0,'2019-01-03 04:15:22'),(5,34,63,'newPost',2,_binary '{\"postNumber\":9}','2019-01-02 13:08:28',0,'2019-01-10 04:56:26'),(6,37,63,'newPost',2,_binary '{\"postNumber\":9}','2019-01-02 13:08:28',0,'2019-01-11 04:45:14'),(7,64,31,'postLiked',22,NULL,'2019-01-02 14:07:35',0,'2019-01-09 09:22:25'),(8,64,65,'postLiked',22,NULL,'2019-01-02 14:36:29',0,'2019-01-09 09:22:25'),(9,33,1,'newPost',2,_binary '{\"postNumber\":10}','2019-01-03 05:38:25',1,NULL),(10,34,1,'newPost',2,_binary '{\"postNumber\":10}','2019-01-03 05:38:25',1,'2019-01-10 04:56:26'),(11,37,1,'newPost',2,_binary '{\"postNumber\":10}','2019-01-03 05:38:25',1,'2019-01-11 04:45:14'),(12,33,1,'newPost',2,_binary '{\"postNumber\":11}','2019-01-03 06:35:07',1,NULL),(13,34,1,'newPost',2,_binary '{\"postNumber\":11}','2019-01-03 06:35:07',1,'2019-01-10 04:56:26'),(14,37,1,'newPost',2,_binary '{\"postNumber\":11}','2019-01-03 06:35:07',1,'2019-01-11 04:45:14'),(15,17,36,'postLiked',25,NULL,'2019-01-03 07:32:48',0,NULL),(16,65,36,'postLiked',23,NULL,'2019-01-03 07:32:52',0,'2019-01-03 14:49:46'),(17,31,36,'newPost',11,_binary '{\"postNumber\":3}','2019-01-03 07:33:20',0,'2019-02-13 04:53:33'),(18,64,36,'postLiked',22,NULL,'2019-01-03 07:33:36',0,'2019-01-09 09:22:25'),(19,31,36,'postLiked',20,NULL,'2019-01-03 07:33:41',0,'2019-02-13 04:53:33'),(20,35,36,'postLiked',2,NULL,'2019-01-03 07:33:52',0,'2019-02-14 08:21:08'),(21,36,31,'postLiked',30,NULL,'2019-01-03 07:36:34',0,'2019-01-08 06:13:31'),(22,36,65,'postLiked',30,NULL,'2019-01-03 14:51:02',0,'2019-01-08 06:13:31'),(23,1,65,'postLiked',32,NULL,'2019-01-05 11:12:18',0,'2019-01-07 10:03:55'),(24,114,65,'postMentioned',49,_binary '{\"replyNumber\":3}','2019-01-09 10:28:09',0,'2019-01-10 03:08:33'),(25,116,65,'newPost',16,_binary '{\"postNumber\":3}','2019-01-09 10:28:10',0,'2019-01-16 05:12:18'),(26,36,80,'newPost',11,_binary '{\"postNumber\":6}','2019-01-09 13:12:42',0,'2019-01-12 06:59:34'),(27,80,36,'postLiked',59,NULL,'2019-01-09 13:31:30',0,'2019-01-09 18:09:50'),(28,80,36,'postMentioned',59,_binary '{\"replyNumber\":7}','2019-01-09 13:32:04',0,'2019-01-09 18:09:19'),(29,70,127,'postLiked',57,NULL,'2019-01-09 17:19:46',0,'2019-01-10 11:51:36'),(30,36,130,'postLiked',55,NULL,'2019-01-09 18:31:08',0,'2019-01-12 06:59:24'),(31,36,130,'postLiked',53,NULL,'2019-01-09 18:31:23',0,'2019-01-10 03:49:31'),(32,36,130,'postLiked',51,NULL,'2019-01-09 18:32:11',0,'2019-01-12 06:59:03'),(33,70,128,'postLiked',57,NULL,'2019-01-09 18:40:00',0,'2019-01-10 11:51:36'),(34,33,128,'newPost',3,_binary '{\"postNumber\":3}','2019-01-10 01:27:19',0,'2019-01-16 12:39:46'),(35,37,128,'newPost',3,_binary '{\"postNumber\":3}','2019-01-10 01:27:19',0,'2019-01-11 04:45:14'),(36,65,114,'postMentioned',50,_binary '{\"replyNumber\":6}','2019-01-10 01:53:37',0,NULL),(37,17,114,'newPost',16,_binary '{\"postNumber\":6}','2019-01-10 01:53:37',0,NULL),(38,124,114,'newPost',16,_binary '{\"postNumber\":6}','2019-01-10 01:53:37',0,'2019-01-11 06:04:26'),(39,125,114,'newPost',16,_binary '{\"postNumber\":6}','2019-01-10 01:53:37',0,NULL),(40,114,62,'postMentioned',81,_binary '{\"replyNumber\":7}','2019-01-10 02:49:16',0,'2019-01-10 03:08:33'),(41,31,60,'newPost',5,_binary '{\"postNumber\":3}','2019-01-10 02:49:41',1,'2019-02-13 04:53:33'),(42,114,62,'postMentioned',81,_binary '{\"replyNumber\":8}','2019-01-10 02:50:55',0,'2019-01-10 03:08:33'),(43,31,36,'postLiked',67,NULL,'2019-01-10 02:51:59',0,'2019-02-13 04:53:33'),(44,31,36,'postLiked',68,NULL,'2019-01-10 02:52:23',0,'2019-02-13 04:53:33'),(45,31,36,'postLiked',71,NULL,'2019-01-10 02:58:30',0,'2019-02-13 04:53:33'),(46,31,36,'postLiked',78,NULL,'2019-01-10 02:58:32',0,'2019-02-13 04:53:33'),(47,62,114,'postMentioned',84,_binary '{\"replyNumber\":11}','2019-01-10 03:08:01',0,'2019-01-11 02:53:09'),(48,128,37,'postMentioned',80,_binary '{\"replyNumber\":4}','2019-01-10 03:19:55',0,'2019-01-10 17:45:48'),(49,33,37,'newPost',3,_binary '{\"postNumber\":4}','2019-01-10 03:19:55',0,'2019-01-16 12:39:46'),(50,114,109,'newPost',16,_binary '{\"postNumber\":12}','2019-01-10 03:39:44',0,'2019-01-23 01:44:01'),(51,116,109,'newPost',16,_binary '{\"postNumber\":12}','2019-01-10 03:39:44',0,'2019-01-16 05:12:18'),(52,31,36,'postLiked',72,NULL,'2019-01-10 03:41:45',0,'2019-02-13 04:53:33'),(53,114,117,'newPost',16,_binary '{\"postNumber\":13}','2019-01-10 03:45:33',0,'2019-01-23 01:44:01'),(54,31,36,'postLiked',74,NULL,'2019-01-10 03:49:12',0,'2019-02-13 04:53:33'),(55,31,36,'postLiked',76,NULL,'2019-01-10 03:50:21',0,'2019-02-13 04:53:33'),(56,17,112,'newPost',16,_binary '{\"postNumber\":14}','2019-01-10 06:02:10',1,NULL),(57,114,112,'newPost',16,_binary '{\"postNumber\":14}','2019-01-10 06:02:10',1,'2019-01-23 01:44:01'),(58,116,112,'newPost',16,_binary '{\"postNumber\":14}','2019-01-10 06:02:10',1,'2019-01-16 05:12:18'),(59,17,138,'newPost',16,_binary '{\"postNumber\":15}','2019-01-10 06:40:06',0,NULL),(60,137,138,'newPost',16,_binary '{\"postNumber\":15}','2019-01-10 06:40:06',0,'2019-01-22 15:08:38'),(61,37,112,'newPost',3,_binary '{\"postNumber\":5}','2019-01-10 06:55:19',0,'2019-01-11 04:45:14'),(62,17,138,'newPost',16,_binary '{\"postNumber\":16}','2019-01-10 07:01:02',0,NULL),(63,36,139,'newPost',11,_binary '{\"postNumber\":8}','2019-01-10 07:23:42',0,'2019-01-12 06:59:34'),(64,17,115,'newPost',16,_binary '{\"postNumber\":18}','2019-01-10 07:45:35',0,NULL),(65,70,17,'postLiked',57,NULL,'2019-01-10 08:00:54',0,'2019-01-10 11:51:36'),(66,36,142,'postLiked',95,NULL,'2019-01-10 09:23:01',0,'2019-01-12 06:59:28'),(67,31,142,'postLiked',74,NULL,'2019-01-10 09:23:15',0,'2019-02-13 04:53:33'),(68,17,116,'newPost',16,_binary '{\"postNumber\":19}','2019-01-10 09:26:59',0,NULL),(69,70,117,'postLiked',47,NULL,'2019-01-10 10:08:06',0,'2019-01-10 11:50:27'),(70,36,142,'newPost',19,_binary '{\"postNumber\":2}','2019-01-10 10:11:28',0,'2019-01-12 06:59:14'),(71,116,70,'postLiked',108,NULL,'2019-01-10 11:35:38',0,'2019-01-16 05:12:23'),(72,17,125,'newPost',16,_binary '{\"postNumber\":21}','2019-01-10 11:51:01',0,NULL),(73,116,125,'newPost',16,_binary '{\"postNumber\":21}','2019-01-10 11:51:01',0,'2019-01-16 05:12:18'),(74,114,37,'postMentioned',91,_binary '{\"replyNumber\":22}','2019-01-10 11:55:53',0,'2019-01-23 01:43:54'),(75,125,37,'newPost',16,_binary '{\"postNumber\":22}','2019-01-10 11:55:54',0,NULL),(76,37,144,'newPost',16,_binary '{\"postNumber\":23}','2019-01-10 11:59:08',0,'2019-01-11 12:23:11'),(77,125,144,'newPost',16,_binary '{\"postNumber\":23}','2019-01-10 11:59:08',0,NULL),(78,109,37,'postMentioned',94,_binary '{\"replyNumber\":24}','2019-01-10 12:00:20',0,NULL),(79,144,37,'newPost',16,_binary '{\"postNumber\":24}','2019-01-10 12:00:20',0,NULL),(80,117,37,'postMentioned',97,_binary '{\"replyNumber\":25}','2019-01-10 12:03:16',0,NULL),(81,37,126,'newPost',16,_binary '{\"postNumber\":26}','2019-01-10 12:07:31',0,'2019-01-11 12:23:11'),(82,125,126,'newPost',16,_binary '{\"postNumber\":26}','2019-01-10 12:07:31',0,NULL),(83,138,37,'postMentioned',101,_binary '{\"replyNumber\":27}','2019-01-10 12:07:36',0,'2019-01-22 12:01:01'),(84,138,37,'postMentioned',103,_binary '{\"replyNumber\":28}','2019-01-10 12:10:10',0,'2019-01-22 12:07:40'),(85,139,37,'postMentioned',104,_binary '{\"replyNumber\":29}','2019-01-10 12:12:24',0,NULL),(86,116,37,'postMentioned',107,_binary '{\"replyNumber\":30}','2019-01-10 12:14:26',0,NULL),(87,125,37,'newPost',16,_binary '{\"postNumber\":30}','2019-01-10 12:14:26',0,NULL),(88,137,37,'newPost',16,_binary '{\"postNumber\":30}','2019-01-10 12:14:26',0,'2019-01-22 15:08:38'),(89,144,37,'postMentioned',112,_binary '{\"replyNumber\":31}','2019-01-10 12:17:40',0,'2019-01-15 14:51:25'),(90,17,37,'newPost',16,_binary '{\"postNumber\":31}','2019-01-10 12:17:40',0,NULL),(91,137,37,'newPost',16,_binary '{\"postNumber\":31}','2019-01-10 12:17:40',0,'2019-01-22 15:08:38'),(92,142,31,'postMentioned',109,_binary '{\"replyNumber\":3}','2019-01-10 12:18:12',0,NULL),(93,126,37,'postMentioned',115,_binary '{\"replyNumber\":32}','2019-01-10 12:19:02',0,'2019-01-29 08:37:05'),(94,126,37,'postMentioned',115,_binary '{\"replyNumber\":33}','2019-01-10 12:21:19',0,'2019-01-29 08:37:05'),(95,137,37,'newPost',16,_binary '{\"postNumber\":33}','2019-01-10 12:21:19',0,'2019-01-22 15:08:38'),(96,114,116,'postLiked',49,NULL,'2019-01-10 12:22:59',0,'2019-01-23 01:44:23'),(97,127,37,'postMentioned',63,_binary '{\"replyNumber\":9}','2019-01-10 12:22:59',0,'2019-01-31 18:26:31'),(98,141,37,'newPost',20,_binary '{\"postNumber\":9}','2019-01-10 12:22:59',0,NULL),(99,128,37,'postMentioned',64,_binary '{\"replyNumber\":10}','2019-01-10 12:23:40',0,NULL),(100,128,37,'postMentioned',65,_binary '{\"replyNumber\":11}','2019-01-10 12:24:37',0,NULL),(101,65,116,'postMentioned',50,_binary '{\"replyNumber\":34}','2019-01-10 12:24:51',0,NULL),(102,17,116,'newPost',16,_binary '{\"postNumber\":34}','2019-01-10 12:24:51',0,NULL),(103,37,116,'newPost',16,_binary '{\"postNumber\":34}','2019-01-10 12:24:51',0,'2019-01-11 12:23:11'),(104,137,116,'newPost',16,_binary '{\"postNumber\":34}','2019-01-10 12:24:51',0,'2019-01-22 15:08:38'),(105,131,37,'postMentioned',66,_binary '{\"replyNumber\":12}','2019-01-10 12:25:51',0,NULL),(106,127,37,'postMentioned',93,_binary '{\"replyNumber\":13}','2019-01-10 12:27:02',0,'2019-01-31 18:26:31'),(107,125,116,'postLiked',110,NULL,'2019-01-10 12:29:26',0,NULL),(108,138,136,'postMentioned',103,_binary '{\"replyNumber\":36}','2019-01-10 12:34:45',0,'2019-01-22 12:07:40'),(109,116,136,'newPost',16,_binary '{\"postNumber\":36}','2019-01-10 12:34:45',0,'2019-01-16 05:12:18'),(110,116,126,'newPost',16,_binary '{\"postNumber\":37}','2019-01-10 12:39:21',0,'2019-01-16 05:12:18'),(111,125,136,'postMentioned',110,_binary '{\"replyNumber\":38}','2019-01-10 12:41:47',0,'2019-01-22 11:52:19'),(112,116,136,'newPost',16,_binary '{\"postNumber\":38}','2019-01-10 12:41:47',0,'2019-01-16 05:12:18'),(113,17,149,'newPost',16,_binary '{\"postNumber\":39}','2019-01-10 12:52:53',0,NULL),(114,137,149,'newPost',16,_binary '{\"postNumber\":39}','2019-01-10 12:52:53',0,'2019-01-22 15:08:38'),(115,146,149,'newPost',16,_binary '{\"postNumber\":39}','2019-01-10 12:52:53',0,NULL),(116,136,125,'postLiked',133,NULL,'2019-01-10 13:00:03',0,NULL),(117,116,37,'postMentioned',127,_binary '{\"replyNumber\":40}','2019-01-10 13:00:34',0,NULL),(118,17,37,'newPost',16,_binary '{\"postNumber\":40}','2019-01-10 13:00:34',0,NULL),(119,125,37,'newPost',16,_binary '{\"postNumber\":40}','2019-01-10 13:00:34',0,NULL),(120,149,37,'newPost',16,_binary '{\"postNumber\":40}','2019-01-10 13:00:34',0,NULL),(121,116,37,'postMentioned',129,_binary '{\"replyNumber\":41}','2019-01-10 13:01:34',0,NULL),(122,17,37,'newPost',16,_binary '{\"postNumber\":41}','2019-01-10 13:01:34',0,NULL),(123,37,126,'newPost',16,_binary '{\"postNumber\":42}','2019-01-10 13:05:01',0,'2019-01-11 12:23:11'),(124,149,116,'postLiked',134,NULL,'2019-01-10 13:15:52',0,'2019-01-10 13:18:59'),(125,126,17,'postMentioned',137,_binary '{\"replyNumber\":45}','2019-01-10 13:41:04',0,'2019-01-29 08:37:05'),(126,116,17,'newPost',16,_binary '{\"postNumber\":45}','2019-01-10 13:41:04',0,'2019-01-16 05:12:18'),(127,149,17,'newPost',16,_binary '{\"postNumber\":45}','2019-01-10 13:41:04',0,NULL),(128,70,151,'postLiked',57,NULL,'2019-01-10 13:47:12',0,NULL),(129,17,150,'newPost',16,_binary '{\"postNumber\":46}','2019-01-10 13:52:56',0,NULL),(130,149,150,'newPost',16,_binary '{\"postNumber\":46}','2019-01-10 13:52:56',0,NULL),(131,149,17,'postMentioned',134,_binary '{\"replyNumber\":47}','2019-01-10 14:04:08',0,NULL),(132,126,31,'postMentioned',132,_binary '{\"replyNumber\":48}','2019-01-10 14:04:42',0,'2019-01-29 08:37:05'),(133,17,31,'newPost',16,_binary '{\"postNumber\":48}','2019-01-10 14:04:42',0,NULL),(134,70,17,'discussionLocked',16,_binary '{\"postNumber\":49}','2019-01-10 14:05:01',0,NULL),(135,150,17,'postMentioned',142,_binary '{\"replyNumber\":50}','2019-01-10 14:23:47',0,NULL),(136,149,112,'postLiked',134,NULL,'2019-01-10 15:27:07',0,NULL),(137,37,128,'newPost',20,_binary '{\"postNumber\":14}','2019-01-10 15:37:21',0,'2019-01-11 04:45:14'),(138,150,128,'newPost',20,_binary '{\"postNumber\":14}','2019-01-10 15:37:21',0,NULL),(139,152,128,'postLiked',148,NULL,'2019-01-10 17:45:04',0,'2019-01-18 04:22:39'),(140,127,128,'postLiked',63,NULL,'2019-01-10 17:45:13',0,'2019-01-31 18:26:31'),(141,37,128,'postLiked',92,NULL,'2019-01-10 17:45:59',0,'2019-01-11 04:45:14'),(142,136,152,'postLiked',131,NULL,'2019-01-10 18:32:37',0,NULL),(143,141,131,'newPost',20,_binary '{\"postNumber\":17}','2019-01-10 18:33:08',0,NULL),(144,141,128,'postLiked',149,NULL,'2019-01-10 20:29:25',0,NULL),(145,17,150,'postLiked',146,NULL,'2019-01-10 23:46:21',0,NULL),(146,142,36,'postLiked',109,NULL,'2019-01-11 02:27:54',0,NULL),(147,152,62,'postLiked',148,NULL,'2019-01-11 02:55:14',0,'2019-01-18 04:22:39'),(148,152,36,'postLiked',148,NULL,'2019-01-11 03:20:20',0,'2019-01-18 04:22:39'),(149,128,37,'postMentioned',147,_binary '{\"replyNumber\":22}','2019-01-11 03:25:56',0,NULL),(150,152,37,'postLiked',148,NULL,'2019-01-11 03:28:38',0,'2019-01-18 04:22:39'),(151,131,37,'postMentioned',150,_binary '{\"replyNumber\":23}','2019-01-11 03:48:53',0,NULL),(152,153,37,'postMentioned',151,_binary '{\"replyNumber\":24}','2019-01-11 03:50:41',0,NULL),(153,152,37,'postMentioned',153,_binary '{\"replyNumber\":25}','2019-01-11 03:51:49',0,'2019-01-11 04:16:19'),(154,127,36,'postLiked',63,NULL,'2019-01-11 03:52:38',0,'2019-01-31 18:26:31'),(155,128,36,'postLiked',64,NULL,'2019-01-11 03:52:40',0,NULL),(156,128,36,'postLiked',65,NULL,'2019-01-11 03:52:42',0,NULL),(157,131,36,'postLiked',66,NULL,'2019-01-11 03:52:44',0,NULL),(158,127,36,'postLiked',93,NULL,'2019-01-11 03:52:46',0,'2019-01-31 18:26:31'),(159,37,36,'postLiked',124,NULL,'2019-01-11 03:52:51',0,'2019-01-11 04:45:14'),(160,37,36,'postLiked',125,NULL,'2019-01-11 03:52:54',0,'2019-01-11 04:45:14'),(161,37,36,'postLiked',126,NULL,'2019-01-11 03:52:55',0,'2019-01-11 04:45:14'),(162,37,36,'postLiked',128,NULL,'2019-01-11 03:52:57',0,'2019-01-11 04:45:14'),(163,37,36,'postLiked',130,NULL,'2019-01-11 03:52:58',0,'2019-01-11 04:45:14'),(164,128,36,'postLiked',147,NULL,'2019-01-11 03:53:05',0,NULL),(165,141,36,'postLiked',149,NULL,'2019-01-11 03:53:09',0,NULL),(166,131,36,'postLiked',150,NULL,'2019-01-11 03:53:11',0,NULL),(167,153,36,'postLiked',151,NULL,'2019-01-11 03:53:13',0,NULL),(168,153,36,'postLiked',152,NULL,'2019-01-11 03:53:14',0,NULL),(169,152,36,'postLiked',153,NULL,'2019-01-11 03:53:16',0,'2019-01-11 21:15:23'),(170,153,31,'postMentioned',152,_binary '{\"replyNumber\":26}','2019-01-11 03:53:29',0,NULL),(171,37,31,'newPost',20,_binary '{\"postNumber\":26}','2019-01-11 03:53:29',0,'2019-01-11 04:45:14'),(172,152,136,'postLiked',148,NULL,'2019-01-11 03:53:34',0,'2019-01-18 04:22:39'),(173,152,36,'postLiked',154,NULL,'2019-01-11 03:53:35',0,'2019-01-11 04:16:19'),(174,37,36,'postLiked',155,NULL,'2019-01-11 03:53:37',0,'2019-01-11 04:45:14'),(175,128,136,'postLiked',65,NULL,'2019-01-11 03:56:56',0,NULL),(176,128,136,'postMentioned',65,_binary '{\"replyNumber\":27}','2019-01-11 03:57:25',0,NULL),(177,152,37,'postMentioned',154,_binary '{\"replyNumber\":28}','2019-01-11 03:57:42',0,'2019-01-11 04:16:19'),(178,31,36,'postLiked',159,NULL,'2019-01-11 04:00:27',0,'2019-02-13 04:53:33'),(179,37,36,'postLiked',158,NULL,'2019-01-11 04:00:29',0,'2019-01-11 04:45:14'),(180,37,36,'postLiked',157,NULL,'2019-01-11 04:00:31',0,'2019-01-11 04:45:14'),(181,37,36,'postLiked',156,NULL,'2019-01-11 04:00:32',0,'2019-01-11 04:45:14'),(182,37,152,'postLiked',158,NULL,'2019-01-11 04:00:42',0,'2019-01-11 04:45:14'),(183,70,109,'postLiked',57,NULL,'2019-01-11 04:00:56',0,NULL),(184,127,109,'postLiked',63,NULL,'2019-01-11 04:01:01',0,'2019-01-31 18:26:31'),(185,128,109,'postLiked',64,NULL,'2019-01-11 04:01:04',0,NULL),(186,128,109,'postLiked',65,NULL,'2019-01-11 04:01:08',0,NULL),(187,131,109,'postLiked',66,NULL,'2019-01-11 04:01:11',0,NULL),(188,127,109,'postLiked',93,NULL,'2019-01-11 04:01:14',0,'2019-01-31 18:26:31'),(189,37,109,'postLiked',124,NULL,'2019-01-11 04:01:17',0,'2019-01-11 04:45:14'),(190,37,109,'postLiked',125,NULL,'2019-01-11 04:01:20',0,'2019-01-11 04:45:14'),(191,37,109,'postLiked',126,NULL,'2019-01-11 04:01:23',0,'2019-01-11 04:45:14'),(192,37,109,'postLiked',128,NULL,'2019-01-11 04:01:27',0,'2019-01-11 04:45:14'),(193,37,109,'postLiked',130,NULL,'2019-01-11 04:01:29',0,'2019-01-11 04:45:14'),(194,128,109,'postLiked',147,NULL,'2019-01-11 04:01:32',0,NULL),(195,152,109,'postLiked',148,NULL,'2019-01-11 04:01:37',0,'2019-01-18 04:22:39'),(196,141,109,'postLiked',149,NULL,'2019-01-11 04:01:52',0,NULL),(197,131,109,'postLiked',150,NULL,'2019-01-11 04:02:07',0,NULL),(198,153,109,'postLiked',151,NULL,'2019-01-11 04:02:09',0,NULL),(199,153,109,'postLiked',152,NULL,'2019-01-11 04:02:12',0,NULL),(200,152,109,'postLiked',153,NULL,'2019-01-11 04:02:37',0,'2019-01-11 21:15:23'),(201,152,109,'postLiked',154,NULL,'2019-01-11 04:02:42',0,'2019-01-11 04:16:19'),(202,37,109,'postLiked',155,NULL,'2019-01-11 04:02:45',0,'2019-01-11 04:45:14'),(203,37,109,'postLiked',156,NULL,'2019-01-11 04:02:49',0,'2019-01-11 04:45:14'),(204,37,109,'postLiked',157,NULL,'2019-01-11 04:02:51',0,'2019-01-11 04:45:14'),(205,37,109,'postLiked',158,NULL,'2019-01-11 04:02:55',0,'2019-01-11 04:45:14'),(206,31,109,'postLiked',159,NULL,'2019-01-11 04:03:03',0,'2019-02-13 04:53:33'),(207,136,109,'postLiked',160,NULL,'2019-01-11 04:03:04',0,NULL),(208,152,136,'postMentioned',154,_binary '{\"replyNumber\":29}','2019-01-11 04:03:06',0,'2019-01-11 04:16:19'),(209,37,136,'newPost',20,_binary '{\"postNumber\":29}','2019-01-11 04:03:06',0,'2019-01-11 04:45:14'),(210,37,109,'postLiked',161,NULL,'2019-01-11 04:03:08',0,'2019-01-11 04:45:14'),(211,136,152,'postLiked',162,NULL,'2019-01-11 04:05:02',0,NULL),(212,153,37,'postMentioned',152,_binary '{\"replyNumber\":30}','2019-01-11 04:05:08',0,NULL),(213,136,109,'postLiked',162,NULL,'2019-01-11 04:09:22',0,NULL),(214,37,109,'postLiked',163,NULL,'2019-01-11 04:09:28',0,'2019-01-11 04:45:14'),(215,136,36,'postLiked',162,NULL,'2019-01-11 04:09:34',0,NULL),(216,136,36,'postLiked',160,NULL,'2019-01-11 04:09:38',0,NULL),(217,37,36,'postLiked',161,NULL,'2019-01-11 04:09:43',0,'2019-01-11 04:45:14'),(218,136,152,'postMentioned',162,_binary '{\"replyNumber\":31}','2019-01-11 04:11:58',0,NULL),(219,37,152,'newPost',20,_binary '{\"postNumber\":31}','2019-01-11 04:11:58',0,'2019-01-11 04:45:14'),(220,152,109,'postLiked',164,NULL,'2019-01-11 04:14:25',0,'2019-01-11 21:15:26'),(221,136,37,'postLiked',162,NULL,'2019-01-11 04:22:51',0,NULL),(222,152,36,'postLiked',164,NULL,'2019-01-11 04:23:17',0,'2019-01-11 21:15:26'),(223,37,36,'postLiked',163,NULL,'2019-01-11 04:23:19',0,'2019-01-11 04:45:14'),(224,152,37,'postLiked',164,NULL,'2019-01-11 04:23:42',0,'2019-01-11 21:15:26'),(225,31,37,'discussionRenamed',27,_binary '{\"postNumber\":3}','2019-01-11 04:28:35',0,'2019-02-13 04:53:33'),(226,141,136,'postMentioned',149,_binary '{\"replyNumber\":32}','2019-01-11 04:41:38',0,NULL),(227,37,136,'newPost',20,_binary '{\"postNumber\":32}','2019-01-11 04:41:38',0,'2019-01-11 04:45:14'),(228,152,136,'postMentioned',148,_binary '{\"replyNumber\":33}','2019-01-11 04:45:14',0,'2019-01-11 04:49:23'),(229,37,136,'newPost',20,_binary '{\"postNumber\":33}','2019-01-11 04:45:14',0,'2019-01-11 04:45:14'),(230,136,36,'postLiked',166,NULL,'2019-01-11 04:45:17',0,NULL),(231,136,36,'postLiked',167,NULL,'2019-01-11 04:46:50',0,NULL),(232,136,152,'postLiked',167,NULL,'2019-01-11 04:50:33',0,NULL),(233,150,112,'postLiked',142,NULL,'2019-01-11 05:40:43',0,NULL),(234,37,62,'postLiked',158,NULL,'2019-01-11 05:57:17',0,NULL),(235,37,62,'postLiked',157,NULL,'2019-01-11 05:57:18',0,NULL),(236,136,141,'postLiked',166,NULL,'2019-01-11 09:37:14',0,NULL),(237,152,141,'postLiked',148,NULL,'2019-01-11 09:41:07',0,'2019-01-18 04:22:39'),(238,153,141,'postLiked',152,NULL,'2019-01-11 09:44:18',0,NULL),(239,152,141,'postLiked',153,NULL,'2019-01-11 09:45:03',0,'2019-01-11 21:15:23'),(240,136,141,'postLiked',162,NULL,'2019-01-11 09:49:04',0,NULL),(241,136,141,'postLiked',167,NULL,'2019-01-11 09:51:41',0,NULL),(242,148,119,'postMentioned',138,_binary '{\"replyNumber\":51}','2019-01-11 09:53:36',0,NULL),(243,17,119,'newPost',16,_binary '{\"postNumber\":51}','2019-01-11 09:53:36',0,NULL),(244,37,119,'newPost',16,_binary '{\"postNumber\":51}','2019-01-11 09:53:36',0,'2019-01-11 12:23:11'),(245,124,119,'newPost',16,_binary '{\"postNumber\":51}','2019-01-11 09:53:36',0,NULL),(246,149,119,'newPost',16,_binary '{\"postNumber\":51}','2019-01-11 09:53:36',0,NULL),(247,36,35,'postLiked',51,NULL,'2019-01-11 09:57:33',0,'2019-01-12 06:59:03'),(248,136,35,'postLiked',131,NULL,'2019-01-11 10:00:15',0,NULL),(249,136,128,'postLiked',162,NULL,'2019-01-11 13:06:06',0,NULL),(250,31,128,'postLiked',159,NULL,'2019-01-11 15:26:25',0,'2019-02-13 04:53:33'),(251,136,127,'postLiked',167,NULL,'2019-01-11 20:12:47',0,NULL),(252,136,127,'postLiked',166,NULL,'2019-01-11 20:12:55',0,NULL),(253,142,36,'postMentioned',109,_binary '{\"replyNumber\":4}','2019-01-12 06:58:38',0,NULL),(254,31,36,'postLiked',121,NULL,'2019-01-12 06:59:20',0,'2019-02-13 04:53:33'),(255,150,116,'postLiked',142,NULL,'2019-01-13 12:58:20',0,NULL),(256,31,116,'postLiked',144,NULL,'2019-01-13 13:01:20',0,'2019-02-13 04:53:33'),(257,152,128,'postLiked',175,NULL,'2019-01-14 18:28:06',0,'2019-01-18 04:40:49'),(258,70,160,'postLiked',47,NULL,'2019-01-15 02:57:00',0,NULL),(259,158,36,'postLiked',174,NULL,'2019-01-15 04:59:14',0,NULL),(260,158,36,'postMentioned',174,_binary '{\"replyNumber\":4}','2019-01-15 04:59:32',0,NULL),(261,152,112,'postMentioned',175,_binary '{\"replyNumber\":3}','2019-01-15 06:34:39',0,'2019-01-18 04:23:21'),(262,128,112,'postMentioned',172,_binary '{\"replyNumber\":3}','2019-01-15 06:49:26',0,'2019-01-17 15:30:50'),(263,1,60,'postMentioned',48,_binary '{\"replyNumber\":19}','2019-01-15 09:05:55',0,NULL),(264,31,36,'postLiked',177,NULL,'2019-01-15 10:34:22',0,'2019-02-13 04:53:33'),(265,112,36,'postLiked',178,NULL,'2019-01-15 10:34:24',0,'2019-01-20 18:06:33'),(266,152,126,'postLiked',148,NULL,'2019-01-16 02:43:49',0,'2019-01-18 04:22:39'),(267,31,128,'postLiked',193,NULL,'2019-01-17 15:13:29',0,'2019-02-13 04:53:33'),(268,112,152,'postLiked',178,NULL,'2019-01-18 04:25:11',0,'2019-01-20 18:06:33'),(269,112,152,'postMentioned',178,_binary '{\"replyNumber\":4}','2019-01-18 04:36:16',0,'2019-01-20 09:02:21'),(270,31,152,'postLiked',177,NULL,'2019-01-18 04:39:53',0,'2019-02-13 04:53:33'),(271,128,31,'postLiked',195,NULL,'2019-01-18 05:23:22',0,NULL),(272,152,112,'postLiked',196,NULL,'2019-01-20 09:03:01',0,'2019-01-22 23:14:23'),(273,152,112,'postMentioned',196,_binary '{\"replyNumber\":5}','2019-01-20 09:06:16',0,'2019-01-22 23:14:21'),(274,165,112,'postMentioned',183,_binary '{\"replyNumber\":4}','2019-01-20 12:17:07',0,'2019-02-13 08:28:53'),(275,128,112,'postLiked',195,NULL,'2019-01-20 18:07:10',0,NULL),(276,167,64,'postMentioned',202,_binary '{\"replyNumber\":2}','2019-01-21 06:25:22',0,'2019-01-21 07:39:54'),(277,64,167,'postMentioned',203,_binary '{\"replyNumber\":3}','2019-01-21 07:37:40',0,'2019-01-21 09:15:40'),(278,64,157,'postLiked',181,NULL,'2019-01-21 08:08:27',0,'2019-01-21 09:14:00'),(279,167,64,'newPost',46,_binary '{\"postNumber\":6}','2019-01-21 09:13:19',0,'2019-01-21 10:12:46'),(280,167,64,'postMentioned',210,_binary '{\"replyNumber\":8}','2019-01-21 17:02:58',0,'2019-01-22 02:29:17'),(281,64,167,'postLiked',211,NULL,'2019-01-22 03:48:25',0,'2019-01-22 04:36:44'),(282,167,64,'postMentioned',213,_binary '{\"replyNumber\":10}','2019-01-22 04:35:19',0,'2019-01-22 04:57:59'),(283,167,64,'postMentioned',215,_binary '{\"replyNumber\":12}','2019-01-22 05:51:40',0,'2019-01-22 06:21:00'),(284,167,64,'postMentioned',217,_binary '{\"replyNumber\":14}','2019-01-22 09:23:34',0,'2019-01-22 10:36:23'),(285,17,149,'postLiked',143,NULL,'2019-01-22 11:33:51',1,NULL),(286,34,84,'userMentioned',220,NULL,'2019-01-22 11:44:29',1,NULL),(287,84,117,'postMentioned',220,_binary '{\"replyNumber\":5}','2019-01-22 11:55:25',0,'2019-01-23 03:01:50'),(288,70,84,'discussionLocked',16,_binary '{\"postNumber\":52}','2019-01-22 12:10:23',0,NULL),(289,37,138,'newPost',16,_binary '{\"postNumber\":53}','2019-01-22 12:13:45',0,NULL),(290,116,138,'newPost',16,_binary '{\"postNumber\":53}','2019-01-22 12:13:45',0,NULL),(291,125,138,'newPost',16,_binary '{\"postNumber\":53}','2019-01-22 12:13:45',0,NULL),(292,144,138,'newPost',16,_binary '{\"postNumber\":53}','2019-01-22 12:13:45',0,NULL),(293,149,138,'newPost',16,_binary '{\"postNumber\":53}','2019-01-22 12:13:45',0,NULL),(294,149,116,'newPost',16,_binary '{\"postNumber\":55}','2019-01-22 12:31:49',0,NULL),(295,84,31,'postLiked',220,NULL,'2019-01-22 13:54:41',0,'2019-01-25 03:24:54'),(296,37,131,'newPost',20,_binary '{\"postNumber\":34}','2019-01-22 19:07:10',0,NULL),(297,62,131,'newPost',20,_binary '{\"postNumber\":34}','2019-01-22 19:07:10',0,NULL),(298,141,131,'newPost',20,_binary '{\"postNumber\":34}','2019-01-22 19:07:10',0,NULL),(299,112,152,'postLiked',199,NULL,'2019-01-22 23:14:17',0,'2019-01-27 07:10:02'),(300,116,114,'newPost',16,_binary '{\"postNumber\":56}','2019-01-23 01:45:38',0,NULL),(301,137,114,'newPost',16,_binary '{\"postNumber\":56}','2019-01-23 01:45:38',0,NULL),(302,168,114,'newPost',16,_binary '{\"postNumber\":56}','2019-01-23 01:45:38',0,'2019-01-25 02:58:46'),(303,127,109,'userMentioned',235,NULL,'2019-01-23 02:59:11',0,'2019-01-31 18:26:31'),(304,128,109,'userMentioned',235,NULL,'2019-01-23 02:59:11',0,NULL),(305,131,109,'userMentioned',235,NULL,'2019-01-23 02:59:11',0,'2019-02-04 17:47:09'),(306,141,109,'userMentioned',235,NULL,'2019-01-23 02:59:11',0,NULL),(307,152,109,'userMentioned',235,NULL,'2019-01-23 02:59:11',0,'2019-02-08 04:16:19'),(308,153,109,'userMentioned',235,NULL,'2019-01-23 02:59:11',0,'2019-01-23 20:38:53'),(309,64,167,'userMentioned',237,NULL,'2019-01-23 02:59:21',0,'2019-01-28 07:18:38'),(310,114,84,'userMentioned',220,NULL,'2019-01-23 03:00:21',0,'2019-01-30 10:27:33'),(311,116,84,'userMentioned',220,NULL,'2019-01-23 03:00:21',0,NULL),(312,117,84,'userMentioned',220,NULL,'2019-01-23 03:00:21',0,'2019-01-23 09:22:10'),(313,125,84,'userMentioned',220,NULL,'2019-01-23 03:00:21',0,NULL),(314,126,84,'userMentioned',220,NULL,'2019-01-23 03:00:21',0,'2019-01-29 08:37:05'),(315,138,84,'userMentioned',220,NULL,'2019-01-23 03:00:21',0,'2019-01-30 07:24:19'),(316,139,84,'userMentioned',220,NULL,'2019-01-23 03:00:21',0,NULL),(317,144,84,'userMentioned',220,NULL,'2019-01-23 03:00:21',0,'2019-01-30 09:38:59'),(318,148,84,'userMentioned',220,NULL,'2019-01-23 03:00:21',0,'2019-02-08 11:20:51'),(319,149,84,'userMentioned',220,NULL,'2019-01-23 03:00:21',0,'2019-02-09 06:54:04'),(320,117,84,'postMentioned',224,_binary '{\"replyNumber\":8}','2019-01-23 03:00:32',0,NULL),(321,116,84,'newPost',48,_binary '{\"postNumber\":8}','2019-01-23 03:00:32',0,NULL),(322,137,84,'newPost',48,_binary '{\"postNumber\":8}','2019-01-23 03:00:32',0,NULL),(323,64,167,'postLiked',218,NULL,'2019-01-23 04:36:20',0,'2019-01-28 07:18:36'),(324,167,64,'postMentioned',240,_binary '{\"replyNumber\":19}','2019-01-23 08:40:23',0,'2019-01-23 08:51:14'),(325,84,116,'postLiked',220,NULL,'2019-01-23 10:09:37',0,'2019-01-25 03:24:54'),(326,64,167,'postMentioned',241,_binary '{\"replyNumber\":20}','2019-01-23 10:30:28',0,'2019-01-28 06:10:31'),(327,116,148,'newPost',48,_binary '{\"postNumber\":9}','2019-01-23 12:28:08',0,NULL),(328,137,148,'newPost',48,_binary '{\"postNumber\":9}','2019-01-23 12:28:08',0,NULL),(329,37,153,'newPost',20,_binary '{\"postNumber\":37}','2019-01-23 20:40:47',0,NULL),(330,167,33,'postMentioned',242,_binary '{\"replyNumber\":21}','2019-01-24 06:33:04',0,'2019-01-24 07:02:43'),(331,33,167,'postMentioned',245,_binary '{\"replyNumber\":22}','2019-01-24 06:53:30',0,'2019-02-14 05:51:44'),(332,64,33,'postMentioned',241,_binary '{\"replyNumber\":23}','2019-01-24 12:00:02',0,'2019-01-28 06:10:31'),(333,167,33,'postMentioned',246,_binary '{\"replyNumber\":23}','2019-01-24 12:00:02',0,'2019-01-29 03:42:23'),(334,168,84,'postLiked',248,NULL,'2019-01-25 03:24:19',0,'2019-01-25 12:47:50'),(335,168,84,'postLiked',249,NULL,'2019-01-25 03:24:27',0,NULL),(336,168,84,'postLiked',250,NULL,'2019-01-25 03:24:32',0,NULL),(337,168,84,'postLiked',251,NULL,'2019-01-25 03:24:35',0,NULL),(338,168,84,'postLiked',252,NULL,'2019-01-25 03:24:38',0,NULL),(339,168,84,'postLiked',253,NULL,'2019-01-25 03:24:44',0,NULL),(340,168,84,'postLiked',254,NULL,'2019-01-25 03:24:47',0,NULL),(341,168,116,'postLiked',249,NULL,'2019-01-25 03:43:57',0,NULL),(342,168,116,'postLiked',250,NULL,'2019-01-25 03:43:59',0,NULL),(343,168,116,'postMentioned',249,_binary '{\"replyNumber\":9}','2019-01-25 03:48:51',0,'2019-01-25 10:12:30'),(344,116,168,'postMentioned',256,_binary '{\"replyNumber\":10}','2019-01-25 10:18:49',0,NULL),(345,168,65,'postLiked',248,NULL,'2019-01-25 12:27:29',0,'2019-01-25 12:47:50'),(346,116,168,'postMentioned',258,_binary '{\"replyNumber\":12}','2019-01-26 03:26:42',0,NULL),(347,136,170,'postLiked',167,NULL,'2019-01-26 10:33:31',0,NULL),(348,168,152,'postLiked',249,NULL,'2019-01-26 16:56:37',0,NULL),(349,116,31,'postMentioned',258,_binary '{\"replyNumber\":13}','2019-01-26 18:43:01',0,NULL),(350,116,126,'newPost',48,_binary '{\"postNumber\":10}','2019-01-29 08:36:42',0,NULL),(351,167,64,'discussionLocked',46,_binary '{\"postNumber\":24}','2019-01-29 09:18:16',0,'2019-01-30 01:50:44'),(352,116,174,'newPost',47,_binary '{\"postNumber\":3}','2019-01-29 13:09:11',0,NULL),(353,174,31,'postMentioned',270,_binary '{\"replyNumber\":4}','2019-01-29 13:34:04',0,NULL),(354,109,31,'postLiked',269,NULL,'2019-01-29 13:34:14',0,NULL),(355,172,62,'postLiked',272,NULL,'2019-01-29 13:37:33',0,'2019-02-14 08:20:26'),(356,167,33,'userMentioned',276,NULL,'2019-01-30 03:58:03',0,'2019-01-31 02:20:23'),(357,144,31,'postMentioned',281,_binary '{\"replyNumber\":13}','2019-01-30 09:44:51',0,'2019-02-08 15:09:58'),(358,167,33,'postMentioned',302,_binary '{\"replyNumber\":7}','2019-01-31 12:04:25',0,'2019-01-31 12:12:19'),(359,64,31,'postLiked',300,NULL,'2019-02-01 09:02:16',0,'2019-02-14 08:20:08'),(360,172,31,'postLiked',272,NULL,'2019-02-04 00:00:22',0,'2019-02-14 08:20:26'),(361,127,31,'postLiked',306,NULL,'2019-02-06 10:44:01',0,NULL),(362,127,31,'newPost',64,_binary '{\"postNumber\":2}','2019-02-06 10:44:18',0,NULL),(363,112,152,'postLiked',308,NULL,'2019-02-08 04:44:08',0,'2019-02-17 07:42:09'),(364,116,149,'newPost',48,_binary '{\"postNumber\":14}','2019-02-09 06:54:34',0,NULL),(365,144,149,'newPost',48,_binary '{\"postNumber\":14}','2019-02-09 06:54:34',0,NULL),(366,131,31,'postMentioned',313,_binary '{\"replyNumber\":4}','2019-02-12 08:45:32',0,NULL),(367,112,31,'postLiked',308,NULL,'2019-02-12 09:24:36',0,'2019-02-17 07:42:09'),(368,31,131,'postMentioned',317,_binary '{\"replyNumber\":5}','2019-02-12 18:31:01',0,'2019-02-13 04:53:33'),(369,178,170,'postLiked',319,NULL,'2019-02-12 19:18:26',0,NULL),(370,36,170,'postLiked',297,NULL,'2019-02-12 19:20:33',0,NULL),(371,112,179,'postLiked',201,NULL,'2019-02-12 20:13:34',0,'2019-02-13 13:42:53'),(372,31,179,'postLiked',317,NULL,'2019-02-12 20:13:48',0,'2019-02-13 04:53:33'),(373,31,179,'postLiked',316,NULL,'2019-02-12 20:13:52',0,'2019-02-13 04:53:33'),(374,178,127,'postMentioned',319,_binary '{\"replyNumber\":3}','2019-02-12 22:51:52',0,NULL),(375,31,127,'postLiked',316,NULL,'2019-02-12 22:53:26',0,'2019-02-13 04:53:33'),(376,178,127,'postLiked',319,NULL,'2019-02-12 22:53:29',0,NULL),(377,178,152,'postLiked',319,NULL,'2019-02-13 03:44:17',0,NULL),(378,178,152,'postMentioned',319,_binary '{\"replyNumber\":4}','2019-02-13 04:12:32',0,NULL),(379,127,152,'newPost',67,_binary '{\"postNumber\":4}','2019-02-13 04:12:32',0,NULL),(380,179,31,'postMentioned',321,_binary '{\"replyNumber\":3}','2019-02-13 04:47:34',0,NULL),(381,131,84,'postMentioned',320,_binary '{\"replyNumber\":6}','2019-02-13 05:47:11',0,NULL),(382,152,151,'postLiked',323,NULL,'2019-02-13 11:02:00',0,'2019-02-15 04:16:11'),(383,178,151,'postLiked',319,NULL,'2019-02-13 11:02:04',0,NULL),(384,127,151,'postLiked',322,NULL,'2019-02-13 11:02:06',0,NULL),(385,152,31,'postMentioned',323,_binary '{\"replyNumber\":6}','2019-02-13 12:47:55',0,'2019-02-13 15:03:02'),(386,151,31,'postMentioned',328,_binary '{\"replyNumber\":7}','2019-02-13 13:42:34',0,'2019-02-15 07:31:45'),(387,151,152,'postLiked',328,NULL,'2019-02-13 14:48:22',0,'2019-02-15 07:31:45'),(388,31,152,'postLiked',330,NULL,'2019-02-13 14:51:38',0,'2019-02-14 06:24:06'),(389,31,152,'postMentioned',330,_binary '{\"replyNumber\":8}','2019-02-13 15:02:52',0,'2019-02-14 06:18:19'),(390,31,151,'postMentioned',330,_binary '{\"replyNumber\":9}','2019-02-13 19:01:41',0,'2019-02-14 06:18:19'),(391,180,17,'newPost',69,_binary '{\"postNumber\":3}','2019-02-14 04:53:52',0,'2019-02-18 04:24:42'),(392,180,31,'postLiked',333,NULL,'2019-02-14 05:04:43',0,'2019-02-18 04:24:42'),(393,180,126,'newPost',69,_binary '{\"postNumber\":4}','2019-02-14 05:40:17',0,'2019-02-18 04:24:42'),(394,180,31,'postMentioned',334,_binary '{\"replyNumber\":5}','2019-02-14 05:47:20',0,'2019-02-18 04:24:42'),(395,31,180,'postMentioned',337,_binary '{\"replyNumber\":6}','2019-02-14 06:02:38',0,'2019-02-14 06:16:23'),(396,180,31,'postMentioned',338,_binary '{\"replyNumber\":7}','2019-02-14 06:26:35',0,'2019-02-18 04:24:42'),(397,151,31,'postMentioned',332,_binary '{\"replyNumber\":10}','2019-02-14 06:41:42',0,'2019-02-15 07:31:45'),(398,152,31,'postMentioned',331,_binary '{\"replyNumber\":11}','2019-02-14 06:56:16',0,'2019-02-15 04:16:28'),(399,180,35,'postLiked',333,NULL,'2019-02-14 08:21:22',0,'2019-02-18 04:24:42'),(400,167,33,'postMentioned',304,_binary '{\"replyNumber\":9}','2019-02-14 08:32:17',0,NULL),(401,152,178,'postLiked',323,NULL,'2019-02-14 16:47:43',0,'2019-02-15 04:16:11'),(402,178,151,'postLiked',344,NULL,'2019-02-14 17:00:10',0,NULL),(403,178,152,'postLiked',344,NULL,'2019-02-14 18:37:41',0,NULL),(404,178,170,'postLiked',344,NULL,'2019-02-14 19:09:34',0,NULL),(405,31,112,'postMentioned',348,_binary '{\"replyNumber\":3}','2019-02-15 09:50:09',0,'2019-02-15 11:42:59'),(406,178,31,'postLiked',344,NULL,'2019-02-15 10:08:41',0,NULL),(407,178,113,'postLiked',344,NULL,'2019-02-15 10:29:06',0,NULL),(408,112,168,'postLiked',308,NULL,'2019-02-15 10:47:14',0,'2019-02-17 07:42:09'),(409,178,31,'postMentioned',344,_binary '{\"replyNumber\":13}','2019-02-15 11:02:58',0,'2019-02-15 11:06:23'),(410,113,31,'newPost',67,_binary '{\"postNumber\":13}','2019-02-15 11:02:58',0,'2019-02-16 17:06:32'),(411,152,31,'postMentioned',331,_binary '{\"replyNumber\":14}','2019-02-15 11:07:55',0,NULL),(412,168,31,'postLiked',350,NULL,'2019-02-15 11:42:54',0,NULL),(413,112,31,'postMentioned',349,_binary '{\"replyNumber\":4}','2019-02-15 11:44:20',0,'2019-02-16 10:21:28'),(414,168,116,'newPost',72,_binary '{\"postNumber\":2}','2019-02-16 01:56:49',0,'2019-02-17 04:02:32'),(415,183,116,'postLiked',357,NULL,'2019-02-16 11:04:06',0,NULL),(416,183,113,'postLiked',357,NULL,'2019-02-16 16:56:58',0,NULL),(417,168,113,'postLiked',350,NULL,'2019-02-16 17:02:28',0,NULL),(418,116,31,'postMentioned',356,_binary '{\"replyNumber\":3}','2019-02-17 13:52:12',0,NULL),(419,168,31,'newPost',72,_binary '{\"postNumber\":3}','2019-02-17 13:52:12',0,NULL),(420,183,31,'postLiked',357,NULL,'2019-02-17 13:52:23',0,NULL),(421,180,31,'postMentioned',358,_binary '{\"replyNumber\":8}','2019-02-17 13:58:16',0,'2019-02-18 04:24:42'),(422,180,31,'postLiked',358,NULL,'2019-02-17 13:58:22',0,'2019-02-18 04:24:42'),(423,31,180,'postMentioned',362,_binary '{\"replyNumber\":10}','2019-02-18 04:24:11',0,NULL),(424,31,180,'postMentioned',362,_binary '{\"replyNumber\":11}','2019-02-18 04:49:38',0,NULL);
/*!40000 ALTER TABLE `notifications` ENABLE KEYS */;
UNLOCK TABLES;

--
-- Table structure for table `pages`
--

DROP TABLE IF EXISTS `pages`;
/*!40101 SET @saved_cs_client     = @@character_set_client */;
/*!40101 SET character_set_client = utf8 */;
CREATE TABLE `pages` (
  `id` int(10) unsigned NOT NULL AUTO_INCREMENT,
  `title` varchar(200) COLLATE utf8mb4_unicode_ci NOT NULL,
  `slug` varchar(200) COLLATE utf8mb4_unicode_ci NOT NULL,
  `time` datetime NOT NULL,
  `edit_time` datetime DEFAULT NULL,
  `content` text COLLATE utf8mb4_unicode_ci,
  `is_hidden` tinyint(1) NOT NULL DEFAULT '0',
  `is_html` tinyint(1) NOT NULL DEFAULT '0',
  PRIMARY KEY (`id`)
) ENGINE=InnoDB DEFAULT CHARSET=utf8mb4 COLLATE=utf8mb4_unicode_ci;
/*!40101 SET character_set_client = @saved_cs_client */;

--
-- Dumping data for table `pages`
--

LOCK TABLES `pages` WRITE;
/*!40000 ALTER TABLE `pages` DISABLE KEYS */;
/*!40000 ALTER TABLE `pages` ENABLE KEYS */;
UNLOCK TABLES;

--
-- Table structure for table `password_tokens`
--

DROP TABLE IF EXISTS `password_tokens`;
/*!40101 SET @saved_cs_client     = @@character_set_client */;
/*!40101 SET character_set_client = utf8 */;
CREATE TABLE `password_tokens` (
  `token` varchar(100) COLLATE utf8mb4_unicode_ci NOT NULL,
  `user_id` int(10) unsigned NOT NULL,
  `created_at` datetime DEFAULT NULL,
  PRIMARY KEY (`token`),
  KEY `password_tokens_user_id_foreign` (`user_id`),
  CONSTRAINT `password_tokens_user_id_foreign` FOREIGN KEY (`user_id`) REFERENCES `users` (`id`) ON DELETE CASCADE
) ENGINE=InnoDB DEFAULT CHARSET=utf8mb4 COLLATE=utf8mb4_unicode_ci;
/*!40101 SET character_set_client = @saved_cs_client */;

--
-- Dumping data for table `password_tokens`
--

LOCK TABLES `password_tokens` WRITE;
/*!40000 ALTER TABLE `password_tokens` DISABLE KEYS */;
/*!40000 ALTER TABLE `password_tokens` ENABLE KEYS */;
UNLOCK TABLES;

--
-- Table structure for table `post_likes`
--

DROP TABLE IF EXISTS `post_likes`;
/*!40101 SET @saved_cs_client     = @@character_set_client */;
/*!40101 SET character_set_client = utf8 */;
CREATE TABLE `post_likes` (
  `post_id` int(10) unsigned NOT NULL,
  `user_id` int(10) unsigned NOT NULL,
  PRIMARY KEY (`post_id`,`user_id`),
  KEY `post_likes_user_id_foreign` (`user_id`),
  CONSTRAINT `post_likes_post_id_foreign` FOREIGN KEY (`post_id`) REFERENCES `posts` (`id`) ON DELETE CASCADE,
  CONSTRAINT `post_likes_user_id_foreign` FOREIGN KEY (`user_id`) REFERENCES `users` (`id`) ON DELETE CASCADE
) ENGINE=InnoDB DEFAULT CHARSET=utf8mb4 COLLATE=utf8mb4_unicode_ci;
/*!40101 SET character_set_client = @saved_cs_client */;

--
-- Dumping data for table `post_likes`
--

LOCK TABLES `post_likes` WRITE;
/*!40000 ALTER TABLE `post_likes` DISABLE KEYS */;
INSERT INTO `post_likes` VALUES (57,17),(195,31),(220,31),(269,31),(272,31),(300,31),(306,31),(308,31),(333,31),(344,31),(350,31),(357,31),(358,31),(51,35),(131,35),(333,35),(13,36),(15,36),(20,36),(30,36),(51,36),(53,36),(55,36),(59,36),(63,36),(64,36),(65,36),(66,36),(67,36),(68,36),(71,36),(72,36),(74,36),(76,36),(78,36),(93,36),(95,36),(109,36),(121,36),(124,36),(125,36),(126,36),(128,36),(130,36),(147,36),(148,36),(149,36),(150,36),(151,36),(152,36),(153,36),(154,36),(155,36),(156,36),(157,36),(158,36),(159,36),(160,36),(161,36),(162,36),(163,36),(164,36),(166,36),(167,36),(174,36),(177,36),(178,36),(148,37),(162,37),(164,37),(148,62),(157,62),(158,62),(272,62),(248,65),(108,70),(248,84),(249,84),(250,84),(251,84),(252,84),(253,84),(254,84),(57,109),(63,109),(64,109),(65,109),(66,109),(93,109),(124,109),(125,109),(126,109),(128,109),(130,109),(147,109),(148,109),(149,109),(150,109),(151,109),(152,109),(153,109),(154,109),(155,109),(156,109),(157,109),(158,109),(159,109),(160,109),(161,109),(162,109),(163,109),(164,109),(134,112),(142,112),(195,112),(196,112),(344,113),(350,113),(357,113),(49,116),(110,116),(134,116),(142,116),(144,116),(220,116),(249,116),(250,116),(357,116),(47,117),(133,125),(148,126),(57,127),(166,127),(167,127),(316,127),(319,127),(57,128),(63,128),(92,128),(148,128),(149,128),(159,128),(162,128),(175,128),(193,128),(51,130),(53,130),(55,130),(65,136),(148,136),(103,138),(148,141),(152,141),(153,141),(162,141),(166,141),(167,141),(74,142),(95,142),(112,144),(146,150),(57,151),(319,151),(322,151),(323,151),(344,151),(131,152),(158,152),(162,152),(167,152),(177,152),(178,152),(199,152),(249,152),(308,152),(319,152),(328,152),(330,152),(344,152),(181,157),(47,160),(211,167),(218,167),(250,168),(308,168),(350,168),(167,170),(297,170),(319,170),(344,170),(323,178),(201,179),(316,179),(317,179),(333,180);
/*!40000 ALTER TABLE `post_likes` ENABLE KEYS */;
UNLOCK TABLES;

--
-- Table structure for table `post_mentions_post`
--

DROP TABLE IF EXISTS `post_mentions_post`;
/*!40101 SET @saved_cs_client     = @@character_set_client */;
/*!40101 SET character_set_client = utf8 */;
CREATE TABLE `post_mentions_post` (
  `post_id` int(10) unsigned NOT NULL,
  `mentions_post_id` int(10) unsigned NOT NULL,
  PRIMARY KEY (`post_id`,`mentions_post_id`),
  KEY `post_mentions_post_mentions_post_id_foreign` (`mentions_post_id`),
  CONSTRAINT `post_mentions_post_mentions_post_id_foreign` FOREIGN KEY (`mentions_post_id`) REFERENCES `posts` (`id`) ON DELETE CASCADE,
  CONSTRAINT `post_mentions_post_post_id_foreign` FOREIGN KEY (`post_id`) REFERENCES `posts` (`id`) ON DELETE CASCADE
) ENGINE=InnoDB DEFAULT CHARSET=utf8mb4 COLLATE=utf8mb4_unicode_ci;
/*!40101 SET character_set_client = @saved_cs_client */;

--
-- Dumping data for table `post_mentions_post`
--

LOCK TABLES `post_mentions_post` WRITE;
/*!40000 ALTER TABLE `post_mentions_post` DISABLE KEYS */;
INSERT INTO `post_mentions_post` VALUES (180,48),(50,49),(81,50),(127,50),(61,59),(124,63),(125,64),(126,65),(160,65),(128,66),(231,66),(92,80),(84,81),(91,84),(111,91),(130,93),(113,94),(114,97),(103,101),(116,101),(117,103),(131,103),(226,103),(118,104),(119,107),(121,109),(173,109),(133,110),(120,112),(122,115),(123,115),(135,127),(136,129),(144,132),(143,134),(141,137),(168,138),(146,142),(155,147),(167,148),(166,149),(156,150),(157,151),(159,152),(163,152),(158,153),(161,154),(162,154),(164,162),(179,172),(176,174),(178,175),(196,178),(201,183),(199,196),(203,202),(206,203),(211,210),(214,213),(216,215),(218,217),(224,220),(239,224),(241,240),(242,241),(247,241),(245,242),(246,245),(247,246),(256,249),(257,256),(259,258),(265,258),(271,270),(283,281),(303,302),(343,304),(317,313),(320,317),(322,319),(323,319),(327,320),(325,321),(329,323),(330,328),(331,330),(332,330),(341,331),(352,331),(340,332),(337,334),(338,337),(339,338),(351,344),(349,348),(353,349),(360,356),(362,358),(366,362),(368,362);
/*!40000 ALTER TABLE `post_mentions_post` ENABLE KEYS */;
UNLOCK TABLES;

--
-- Table structure for table `post_mentions_user`
--

DROP TABLE IF EXISTS `post_mentions_user`;
/*!40101 SET @saved_cs_client     = @@character_set_client */;
/*!40101 SET character_set_client = utf8 */;
CREATE TABLE `post_mentions_user` (
  `post_id` int(10) unsigned NOT NULL,
  `mentions_user_id` int(10) unsigned NOT NULL,
  PRIMARY KEY (`post_id`,`mentions_user_id`),
  KEY `post_mentions_user_mentions_user_id_foreign` (`mentions_user_id`),
  CONSTRAINT `post_mentions_user_mentions_user_id_foreign` FOREIGN KEY (`mentions_user_id`) REFERENCES `users` (`id`) ON DELETE CASCADE,
  CONSTRAINT `post_mentions_user_post_id_foreign` FOREIGN KEY (`post_id`) REFERENCES `posts` (`id`) ON DELETE CASCADE
) ENGINE=InnoDB DEFAULT CHARSET=utf8mb4 COLLATE=utf8mb4_unicode_ci;
/*!40101 SET character_set_client = @saved_cs_client */;

--
-- Dumping data for table `post_mentions_user`
--

LOCK TABLES `post_mentions_user` WRITE;
/*!40000 ALTER TABLE `post_mentions_user` DISABLE KEYS */;
INSERT INTO `post_mentions_user` VALUES (237,64),(220,114),(220,116),(220,117),(220,125),(220,126),(235,127),(235,128),(235,131),(220,138),(220,139),(235,141),(220,144),(220,148),(220,149),(235,152),(235,153),(276,167);
/*!40000 ALTER TABLE `post_mentions_user` ENABLE KEYS */;
UNLOCK TABLES;

--
-- Table structure for table `post_reactions`
--

DROP TABLE IF EXISTS `post_reactions`;
/*!40101 SET @saved_cs_client     = @@character_set_client */;
/*!40101 SET character_set_client = utf8 */;
CREATE TABLE `post_reactions` (
  `id` int(10) unsigned NOT NULL AUTO_INCREMENT,
  `post_id` int(10) unsigned NOT NULL,
  `user_id` int(10) unsigned NOT NULL,
  `reaction_id` int(11) DEFAULT NULL,
  PRIMARY KEY (`id`),
  KEY `post_reactions_post_id_foreign` (`post_id`),
  KEY `post_reactions_user_id_foreign` (`user_id`),
  CONSTRAINT `post_reactions_post_id_foreign` FOREIGN KEY (`post_id`) REFERENCES `posts` (`id`) ON DELETE CASCADE,
  CONSTRAINT `post_reactions_user_id_foreign` FOREIGN KEY (`user_id`) REFERENCES `users` (`id`) ON DELETE CASCADE
) ENGINE=InnoDB DEFAULT CHARSET=utf8mb4 COLLATE=utf8mb4_unicode_ci;
/*!40101 SET character_set_client = @saved_cs_client */;

--
-- Dumping data for table `post_reactions`
--

LOCK TABLES `post_reactions` WRITE;
/*!40000 ALTER TABLE `post_reactions` DISABLE KEYS */;
/*!40000 ALTER TABLE `post_reactions` ENABLE KEYS */;
UNLOCK TABLES;

--
-- Table structure for table `post_user`
--

DROP TABLE IF EXISTS `post_user`;
/*!40101 SET @saved_cs_client     = @@character_set_client */;
/*!40101 SET character_set_client = utf8 */;
CREATE TABLE `post_user` (
  `post_id` int(10) unsigned NOT NULL,
  `user_id` int(10) unsigned NOT NULL,
  PRIMARY KEY (`post_id`,`user_id`),
  KEY `post_user_user_id_foreign` (`user_id`),
  CONSTRAINT `post_user_post_id_foreign` FOREIGN KEY (`post_id`) REFERENCES `posts` (`id`) ON DELETE CASCADE,
  CONSTRAINT `post_user_user_id_foreign` FOREIGN KEY (`user_id`) REFERENCES `users` (`id`) ON DELETE CASCADE
) ENGINE=InnoDB DEFAULT CHARSET=utf8mb4 COLLATE=utf8mb4_unicode_ci;
/*!40101 SET character_set_client = @saved_cs_client */;

--
-- Dumping data for table `post_user`
--

LOCK TABLES `post_user` WRITE;
/*!40000 ALTER TABLE `post_user` DISABLE KEYS */;
/*!40000 ALTER TABLE `post_user` ENABLE KEYS */;
UNLOCK TABLES;

--
-- Table structure for table `posts`
--

DROP TABLE IF EXISTS `posts`;
/*!40101 SET @saved_cs_client     = @@character_set_client */;
/*!40101 SET character_set_client = utf8 */;
CREATE TABLE `posts` (
  `id` int(10) unsigned NOT NULL AUTO_INCREMENT,
  `discussion_id` int(10) unsigned NOT NULL,
  `number` int(10) unsigned DEFAULT NULL,
  `created_at` datetime NOT NULL,
  `user_id` int(10) unsigned DEFAULT NULL,
  `type` varchar(100) COLLATE utf8mb4_unicode_ci DEFAULT NULL,
  `content` text COLLATE utf8mb4_unicode_ci,
  `edited_at` datetime DEFAULT NULL,
  `edited_user_id` int(10) unsigned DEFAULT NULL,
  `hidden_at` datetime DEFAULT NULL,
  `hidden_user_id` int(10) unsigned DEFAULT NULL,
  `ip_address` varchar(45) COLLATE utf8mb4_unicode_ci DEFAULT NULL,
  `is_private` tinyint(1) NOT NULL DEFAULT '0',
  `is_approved` tinyint(1) NOT NULL DEFAULT '1',
  PRIMARY KEY (`id`),
  UNIQUE KEY `posts_discussion_id_number_unique` (`discussion_id`,`number`),
  KEY `posts_edited_user_id_foreign` (`edited_user_id`),
  KEY `posts_hidden_user_id_foreign` (`hidden_user_id`),
  KEY `posts_discussion_id_number_index` (`discussion_id`,`number`),
  KEY `posts_discussion_id_created_at_index` (`discussion_id`,`created_at`),
  KEY `posts_user_id_created_at_index` (`user_id`,`created_at`),
  FULLTEXT KEY `content` (`content`),
  CONSTRAINT `posts_edited_user_id_foreign` FOREIGN KEY (`edited_user_id`) REFERENCES `users` (`id`) ON DELETE SET NULL,
  CONSTRAINT `posts_hidden_user_id_foreign` FOREIGN KEY (`hidden_user_id`) REFERENCES `users` (`id`) ON DELETE SET NULL,
  CONSTRAINT `posts_user_id_foreign` FOREIGN KEY (`user_id`) REFERENCES `users` (`id`) ON DELETE SET NULL
) ENGINE=InnoDB AUTO_INCREMENT=369 DEFAULT CHARSET=utf8mb4 COLLATE=utf8mb4_unicode_ci;
/*!40101 SET character_set_client = @saved_cs_client */;

--
-- Dumping data for table `posts`
--

LOCK TABLES `posts` WRITE;
/*!40000 ALTER TABLE `posts` DISABLE KEYS */;
INSERT INTO `posts` VALUES (2,2,1,'2019-01-02 12:48:40',35,'comment','<t><p>go nebulas</p></t>',NULL,NULL,NULL,NULL,'173.245.54.21',0,1),(3,3,1,'2019-01-02 12:48:54',34,'comment','<t><p>test</p></t>',NULL,NULL,NULL,NULL,'172.68.211.156',0,1),(4,5,1,'2019-01-02 12:49:33',33,'comment','<t><p>Nebulas core developer</p></t>',NULL,NULL,NULL,NULL,'162.158.78.96',0,1),(6,3,2,'2019-01-02 12:50:27',37,'comment','<t><p>Go!!!</p></t>',NULL,NULL,NULL,NULL,'172.68.46.175',0,1),(7,2,2,'2019-01-02 12:50:29',34,'comment','<t><p>niubi</p></t>',NULL,NULL,NULL,NULL,'172.68.211.156',0,1),(8,2,3,'2019-01-02 12:50:45',37,'comment','<t><p></p></t>',NULL,NULL,NULL,NULL,'172.68.46.175',0,1),(9,2,4,'2019-01-02 12:51:49',37,'discussionRenamed','[\"genesis\",\"Genesis\"]',NULL,NULL,NULL,NULL,NULL,0,1),(10,2,5,'2019-01-02 12:52:51',37,'discussionTagged','[[2],[6]]',NULL,NULL,NULL,NULL,NULL,0,1),(11,2,6,'2019-01-02 12:55:10',34,'comment','<t><p><br/>\n <br/>\n</p>  \n\n\n\n</t>',NULL,NULL,NULL,NULL,'108.162.215.42',0,1),(12,2,7,'2019-01-02 12:55:42',33,'comment','<t><p>genesis</p></t>',NULL,NULL,NULL,NULL,'162.158.78.96',0,1),(13,7,1,'2019-01-02 12:58:13',63,'comment','<t><p>Finally, Nebulas Nova is on testnet now.</p></t>',NULL,NULL,NULL,NULL,'108.162.245.192',0,1),(14,2,8,'2019-01-02 12:58:31',37,'comment','<r><QUOTE><i>&gt; </i><p><POSTMENTION discussionid=\"2\" displayname=\"Matics\" id=\"7\" number=\"2\" username=\"Matics\">@Matics#7</POSTMENTION> niubi</p></QUOTE>\n\n<p></p></r>',NULL,NULL,NULL,NULL,'172.68.46.175',0,1),(15,7,2,'2019-01-02 13:00:36',63,'comment','<r><p><POSTMENTION discussionid=\"7\" displayname=\"Coinbase\" id=\"13\" number=\"1\" username=\"Coinbase\">@Coinbase#13</POSTMENTION> Awesome!</p></r>',NULL,NULL,NULL,NULL,'108.162.245.192',0,1),(16,2,9,'2019-01-02 13:08:28',63,'comment','<t><p></p></t>',NULL,NULL,NULL,NULL,'108.162.245.192',0,1),(17,5,2,'2019-01-02 13:12:46',31,'comment','<t><p>Welcome!</p></t>',NULL,NULL,NULL,NULL,'108.162.226.139',0,1),(18,8,1,'2019-01-02 13:19:02',31,'comment','<r><p>If you are posting for the first time, please introduce yourself first <URL url=\"https://community.nebulas.io/t/introduce-yourself\"><s>[</s>with tag \"introduce-yourself\"<e>](https://community.nebulas.io/t/introduce-yourself)</e></URL>. Let others know more about you. Make friends and enjoy! &#128515; &#128515;</p> </r>',NULL,NULL,NULL,NULL,'162.158.78.228',0,1),(20,9,1,'2019-01-02 13:29:07',31,'comment','<r><p>If you are posting for the first time, please introduce yourself first <URL url=\"https://community.nebulas.io/t/introduce-yourself\"><s>[</s>with tag \"introduce-yourself\"<e>](https://community.nebulas.io/t/introduce-yourself)</e></URL>. Let others know more about you. Make friends and enjoy! &#128515; &#128515;</p> </r>',NULL,NULL,NULL,NULL,'162.158.79.121',0,1),(21,9,2,'2019-01-02 13:29:13',31,'discussionStickied','{\"sticky\":true}',NULL,NULL,NULL,NULL,NULL,0,1),(22,10,1,'2019-01-02 13:53:27',64,'comment','<t><p>Chief Architect of Nebulas mainnet dev team.</p></t>',NULL,NULL,NULL,NULL,'162.158.106.254',0,1),(23,11,1,'2019-01-02 14:34:16',65,'comment','<t><p>I\'m <br/>\n&#128515;</p> </t>',NULL,NULL,NULL,NULL,'108.162.245.192',0,1),(24,11,2,'2019-01-02 14:46:09',31,'comment','<t><p>Welcome!</p></t>',NULL,NULL,NULL,NULL,'162.158.78.96',0,1),(25,12,1,'2019-01-02 14:59:16',17,'comment','<t><p>This is Neal from Nebulas team, hope to hear more suggestions from our community in 2019!</p></t>',NULL,NULL,NULL,NULL,'172.68.47.8',0,1),(26,13,1,'2019-01-03 05:33:54',1,'comment','<r><p>[upl-image-preview url=<URL url=\"https://community.nebulas.io/assets/files/2019-01-03/1546493557-995903-017c5d554909920000019ae9d202fejpg-at-1280w-1l-2o-100sh.jpeg\">https://community.nebulas.io/assets/files/2019-01-03/1546493557-995903-017c5d554909920000019ae9d202fejpg-at-1280w-1l-2o-100sh.jpeg</URL>]</p>\n</r>',NULL,NULL,'2019-01-03 05:34:11',1,'108.162.246.8',0,1),(30,14,1,'2019-01-03 07:32:35',36,'comment','<r><p>Hi, there! This is xixiu from Nebulas, I\'m so glad that we can share more creative and valuable ideas here <E>:)</E><br/>\nLet\'s make some great things together in 2019! Go Nebulas!</p>\n</r>',NULL,NULL,NULL,NULL,'108.162.215.145',0,1),(31,11,3,'2019-01-03 07:33:20',36,'comment','<t><p>Wow, Welcome &#128522;</p></t>',NULL,NULL,NULL,NULL,'108.162.215.145',0,1),(38,11,4,'2019-01-09 03:31:27',60,'comment','<t><p>aaf</p></t>',NULL,NULL,NULL,NULL,'108.162.246.98',0,1),(39,6,9,'2019-01-09 03:32:25',60,'comment','<t><p>fafafaaf</p></t>',NULL,NULL,NULL,NULL,'108.162.246.98',0,1),(41,15,1,'2019-01-09 04:27:03',70,'comment','<t><p>Glad to meet everyone!</p></t>',NULL,NULL,NULL,NULL,'172.68.46.170',0,1),(45,6,14,'2019-01-09 05:00:37',1,'comment','<r><p><UPL-IMAGE-PREVIEW url=\"https://community.nebulas.io/assets/files/2019-01-09/1547010035-650998-017c5d554909920000019ae9d202fejpg-at-1280w-1l-2o-100sh.jpeg\">[upl-image-preview url=https://community.nebulas.io/assets/files/2019-01-09/1547010035-650998-017c5d554909920000019ae9d202fejpg-at-1280w-1l-2o-100sh.jpeg]</UPL-IMAGE-PREVIEW></p>\n</r>',NULL,NULL,NULL,NULL,'108.162.246.8',0,1),(47,16,1,'2019-01-09 05:52:30',70,'comment','<r>\n<p><STRONG><s>**</s>### AMA<SUB><s>~</s></SUB><e>**</e></STRONG><br/>\n2019121DIP</p>\n\n<p><URL url=\"https://blog.nebulas.io/2019/01/09/nebulas-testnet-developer-incentive-protocol-dip-event-guide/\"><s>[</s>DIP<e>](https://blog.nebulas.io/2019/01/09/nebulas-testnet-developer-incentive-protocol-dip-event-guide/)</e></URL></p>\n\n<p><STRONG><s>**</s>11089<e>**</e></STRONG>DIP105NAS</p>\n\n</r>','2019-01-10 14:07:24',17,NULL,NULL,'103.22.200.183',0,1),(48,6,16,'2019-01-09 07:43:20',1,'comment','<r><p>afafafaf<UPL-IMAGE-PREVIEW url=\"https://community.nebulas.io/assets/files/2019-01-09/1547019797-295047-017c5d554909920000019ae9d202fejpg-at-1280w-1l-2o-100sh.jpeg\">[upl-image-preview url=https://community.nebulas.io/assets/files/2019-01-09/1547019797-295047-017c5d554909920000019ae9d202fejpg-at-1280w-1l-2o-100sh.jpeg]</UPL-IMAGE-PREVIEW></p>\n</r>',NULL,NULL,NULL,NULL,'103.22.200.129',0,1),(49,16,2,'2019-01-09 09:54:41',114,'comment','<t><p>Nebulas NOVA NOVAtoken</p></t>',NULL,NULL,NULL,NULL,'173.245.48.228',0,1),(50,16,3,'2019-01-09 10:28:09',65,'comment','<r><p><POSTMENTION discussionid=\"16\" displayname=\"llp\" id=\"49\" number=\"2\" username=\"llp\">@llp#49</POSTMENTION></p> \n\n<p><POSTMENTION discussionid=\"16\" displayname=\"llp\" id=\"49\" number=\"2\" username=\"llp\">@llp#49</POSTMENTION> nova2.01.0NR,DIP,NBRE</p></r>',NULL,NULL,NULL,NULL,'172.69.33.104',0,1),(51,17,1,'2019-01-09 10:46:51',36,'comment','<r><p>Want to know about Nebulas? Desire to get information? <br/>\nYou can see the tutorial here, you can get what you want step by step <URL url=\"https://community.nebulas.io/t/education\"><s>[</s>here<e>](https://community.nebulas.io/t/education)</e></URL>&gt;.&lt;!!!<br/>\n Of course, you can also provide information to others as a teacher.</p>\n \n<p>Let<FP char=\"\">\'</FP>s learn together!!!</p></r>','2019-01-09 12:10:44',36,NULL,NULL,'172.68.211.157',0,1),(53,18,1,'2019-01-09 11:54:09',36,'comment','<r><p>Here you can discuss things about Nebulas Community board. Want it to upgrade? Improve something? What features do I need to add? Can the composition be adjusted?</p>\n\n<p>Give us a suggestion!</p>\n\n<p>We can discuss it together. After all, our community is precious and needs to be given the best. We have to keep it together in the best state <E>:)</E></p></r>',NULL,NULL,NULL,NULL,'172.68.46.170',0,1),(54,11,5,'2019-01-09 12:29:34',36,'comment','<r><p>Sooooooooo  super exciting! and I<FP char=\"\">\'</FP>m looking forward to talking with you!!!!!!!!!</p></r>',NULL,NULL,NULL,NULL,'172.68.211.61',0,1),(55,19,1,'2019-01-09 12:31:19',36,'comment','<r><p>Hi, there! This is xixiu from Nebulas, I<FP char=\"\">\'</FP>m so glad that we can share more creative and valuable ideas here &#128578;<br/>\nLet<FP char=\"\">\'</FP>s make some great things together in 2019! Go Nebulas!</p></r>',NULL,NULL,NULL,NULL,'172.68.211.61',0,1),(56,16,4,'2019-01-09 12:40:58',36,'discussionStickied','{\"sticky\":true}',NULL,NULL,NULL,NULL,NULL,0,1),(57,20,1,'2019-01-09 13:05:27',70,'comment','<r><p>On this Thursday, January 10 from 7PM to 8PM, 2019 (PST), Nebulas team will hold a live Ask-Me-Anything (AMA) on Nebulas Community Forum, with the topic of <FP char=\"\">\"</FP>Nebulas Incentive Program on Nebulas NOVA Testnet<FP char=\"\">\"</FP>. During the AMA, Nebulas founder Hitters Xu and Nebulas Research Institute director Dr. Xuepeng Fan will give a detailed explanation on the rules and details about Nebulas NOVA Testnet Developer Incentive Program.</p>\n\n<p>Community members are welcome to sign up in our forum and leave your questions first, also you can discuss with community members all over the world. Furthermore, to encourage community members to join in this AMA, the Nebulas team will select 10 participants with constructive ideas, and reward each of them with 5 NAS!</p></r>','2019-01-11 02:36:54',36,NULL,NULL,'103.22.200.189',0,1),(58,20,2,'2019-01-09 13:08:18',36,'discussionTagged','[[11],[11,26]]',NULL,NULL,NULL,NULL,NULL,0,1),(59,11,6,'2019-01-09 13:12:42',80,'comment','<r><p>I think Nebulas is great!  <FP char=\"\">--</FP> Nakamoto</p></r>',NULL,NULL,NULL,NULL,'162.158.118.229',0,1),(60,16,5,'2019-01-09 13:31:00',36,'discussionTagged','[[15],[15,24]]',NULL,NULL,NULL,NULL,NULL,0,1),(61,11,7,'2019-01-09 13:32:04',36,'comment','<r><p><POSTMENTION discussionid=\"11\" displayname=\"Nakamoto\" id=\"59\" number=\"6\" username=\"Nakamoto\">@Nakamoto#59</POSTMENTION> I DO TOO! &#128512;</p> </r>',NULL,NULL,NULL,NULL,'162.158.59.205',0,1),(62,20,3,'2019-01-09 13:32:26',36,'discussionStickied','{\"sticky\":true}',NULL,NULL,NULL,NULL,NULL,0,1),(63,20,4,'2019-01-09 18:06:45',127,'comment','<t><p>Hey Nebulas team!<br/>\nThank you for taking the time to answer some of our questions.<br/>\nWith the Developer Incentive Protocol, do accounts require a certain minimum score to receive the incentive and is there a maximum number of accounts that can receive the reward weekly?</p>\n</t>',NULL,NULL,NULL,NULL,'172.69.42.79',0,1),(64,20,5,'2019-01-09 18:41:16',128,'comment','<t><p>When the DIP is live on the mainnet, will the incentives be sent to the smart contract address or the wallet that created the smart contract?</p></t>',NULL,NULL,NULL,NULL,'162.158.74.222',0,1),(65,20,6,'2019-01-09 18:44:37',128,'comment','<t><p>Does a dapp need to register for the DIP or are all smart contracts automatically included?</p></t>',NULL,NULL,NULL,NULL,'172.68.59.21',0,1),(66,20,7,'2019-01-09 19:02:36',131,'comment','<t><p>I understand the testnet is for developers, but is there a way to participate as a test user?</p>\n\n<p>Would it be possible to particpate through nas nano pro or would I need to install some sort of runtime environment on a computer?</p>\n\n<p>Thanks!</p></t>',NULL,NULL,NULL,NULL,'108.162.216.79',0,1),(67,21,1,'2019-01-09 20:17:09',31,'comment','<r><p>Hello everyone. Apply for admin &amp; mod now! Nebulas need you!<br/>\nPlease reply to this post, tell nebulers:<br/>\nYour ID.<br/>\nYour country.<br/>\nWhich tags do you like best?<br/>\nWhy you think you can be a good mod.</p>\n\n<p>For example:<br/>\nYou are developers and have developed DApps on Nebulas, you can answer many dev questions. Welcome!<br/>\nYou are good at organizing local meetups, you have organized Nebulas AMA online or Nebulas meetups offline.<br/>\nYou are already the MOD on Nebulas Telegram, Discord, Reddit etc. You are the hot person in Nebulas Community.</p>\n\n<p>If you are a new one, and did nothing for Nebulas before, don<FP char=\"\">\'</FP>t worry. Do something and come back to apply!</p></r>',NULL,NULL,NULL,NULL,'172.69.62.211',0,1),(68,22,1,'2019-01-09 20:25:43',31,'comment','<t><p>The only girl from Nebulas Tech Committee.<br/>\nYou can ask me anything.</p></t>',NULL,NULL,NULL,NULL,'172.69.62.139',0,1),(69,23,1,'2019-01-09 20:28:36',31,'comment','<r><p>This is a new forum. Need your help to improve it. If you have any questions or suggestions for this forum, you can post it under <FP char=\"\">\"</FP>forum feedbak<FP char=\"\">\"</FP> tag.<br/>\nIf you find some bugs, you can tell us here too. You can find a special tag under <FP char=\"\">\"</FP>Foorum feedback<FP char=\"\">\"</FP>: <URL url=\"https://community.nebulas.io/t/submit-an-issues\"><s>[</s><FP char=\"\">\"</FP>submit an issues<FP char=\"\">\"</FP><e>](https://community.nebulas.io/t/submit-an-issues)</e></URL>. Use that tag. &#128515;</p> </r>','2019-01-09 20:30:49',31,NULL,NULL,'172.69.62.139',0,1),(70,23,2,'2019-01-09 20:29:05',31,'discussionStickied','{\"sticky\":true}',NULL,NULL,NULL,NULL,NULL,0,1),(71,24,1,'2019-01-09 20:33:04',31,'comment','<r><p>Any new functions do you need? Reply this post.<br/>\nIf you agree with someone, please click <FP char=\"\">\"</FP>like<FP char=\"\">\"</FP> button.</p></r>',NULL,NULL,NULL,NULL,'162.158.79.224',0,1),(72,25,1,'2019-01-09 20:41:37',31,'comment','<r><p>On 31 December 2018, Nebulas has officially launched Nebulas NOVA. Nebulas NOVA is the first public blockchain with native on-chain incentives, and the testnet beta version is now available. As a key feature of Nebulas NOVA, the Developer Incentive Protocol(DIP) provides on-chain incentives for developers, to encourage them to develop high-quality DApps in a decentralized way.</p>\n\n<p>From 21 Jan 2019, and before DIP is launched on the mainnet, all developers can experience DIP in advance by deploying smart contracts on Nebulas NOVA testnet. There are NAS testnet tokens to be distributed automatically every week, that can be swapped to NAS when the mainnet goes live.</p>\n\n<p><STRONG><s>**</s>Event Period<e>**</e></STRONG><br/>\n21 January to 31 March 2019 (10 weeks in total)</p>\n\n<p><STRONG><s>**</s>Event Participants<e>**</e></STRONG><br/>\nNebulas testnet blockchain application developers.</p>\n\n<p><STRONG><s>**</s>To Participate<e>**</e></STRONG><br/>\nDeploy smart contracts on Nebulas testnet during this event period; and there are test users (or conduct various transaction tests).</p>\n\n<p><STRONG><s>**</s>Reward Amount<e>**</e></STRONG><br/>\nAround 2500 NAS in total</p>\n\n<p><STRONG><s>**</s>Reward Criteria<e>**</e></STRONG><br/>\nDIP rewards are distributed directly to developers according to their Nebulas Rank (NR).</p>\n\n<p><STRONG><s>**</s>Reward Cycle<e>**</e></STRONG><br/>\nAutomatically issued every Monday for 10 weeks.</p>\n\n<p>In the first week, block range is the 40,000 blocks from the starting block height of 1562800;</p>\n\n<p>In the following weeks, block range is the 40,000 blocks from the previous weeks ending block.</p>\n\n<p><STRONG><s>**</s>Reward Distribution<e>**</e></STRONG><br/>\nThe NAS testnet tokens will be sent directly to the Nebulas testnet smart contract addresses from the exclusive DIP rewards issue address.</p>\n\n<p>Within two weeks of the Developer Incentive Protocol(DIP) mainnet launch, equal amount of NAS will be rewarded to the mainnet addresses corresponding to their testnet token addresses.</p>\n\n<p>Note: Since the corresponding rules of private key and wallet address on both NAS mainnet and testnet are the same, the testnet addresses remain the same on mainnet. Therefore, developers are advised to protect their testnet address private keys.</p>\n\n<p><STRONG><s>**</s>To Check Results<e>**</e></STRONG><br/>\nDuring this DIP event, the Nebulas Explorer (<URL url=\"https://explorer.nebulas.io\"><s>[</s>explorer.nebulas.io<e>](https://explorer.nebulas.io)</e></URL>) automatically updates the testnet token rewards every Monday. <STRONG><s>**</s><URL url=\"https://explorer.nebulas.io/#/testnet/dip-leaderboard\"><s>[</s>Please click here to view winners<e>](https://explorer.nebulas.io/#/testnet/dip-leaderboard)</e></URL><e>**</e></STRONG>.</p>\n\n<p><STRONG><s>**</s>Source of Rewards<e>**</e></STRONG><br/>\nBookkeeping rewards from Temporary Consensus (DPoS ) managed by the Nebulas Incentive Special Fund. <URL url=\"https://nebulas.io/cn/transparency.html\"><s>[</s>Public information reference<e>](https://nebulas.io/cn/transparency.html)</e></URL>.</p>\n\n<p>Community developers are welcome to take part in this Developer Incentive Protocol test, and get ready for the DIP official launch on Nebulas mainnet. Lets build a sustainable and prosperous Nebulas ecosystem together!</p>\n\n<p><STRONG><s>**</s>Disclaimer<e>**</e></STRONG><br/>\n1) The Nebulas team reserves the right to final interpretation of this event;</p>\n\n<p>2) The Nebulas team reserves the right to adjust the reward settings and DIP algorithm details in conjunction with the actual operational conditions;</p>\n\n<p>3) The Nebulas team does not assume any responsibility for the changes of NAS market value;</p>\n\n<p>4) Please protect your own private key. The Nebulas team does not assume any responsibility for losses caused by developers or third parties during this event.</p>\n\n<p>You can find the post on <URL url=\"https://medium.com/nebulasio/nebulas-testnet-developer-incentive-program-dip-event-guide-26a0d69ec76d\"><s>[</s>medium<e>](https://medium.com/nebulasio/nebulas-testnet-developer-incentive-program-dip-event-guide-26a0d69ec76d)</e></URL> too.</p> \n\n</r>','2019-01-30 09:54:48',31,NULL,NULL,'172.69.62.139',0,1),(73,18,2,'2019-01-09 20:53:01',31,'discussionStickied','{\"sticky\":true}',NULL,NULL,NULL,NULL,NULL,0,1),(74,26,1,'2019-01-09 21:03:14',31,'comment','<r><p>If you have any questions about technology, you can post under this category.<br/>\nFor example:<br/>\nYou find bugs. <br/>\nYou are developing a DApp and there are some problems, you need help.<br/>\nYou want to ask some tech questions about Nebulas DIP program.<br/>\nYou can<FP char=\"\">\'</FP>t understand something in Yellow Paper.<br/>\n<FP char=\"\">...</FP><FP char=\"\">...</FP></p>\n\n<p>You can ask any tech questions under this tag. Both community developers and Nebulas mainnet developers will try their best to answer your questions.</p>\n\n<p><STRONG><s>**</s>IMPORTANT<e>**</e></STRONG><br/>\nPlease don<FP char=\"\">\'</FP>t mention your private information in your post. Because this forum is open for everyone.<br/>\nIf you have some special problems and you can<FP char=\"\">\'</FP>t explain the problem clearly without your private information, or you find some VERY VERY serious bug, please <URL url=\"https://goo.gl/forms/52MGVPmWLEBSOwDi1\"><s>[</s>report a bug through Google forum<e>](https://goo.gl/forms/52MGVPmWLEBSOwDi1)</e></URL>.</p></r>',NULL,NULL,NULL,NULL,'172.68.65.153',0,1),(75,26,2,'2019-01-09 21:03:18',31,'discussionStickied','{\"sticky\":true}',NULL,NULL,NULL,NULL,NULL,0,1),(76,27,1,'2019-01-09 21:15:29',31,'comment','<r><p>If you follow Nebulas, you will know we already have a dev forum on Reddit (<URL url=\"https://reddit.com/r/nasdev\"><s>[</s>/r/nasdev<e>](https://reddit.com/r/nasdev)</e></URL>). It<FP char=\"\">\'</FP>s not hot. Developers like wechat and slack better. But it<FP char=\"\">\'</FP>s not easy to search for information on these IM apps. And we tried to open stack exchange forum last year. Failed.</p>\n\n<p>Now you can discuss technology with nebulers here! Not on other platforms.</p>\n\n<p>You can discuss open topics under <FP char=\"\">\"</FP><URL url=\"https://community.nebulas.io/t/research-develop\"><s>[</s>Research &amp; Develop<e>](https://community.nebulas.io/t/research-develop)</e></URL><FP char=\"\">\"</FP> tag. and especially discuss Dapps under <FP char=\"\">\"</FP><URL url=\"https://community.nebulas.io/t/dapp\"><s>[</s>DApp<e>](https://community.nebulas.io/t/dapp)</e></URL><FP char=\"\">\"</FP> tag.</p>\n\n<p>You can submit issues and ask tech questions under <FP char=\"\">\"</FP><URL url=\"https://community.nebulas.io/t/technical-supports\"><s>[</s>technical supports<e>](https://community.nebulas.io/t/technical-supports)</e></URL><FP char=\"\">\"</FP> tag.</p>\n\n<p>ENJOY! &#128512;</p> </r>','2019-01-10 14:33:41',31,NULL,NULL,'162.158.79.122',0,1),(77,27,2,'2019-01-09 21:15:45',31,'discussionStickied','{\"sticky\":true}',NULL,NULL,NULL,NULL,NULL,0,1),(78,24,2,'2019-01-09 21:16:15',31,'comment','<t><p>First. Upload images.</p> </t>',NULL,NULL,NULL,NULL,'162.158.79.122',0,1),(79,28,1,'2019-01-09 21:18:01',31,'comment','<r><p>If you want to open new tags, please tell us:</p>\n\n<p>Tag name<br/>\nDescription<br/>\nWhy you think our community need this tag</p>\n\n<p>If many people <FP char=\"\">\"</FP>like<FP char=\"\">\"</FP> it, we can do!</p></r>',NULL,NULL,NULL,NULL,'162.158.79.122',0,1),(80,3,3,'2019-01-10 01:27:19',128,'comment','<t><p>Test</p></t>',NULL,NULL,NULL,NULL,'162.158.74.54',0,1),(81,16,6,'2019-01-10 01:53:37',114,'comment','<r><p><POSTMENTION discussionid=\"16\" displayname=\"stephenjay\" id=\"50\" number=\"3\" username=\"stephenjay\">@stephenjay#50</POSTMENTION> nas</p></r>',NULL,NULL,NULL,NULL,'172.68.211.199',0,1),(82,16,7,'2019-01-10 02:49:16',62,'comment','<r><p><POSTMENTION discussionid=\"16\" displayname=\"llp\" id=\"81\" number=\"6\" username=\"llp\">@llp#81</POSTMENTION></p> </r>',NULL,NULL,'2019-01-10 02:49:21',62,'108.162.226.20',0,1),(84,16,8,'2019-01-10 02:50:55',62,'comment','<r><p><POSTMENTION discussionid=\"16\" displayname=\"llp\" id=\"81\" number=\"6\" username=\"llp\">@llp#81</POSTMENTION> NBRE</p></r>',NULL,NULL,NULL,NULL,'108.162.226.20',0,1),(85,6,18,'2019-01-10 02:51:35',62,'comment','<t><p>test</p></t>',NULL,NULL,NULL,NULL,'108.162.226.20',0,1),(88,29,1,'2019-01-10 03:06:04',36,'comment','<r>\n<p>Wanna talk about something, but don<FP char=\"\">\'</FP>t know which space to use?<br/>\nBut guessing that <FP char=\"\">\"</FP>off-topic<FP char=\"\">\"</FP> is almost what you want?</p>\n\n<p>&#127880;&#127880;&#127880;congratulations! you guessed right!!&#127880;&#127880;&#127880;</p>\n\n<p>Here you can discuss anything. come on! Let me see what you are curious about!</p></r>',NULL,NULL,NULL,NULL,'108.162.215.145',0,1),(91,16,11,'2019-01-10 03:08:01',114,'comment','<r><p><POSTMENTION discussionid=\"16\" displayname=\"longinus41\" id=\"84\" number=\"8\" username=\"longinus41\">@longinus41#84</POSTMENTION> </p></r>',NULL,NULL,NULL,NULL,'172.68.133.33',0,1),(92,3,4,'2019-01-10 03:19:55',37,'comment','<r><p><POSTMENTION discussionid=\"3\" displayname=\"m5j\" id=\"80\" number=\"3\" username=\"m5j\">@m5j#80</POSTMENTION> Welcome</p></r>',NULL,NULL,NULL,NULL,'103.22.200.207',0,1),(93,20,8,'2019-01-10 03:29:09',127,'comment','<t><p>Is there a concern that the testnet faucet can be abused by devs to manipulate their NR and receive the DIP reward? Also, same question but with devs who accumulated testnet tokens in the past?</p></t>',NULL,NULL,NULL,NULL,'172.69.42.79',0,1),(94,16,12,'2019-01-10 03:39:44',109,'comment','<t><p>NOVA</p></t>',NULL,NULL,NULL,NULL,'108.162.215.85',0,1),(95,30,1,'2019-01-10 03:40:00',36,'comment','<r>\n<p>Welcome!&#128079;&#127801;I am so excited to see you join here! &#128516;</p> \n\n<p>Each of us is scattered around the world and shouts <FP char=\"\">\"</FP>Go Nebulas! go go!<FP char=\"\">\"</FP>, there may be no way to bring strength together to spread out the tremendous power that should be!</p>\n\n<p>I finally got together here! We are finally able to communicate with you in one place, where we can have more understanding, more sharing, more communication, and more suggestions. And the most exciting thing is that you can contribute to your own beliefs and even make it stronger by contributing your own strength.</p>\n\n<p>Believe me, this will bring an incomparable pleasure.</p>\n\n<p>Come on, let<FP char=\"\">\'</FP>s take a look at the categories and study how they play. Each category has such a small assistant text message!</p></r>',NULL,NULL,NULL,NULL,'172.68.211.157',0,1),(97,16,13,'2019-01-10 03:45:33',117,'comment','<t><p>Dapp</p></t>',NULL,NULL,NULL,NULL,'172.68.143.249',0,1),(98,13,2,'2019-01-10 03:50:57',36,'comment','<t><p>Very GOOD! &#128513;</p> </t>',NULL,NULL,NULL,NULL,'172.68.211.67',0,1),(99,13,3,'2019-01-10 03:51:19',36,'comment','<t><p>super GOOD! &#128512;</p> </t>',NULL,NULL,NULL,NULL,'172.68.211.67',0,1),(100,16,14,'2019-01-10 06:02:10',112,'comment','<t><p>DIPNR</p></t>',NULL,NULL,'2019-01-10 06:54:34',112,'162.158.79.20',0,1),(101,16,15,'2019-01-10 06:40:06',138,'comment','<t><p><br/>\n1dapp<br/>\n2nebulas sdk<br/>\n3dapp</p></t>',NULL,NULL,NULL,NULL,'172.68.211.67',0,1),(102,3,5,'2019-01-10 06:55:19',112,'comment','<t><p>Go Nebulas<br/>\nNebulas</p></t>',NULL,NULL,NULL,NULL,'162.158.79.254',0,1),(103,16,16,'2019-01-10 07:01:02',138,'comment','<r><p><POSTMENTION discussionid=\"16\" displayname=\"zhaozeen\" id=\"101\" number=\"15\" username=\"zhaozeen\">@zhaozeen#101</POSTMENTION> nas</p></r>',NULL,NULL,NULL,NULL,'172.68.211.67',0,1),(104,16,17,'2019-01-10 07:22:53',139,'comment','<t><p>7dapp</p></t>',NULL,NULL,NULL,NULL,'103.22.200.225',0,1),(105,11,8,'2019-01-10 07:23:42',139,'comment','<t><p>666</p></t>',NULL,NULL,NULL,NULL,'103.22.200.225',0,1),(106,16,18,'2019-01-10 07:45:35',115,'comment','<t><p>.</p></t>',NULL,NULL,NULL,NULL,'103.22.200.201',0,1),(107,16,19,'2019-01-10 09:26:59',116,'comment','<t><p>DAPPDAPP</p></t>',NULL,NULL,NULL,NULL,'172.68.133.225',0,1),(108,16,20,'2019-01-10 09:40:14',116,'comment','<t><p>DIP</p></t>',NULL,NULL,NULL,NULL,'162.158.59.205',0,1),(109,19,2,'2019-01-10 10:11:28',142,'comment','<r><p>Hi, I<FP char=\"\">\'</FP>m Kemal working as a developer from Belgium.</p>\n\n<p>Good luck Nebulas!</p></r>',NULL,NULL,NULL,NULL,'141.101.99.194',0,1),(110,16,21,'2019-01-10 11:51:01',125,'comment','<t><p>nova</p></t>',NULL,NULL,NULL,NULL,'172.68.143.9',0,1),(111,16,22,'2019-01-10 11:55:53',37,'comment','<r><p><POSTMENTION discussionid=\"16\" displayname=\"llp\" id=\"91\" number=\"11\" username=\"llp\">@llp#91</POSTMENTION> </p></r>',NULL,NULL,NULL,NULL,'108.162.215.139',0,1),(112,16,23,'2019-01-10 11:59:08',144,'comment','<r><LIST type=\"decimal\"><LI><s>1. </s>nas</LI>\n<LI><s>2. </s></LI></LIST></r>',NULL,NULL,NULL,NULL,'172.68.254.57',0,1),(113,16,24,'2019-01-10 12:00:20',37,'comment','<r><p><POSTMENTION discussionid=\"16\" displayname=\"Alier\" id=\"94\" number=\"12\" username=\"Alier\">@Alier#94</POSTMENTION> Nebulas NovaNovaDAppNovaNova</p></r>',NULL,NULL,NULL,NULL,'108.162.215.139',0,1),(114,16,25,'2019-01-10 12:03:16',37,'comment','<r><p><POSTMENTION discussionid=\"16\" displayname=\"mook\" id=\"97\" number=\"13\" username=\"mook\">@mook#97</POSTMENTION> DAppNRNRDApp100%DApp</p></r>',NULL,NULL,NULL,NULL,'108.162.215.139',0,1),(115,16,26,'2019-01-10 12:07:31',126,'comment','<t><p>dappdappdapp</p>\n</t>',NULL,NULL,NULL,NULL,'172.68.253.110',0,1),(116,16,27,'2019-01-10 12:07:36',37,'comment','<r><p><POSTMENTION discussionid=\"16\" displayname=\"zhaozeen\" id=\"101\" number=\"15\" username=\"zhaozeen\">@zhaozeen#101</POSTMENTION></p> \n<LIST type=\"decimal\"><LI><s>1. </s>DAppDApp</LI>\n<LI><s>2. </s>PythonJSPHPJavaC#Unity 3D</LI>\n<LI><s>3. </s>DAppDAppDApp</LI></LIST>\n</r>',NULL,NULL,NULL,NULL,'108.162.215.139',0,1),(117,16,28,'2019-01-10 12:10:10',37,'comment','<r><p><POSTMENTION discussionid=\"16\" displayname=\"zhaozeen\" id=\"103\" number=\"16\" username=\"zhaozeen\">@zhaozeen#103</POSTMENTION> NAS</p></r>',NULL,NULL,NULL,NULL,'108.162.215.139',0,1),(118,16,29,'2019-01-10 12:12:24',37,'comment','<r><p><POSTMENTION discussionid=\"16\" displayname=\"dappwind\" id=\"104\" number=\"17\" username=\"dappwind\">@dappwind#104</POSTMENTION> DIPNovaDAppNAS</p></r>',NULL,NULL,NULL,NULL,'108.162.215.139',0,1),(119,16,30,'2019-01-10 12:14:26',37,'comment','<r><p><POSTMENTION discussionid=\"16\" displayname=\"chenshiyan\" id=\"107\" number=\"19\" username=\"chenshiyan\">@chenshiyan#107</POSTMENTION> DApp</p></r>',NULL,NULL,NULL,NULL,'108.162.215.139',0,1),(120,16,31,'2019-01-10 12:17:40',37,'comment','<r><p><POSTMENTION discussionid=\"16\" displayname=\"includeleec\" id=\"112\" number=\"23\" username=\"includeleec\">@includeleec#112</POSTMENTION> NASNovaNAS</p>\n\n<p>1000NASNBRE</p></r>',NULL,NULL,NULL,NULL,'108.162.215.139',0,1),(121,19,3,'2019-01-10 12:18:12',31,'comment','<r><p><POSTMENTION discussionid=\"19\" displayname=\"KEMiCZA\" id=\"109\" number=\"2\" username=\"KEMiCZA\">@KEMiCZA#109</POSTMENTION> Welcome!</p></r>',NULL,NULL,NULL,NULL,'162.158.78.73',0,1),(122,16,32,'2019-01-10 12:19:02',37,'comment','<r><p><POSTMENTION discussionid=\"16\" displayname=\"jiangzeting\" id=\"115\" number=\"26\" username=\"jiangzeting\">@jiangzeting#115</POSTMENTION> PoDPoD</p></r>',NULL,NULL,NULL,NULL,'108.162.215.139',0,1),(123,16,33,'2019-01-10 12:21:19',37,'comment','<r><p><POSTMENTION discussionid=\"16\" displayname=\"jiangzeting\" id=\"115\" number=\"26\" username=\"jiangzeting\">@jiangzeting#115</POSTMENTION> </p></r>',NULL,NULL,NULL,NULL,'108.162.215.139',0,1),(124,20,9,'2019-01-10 12:22:59',37,'comment','<r><p><POSTMENTION discussionid=\"20\" displayname=\"satoshibytes\" id=\"63\" number=\"4\" username=\"satoshibytes\">@satoshibytes#63</POSTMENTION> They dont need a minimum score, and there is no maximum number. However, you may not get the incentive if its too small, like less than 100 wei.</p></r>',NULL,NULL,NULL,NULL,'108.162.215.139',0,1),(125,20,10,'2019-01-10 12:23:40',37,'comment','<r><p><POSTMENTION discussionid=\"20\" displayname=\"m5j\" id=\"64\" number=\"5\" username=\"m5j\">@m5j#64</POSTMENTION> The wallet that created the smart contract.</p></r>',NULL,NULL,NULL,NULL,'108.162.215.139',0,1),(126,20,11,'2019-01-10 12:24:37',37,'comment','<r><p><POSTMENTION discussionid=\"20\" displayname=\"m5j\" id=\"65\" number=\"6\" username=\"m5j\">@m5j#65</POSTMENTION> All smart contracts automatically included, no need for registration.</p></r>',NULL,NULL,NULL,NULL,'108.162.215.139',0,1),(127,16,34,'2019-01-10 12:24:51',116,'comment','<r><p><POSTMENTION discussionid=\"16\" displayname=\"stephenjay\" id=\"50\" number=\"3\" username=\"stephenjay\">@stephenjay#50</POSTMENTION> PODPOD</p></r>',NULL,NULL,NULL,NULL,'172.68.143.9',0,1),(128,20,12,'2019-01-10 12:25:51',37,'comment','<r><p><POSTMENTION discussionid=\"20\" displayname=\"starkstay\" id=\"66\" number=\"7\" username=\"starkstay\">@starkstay#66</POSTMENTION> As a user, you will not get the DIP reward. However, you may help some developers test their DApps on testnet. And that will be very helpful for the stability of Nebulas Nova. <br/>\nFor how to use the DApp on testnet, you may contact the developers. And we may also list the testing DApps in our community.</p>\n</r>',NULL,NULL,NULL,NULL,'108.162.215.139',0,1),(129,16,35,'2019-01-10 12:26:56',116,'comment','<t><p>NASNovaNR</p></t>',NULL,NULL,NULL,NULL,'172.68.143.9',0,1),(130,20,13,'2019-01-10 12:27:02',37,'comment','<r><p><POSTMENTION discussionid=\"20\" displayname=\"satoshibytes\" id=\"93\" number=\"8\" username=\"satoshibytes\">@satoshibytes#93</POSTMENTION> The NR on the testnest is separated form the NR on the mainnet. The accumulated tokens can somewhat influence the fairness of the DIP testnet . However the main purpose of the testnet activity is to improve the stability of the DIP.  Later in the mainnet the fairness of the DIP protocol can be still guaranteed.</p> </r>',NULL,NULL,NULL,NULL,'108.162.215.139',0,1),(131,16,36,'2019-01-10 12:34:45',136,'comment','<r><p><POSTMENTION discussionid=\"16\" displayname=\"zhaozeen\" id=\"103\" number=\"16\" username=\"zhaozeen\">@zhaozeen#103</POSTMENTION> <br/>\n</p>\n\n<p>DIP</p>\n\n<p>2019Token Usertoken holdertokentoken holdertoken usertoken user</p>\n</r>',NULL,NULL,NULL,NULL,'103.22.200.129',0,1),(132,16,37,'2019-01-10 12:39:21',126,'comment','<t><p></p>\n</t>',NULL,NULL,NULL,NULL,'172.68.253.176',0,1),(133,16,38,'2019-01-10 12:41:47',136,'comment','<r><p><POSTMENTION discussionid=\"16\" displayname=\"antsky\" id=\"110\" number=\"21\" username=\"antsky\">@antsky#110</POSTMENTION> <br/>\nNOVANRDIPNBRE</p>\n\n<p>NBRENBRENBRE</p></r>',NULL,NULL,NULL,NULL,'172.68.133.225',0,1),(134,16,39,'2019-01-10 12:52:53',149,'comment','<t> <p></p></t>',NULL,NULL,NULL,NULL,'103.22.200.177',0,1),(135,16,40,'2019-01-10 13:00:34',37,'comment','<r><p><POSTMENTION discussionid=\"16\" displayname=\"chenshiyan\" id=\"127\" number=\"34\" username=\"chenshiyan\">@chenshiyan#127</POSTMENTION> </p></r>',NULL,NULL,NULL,NULL,'162.158.58.18',0,1),(136,16,41,'2019-01-10 13:01:34',37,'comment','<r><p><POSTMENTION discussionid=\"16\" displayname=\"chenshiyan\" id=\"129\" number=\"35\" username=\"chenshiyan\">@chenshiyan#129</POSTMENTION> NASNRNovaNR</p></r>',NULL,NULL,NULL,NULL,'162.158.58.18',0,1),(137,16,42,'2019-01-10 13:05:01',126,'comment','<t><p></p>\n</t>',NULL,NULL,NULL,NULL,'162.158.179.247',0,1),(138,16,43,'2019-01-10 13:13:26',148,'comment','<t><p>top10NAS</p></t>',NULL,NULL,NULL,NULL,'162.158.179.247',0,1),(139,16,44,'2019-01-10 13:13:26',148,'comment','<t><p>top10NAS</p></t>',NULL,NULL,'2019-01-10 13:13:42',148,'162.158.179.247',0,1),(141,16,45,'2019-01-10 13:41:04',17,'comment','<r><p><POSTMENTION discussionid=\"16\" displayname=\"jiangzeting\" id=\"137\" number=\"42\" username=\"jiangzeting\">@jiangzeting#137</POSTMENTION> Fintech</p></r>',NULL,NULL,NULL,NULL,'172.68.132.170',0,1),(142,16,46,'2019-01-10 13:52:56',150,'comment','<t><p><br/>\n</p>\n\n<p><br/>\n<br/>\n</p>\n\n<p></p>\n\n<p>dappdapp</p>\n\n<p><br/>\nNAS</p>\n\n</t>',NULL,NULL,NULL,NULL,'172.68.146.53',0,1),(143,16,47,'2019-01-10 14:04:08',17,'comment','<r><p><POSTMENTION discussionid=\"16\" displayname=\"Ravin\" id=\"134\" number=\"39\" username=\"Ravin\">@Ravin#134</POSTMENTION> Ravin</p></r>',NULL,NULL,NULL,NULL,'172.68.133.225',0,1),(144,16,48,'2019-01-10 14:04:42',31,'comment','<r><p><POSTMENTION discussionid=\"16\" displayname=\"jiangzeting\" id=\"132\" number=\"37\" username=\"jiangzeting\">@jiangzeting#132</POSTMENTION> <URL url=\"https://nebulas.io/cn/roadmap.html\"><s>[</s><e>](https://nebulas.io/cn/roadmap.html)</e></URL><br/>\nNF20192018Nebulas NOVANBRE<br/>\nPoD<br/>\n2017Eagle Nebula2018Nebulas NOVANF</p></r>',NULL,NULL,NULL,NULL,'162.158.78.247',0,1),(145,16,49,'2019-01-10 14:05:01',17,'discussionLocked','{\"locked\":true}',NULL,NULL,NULL,NULL,NULL,0,1),(146,16,50,'2019-01-10 14:23:47',17,'comment','<r><p><POSTMENTION discussionid=\"16\" displayname=\"paulcheung1999\" id=\"142\" number=\"46\" username=\"paulcheung1999\">@paulcheung1999#142</POSTMENTION> <br/>\ngoogle<br/>\ndappNAS nanotoken user.</p>\n</r>',NULL,NULL,NULL,NULL,'172.69.23.90',0,1),(147,20,14,'2019-01-10 15:37:21',128,'comment','<t><p>When will the explorer be updated to include DIP information?</p></t>',NULL,NULL,NULL,NULL,'162.158.75.133',0,1),(148,20,15,'2019-01-10 17:06:35',152,'comment','<r><p>Good day everyone,</p>\n\n<p>First of i wanted to say congratulations and offer my biggest compliments to the team for all their achievements so far. The technology they are developing will be essential to the blockchain world, and i can<FP char=\"\">\'</FP>t praise them enough for always underpromising and overachieving and never missing deadlines, i truly see the potential in this project, given i am a developer going on 15 years career now.</p> \n\n<p>My main question is about adoption and the potential future value growth of the Nebulas ecosystem. It is clear that this bear market has hurt many if not all projects financially and community wise, many past growth gains have been wiped out, but most importantly things have been offly too quiet around the space including around Nebulas that even now it is hard to conduct an AMA and attracting a lot viewers in discussions. Im sure many are still holding NAS coins but are paying less attention to the market and just going with their daily lives.</p> \n\n<p>Given that there are so many protocols in the crypto space right now, without mentioning any names, all competing very heavily to become a central hub for decentralized applications, is the team aware that there needs to be a business and marketing team within the committee to work on strategies to raise brand awareness around Nebulas, and to increase the size of the community which in turn will help grow the ecosystem, thus gaining more dominance within the crypto space?  The DIP program will definitely be a huge factor in terms of us developers being rewarded with NAS coins and potentially acting as supernodes bookkeepers in the future, but does the team have a strategy to help the project and ecosystem gain dominance and market share which in turn will make the NAS asset more valuable over time? I fully understand and praise Hitters<FP char=\"\">\'</FP> vision for wanting everyone to be equals and not having whales within Nebulas, but does the team care about value growth? It is clear that current market conditions have affected the project<FP char=\"\">\'</FP>s valuation tremendously, but many other project teams believe that in order to grow a community and to attract more developers, the ecosystem needs to gain more popularity and be more in the spotlight and competitive, which in turn will help those developer<FP char=\"\">\'</FP>s dapps gain more attention and adoption. So im hoping to find out if there is a future strategy in place with marketing and business experts in the software development field.</p>  \n\n<p>Thank you very much for your time, and Go Nebulas! <E>:)</E></p> </r>','2019-01-10 17:11:35',152,NULL,NULL,'162.158.126.19',0,1),(149,20,16,'2019-01-10 17:43:34',141,'comment','<r><p>Will Nebulas step up it<FP char=\"\">\'</FP>s marketing, especially for the western world? I don<FP char=\"\">\'</FP>t think there are many in the western world who know Nebulas has thousands of DAPs as now, and how amazing project it is.</p> </r>',NULL,NULL,NULL,NULL,'162.158.63.193',0,1),(150,20,17,'2019-01-10 18:33:08',131,'comment','<t><p>I think the first popular dapps will be solving some market inefficiency that is on the edges of legality. Similar to napster/emule days.</p> \n\n<p>Are you worried about dapps being used in malicious ways? Is nebulas able to stop a malicious dapp from operating by stopping their smart contract addresses? Will it be decentralized in the future such that a dapp could not be stopped?</p></t>',NULL,NULL,NULL,NULL,'172.69.69.19',0,1),(151,20,18,'2019-01-10 22:48:12',153,'comment','<t><p>Did the team ever thought about making a hybrid consensus like POS next to POD? The POS consensus can maybe benefit the community by giving them more incentive to hold NAS and also by letting them run a node makes it more decentralized.</p> </t>',NULL,NULL,NULL,NULL,'162.158.150.91',0,1),(152,20,19,'2019-01-10 22:55:22',153,'comment','<t><p>I really would like to have Ledger Nano S or Trezor support for NAS. On telegram i heard there was already someone that claimed the bounty for creating an implementation for this. That was a long time ago. Maybe that person is not part of the community anymore and we wait for nothing to be released. Did the team thought about writing the code themselves? I think your team is absolutelly capable of doing it and maybe it is also more exposure if we are supported on Ledger and Trezor.</p></t>','2019-01-10 22:59:52',153,NULL,NULL,'162.158.150.7',0,1),(153,20,20,'2019-01-10 23:09:45',152,'comment','<r><p>Hey team, i meant to ask also, when PoD is implemented, will the team be researching other methods of scalability such as sharding, sidechains, to ensure that as the network becomes more decentralized that the throughput of txn<FP char=\"\">\'</FP>s still remains powerful? And if so, any chance it will be implemented at the same time as the network transitions over to PoD?</p></r>',NULL,NULL,NULL,NULL,'162.158.126.19',0,1),(154,20,21,'2019-01-10 23:35:43',152,'comment','<r><p>So i<FP char=\"\">\'</FP>ve had a chance today to spend a few hours reading all the conversations of the AMA on the Chinese community channel with the help of Google translate, there are indeed many Chinese supporters whom are very supportive of Nebulas have great hopes for its future success, but just like in the western world, they too seem worried about the massive drop in NAS price, the fact that the performance of NAS has been worrisome throughout the year, not only because of the bear market the price correction of Bitcoin, but also with the first Dapps incentives which led to a massive selloff of NAS tokens.</p> \n\n<p>It is fair to say that the individuals spending time on those community forums and social channels following the progress of Nebulas aren<FP char=\"\">\'</FP>t in it just to make a quick buck, but are indeed in it for the journey and to see the ecosystem flourish and get adopted, and potentially contribute as developers and non-developers. It does however appears that many of Nebulas supporters including developers would like to see commercial enterprise adoption, as well as strategies in place that will in the future see the project experience constant natural value growth, given that despite the amazing technology we are witnessing, we are severely undervalued price wise, while many other networks will be pushing their own incentive grants campaigns to increase adoption and attract developers.</p>\n\n<p>So in order to attract developers being rewarded with NAS, as well as more bookkeepers securing the network in the future, the NAS rewards hopefully will have to show proper valuation. But it appears that the team doesn<FP char=\"\">\'</FP>t seem to care about value growth and would prefer to take a passive approach and just focusing on the tech, which of course is important nonetheless. I<FP char=\"\">\'</FP>m only hoping to fully understand where the team stands in that regard given that many participated in the early days token sale, many developers want to see Nebulas succeed being the giant winner above other projects like NEO, and other blockchains including non-Chinese projects, not to mention also that if different blockchain technologies were to be compared, Nebulas clearly ends up as the clear winner and it should be reflected in its valuation.</p>\n\n<p>Thank you</p></r>',NULL,NULL,NULL,NULL,'162.158.126.115',0,1),(155,20,22,'2019-01-11 03:25:56',37,'comment','<r><p><POSTMENTION discussionid=\"20\" displayname=\"m5j\" id=\"147\" number=\"14\" username=\"m5j\">@m5j#147</POSTMENTION> We will update the explorer to include DIP information on testnet on Jan 20. And the mainnet support will be updated at the end of March.</p></r>',NULL,NULL,NULL,NULL,'172.69.33.212',0,1),(156,20,23,'2019-01-11 03:48:53',37,'comment','<r><p><POSTMENTION discussionid=\"20\" displayname=\"starkstay\" id=\"150\" number=\"17\" username=\"starkstay\">@starkstay#150</POSTMENTION> I think this question is really challenging.</p> \n\n<p>We do have some worries about malicious DApps. As a decentralized blockchain project, we follow what the community need.  We believe in the good part of people, and malicious DApps should be very rare.</p> </r>','2019-01-11 03:49:10',37,NULL,NULL,'162.158.58.114',0,1),(157,20,24,'2019-01-11 03:50:41',37,'comment','<r><p><POSTMENTION discussionid=\"20\" displayname=\"Michel\" id=\"151\" number=\"18\" username=\"Michel\">@Michel#151</POSTMENTION> Thanks for your suggestion. PoS has a number of advantages, such as energy-efficiency and resistance for Sybil attack. However, PoS likes to facilitate the Cartel Formation which will lead to unfairness. Besides, the pledge of token results in liquidity degradation. That is the reason for our deliberate choice of the devotion (Nebulas Rank) instead of stake.  Actually, we<FP char=\"\">\'</FP>re looking at designing the consensus protocol and we would like to share to you in the near future.</p></r>',NULL,NULL,NULL,NULL,'162.158.58.114',0,1),(158,20,25,'2019-01-11 03:51:49',37,'comment','<r><p><POSTMENTION discussionid=\"20\" displayname=\"Mista-Mist\" id=\"153\" number=\"20\" username=\"Mista-Mist\">@Mista-Mist#153</POSTMENTION> Hi, at first, thanks for your concern and supports to Nebulas. Actually, we<FP char=\"\">\'</FP>re looking at new consensus protocol which considering scaling solutions like sharding and state channel.  We have some interesting ideas and we would like to share to you in the near future. Im sorry that there is no way to tell what the ultimate form of PoD now. But one thing is clear, decentralization of Nebulas is set to be finished  in 2019.</p></r>',NULL,NULL,NULL,NULL,'162.158.58.114',0,1),(159,20,26,'2019-01-11 03:53:29',31,'comment','<r><p><POSTMENTION discussionid=\"20\" displayname=\"Michel\" id=\"152\" number=\"19\" username=\"Michel\">@Michel#152</POSTMENTION> We are following the hardware wallet bounty. If it<FP char=\"\">\'</FP>s failed, we will open the bounty again.</p> </r>',NULL,NULL,NULL,NULL,'162.158.79.224',0,1),(160,20,27,'2019-01-11 03:57:25',136,'comment','<r><p><POSTMENTION discussionid=\"20\" displayname=\"m5j\" id=\"65\" number=\"6\" username=\"m5j\">@m5j#65</POSTMENTION> personally, I am thinking about this. thanks</p></r>',NULL,NULL,NULL,NULL,'162.158.78.205',0,1),(161,20,28,'2019-01-11 03:57:42',37,'comment','<r><p><POSTMENTION discussionid=\"20\" displayname=\"Mista-Mist\" id=\"154\" number=\"21\" username=\"Mista-Mist\">@Mista-Mist#154</POSTMENTION> Thank you for your thoughtful comment!<br/>\nIt seems that the valuation in your question, more specifically the token price, is a big issue. In our opinion, the token price should follows from the market variance and it is inappropriate for external manipulation.</p>\n\n<p>Compared to the token price, we care more about the  technology, as we believe that the technology reflect the true valuation of Nebulas. We do not directly develop commercial application but hopefully do together with community. We think technology will eventually lead to a prosperous ecosystem, and more high-level, contribute to the development of the whole blockchain industry.</p> </r>',NULL,NULL,NULL,NULL,'162.158.58.114',0,1),(162,20,29,'2019-01-11 04:03:06',136,'comment','<r><p><POSTMENTION discussionid=\"20\" displayname=\"Mista-Mist\" id=\"154\" number=\"21\" username=\"Mista-Mist\">@Mista-Mist#154</POSTMENTION> we will never lower our goal due to bear market or something else. The goal is becoming top 10 even 5 blockchain project  on the earth including the price factor surely. Nothing changes, and we are keeping doing that everyday.</p></r>',NULL,NULL,NULL,NULL,'162.158.78.247',0,1),(163,20,30,'2019-01-11 04:05:08',37,'comment','<r><p><POSTMENTION discussionid=\"20\" displayname=\"Michel\" id=\"152\" number=\"19\" username=\"Michel\">@Michel#152</POSTMENTION> Currently, our first priority is the Nebulas Nova mainnet. And we have no plan for the Ledger now. As I know, some community members are doing this.</p></r>',NULL,NULL,NULL,NULL,'162.158.58.114',0,1),(164,20,31,'2019-01-11 04:11:58',152,'comment','<r><p><POSTMENTION discussionid=\"20\" displayname=\"Hitters\" id=\"162\" number=\"29\" username=\"Hitters\">@Hitters#162</POSTMENTION> I have zero doubt in my mind that those goals won<FP char=\"\">\'</FP>t be achieved. In my own defense, i just want to make it clear that i am not here for earning a profit quick and leaving. If anything i believe that the crypto space lacks maturity and is too speculative. All i wish for is Nebulas to be louder and for other projects to see how strong of a technology we are. With blockchain adoption will come well deserved growth. From what i<FP char=\"\">\'</FP>ve been seeing this past week, it appears Nebulas committee has a solid plan for 2019!</p> </r>',NULL,NULL,NULL,NULL,'162.158.126.97',0,1),(165,27,3,'2019-01-11 04:28:35',37,'discussionRenamed','[\"This is our own tech forum! ASK these phD. everything here!\",\"This is our own tech forum! ASK these Ph.D. everything here!\"]',NULL,NULL,NULL,NULL,NULL,0,1),(166,20,32,'2019-01-11 04:41:38',136,'comment','<r><p><POSTMENTION discussionid=\"20\" displayname=\"JakubNY\" id=\"149\" number=\"16\" username=\"JakubNY\">@JakubNY#149</POSTMENTION> Thank you for your question. Nebulas is one of the earliest Chinese public blockchain projects that has reached out to the overseas community. We also have a lot of supports from overseas.  Therefore we will maintain our focus on the overseas market. The testnet of Nebulas NOVA has already been released, and in our market plan of 2019, we will put more attention on the overseas market, including delivering more PR articles and also paying more attention on developers community. We will also try to apply ATP on-chain advertisement to better improve the performance of our overseas market and operation.</p></r>',NULL,NULL,NULL,NULL,'108.162.245.67',0,1),(167,20,33,'2019-01-11 04:45:14',136,'comment','<r><p><POSTMENTION discussionid=\"20\" displayname=\"Mista-Mist\" id=\"148\" number=\"15\" username=\"Mista-Mist\">@Mista-Mist#148</POSTMENTION> Thanks for your questions. We have put in extensive efforts on the research and development of the underlying infrastructure of Nebulas, and it does not mean that we pay less attention in building the ecosystem or marketing.</p>\n\n<p>As a public chain project, we have always been holding strong with respect to the market, and it<FP char=\"\">\'</FP>s hard for any single project to beat the entire market condition. Nebulas keeps forging ahead to complete our promises and goals, and we hope our community could join us together to make Nebulas better.</p>\n\n<p>In terms of our ecosystem development, our key target is to introduce incremental token users to our ecosystem and thus to create a sustainable and sound ecosystem. We have incubated the first benchmark protocol layer application Atlas Protocol and as a on-chain advertising protocol, Atlas is not just an application of Nebulas mainnet, it also supports the marketing and user adoption- not only Nebulas and our ecosystem, but also the entire blockchain industry.  Meanwhile, I personally have initiated Bitsclub Vision Program and the Public Chain Technology Alliance (PTCA) which already has over 20 partners in the entire public chain ecosystem. We hope that within PCTA, these projects can share technologies, developers community and other resources to jointly promote the ecosystem development and grow together.</p>  \n\n<p>Therefore, we always welcome and sincerely hope that our community would come and join us in the ecosystem development, because Nebulas is working hard to provide a fair and equal ecosystem for everyone to benefit and get value from their contributions. Go Nebulas!</p></r>',NULL,NULL,NULL,NULL,'162.158.106.75',0,1),(168,16,51,'2019-01-11 09:53:36',119,'comment','<r><p><POSTMENTION discussionid=\"16\" displayname=\"DagCoin\" id=\"138\" number=\"43\" username=\"DagCoin\">@DagCoin#138</POSTMENTION> DAPPNAS nano ProNRC20dappDAppNAS Nano Pro</p>\n\n</r>',NULL,NULL,NULL,NULL,'172.68.65.201',0,1),(169,31,1,'2019-01-11 10:32:56',64,'comment','<r><p>Post any tech suggestions, comments, thinking here. Don<FP char=\"\">\'</FP>t be shy, we<FP char=\"\">\'</FP>d love to hear the voice from the community.   For any specific issue/bug, a better place will be github.</p> </r>',NULL,NULL,NULL,NULL,'108.162.226.38',0,1),(170,11,9,'2019-01-11 14:57:31',112,'comment','<t><p>Hi nice to e-meet you guys! This is Ruby &#128512;</p> </t>',NULL,NULL,'2019-01-11 14:57:38',112,'162.158.78.97',0,1),(171,32,1,'2019-01-11 14:59:34',112,'comment','<t><p>Hi Guys! Nice to e-meet you ! This is Ruby!:</p></t>',NULL,NULL,NULL,NULL,'162.158.78.97',0,1),(172,32,2,'2019-01-11 21:47:05',128,'comment','<t><p>Hello!</p></t>',NULL,NULL,NULL,NULL,'162.158.75.133',0,1),(173,19,4,'2019-01-12 06:58:38',36,'comment','<r><p><POSTMENTION discussionid=\"19\" displayname=\"KEMiCZA\" id=\"109\" number=\"2\" username=\"KEMiCZA\">@KEMiCZA#109</POSTMENTION> Welcome Kemal! <br/>\nBelgium is a famous place for Speculaas! Right? I hope that one day I will have a chance to try it!<br/>\n<UPL-IMAGE-PREVIEW url=\"https://community.nebulas.io/assets/files/2019-01-12/1547276074-306815-image.png\">[upl-image-preview url=https://community.nebulas.io/assets/files/2019-01-12/1547276074-306815-image.png]</UPL-IMAGE-PREVIEW></p>\n\n<p>Welcome again! And hope we can make some great things together<br/>\nWe will have an event in the near future. As a developer, you can pay attention! I look forward to your participation!<br/>\nQuick click to get info<FP char=\"\">---</FP><FP char=\"\">---</FP><FP char=\"\">---</FP>&gt;<URL url=\"https://community.nebulas.io/d/25-nebulas-testnet-developer-incentive-program-event-guide\"><s>[</s>Please Click Here&gt;.&lt;<e>](https://community.nebulas.io/d/25-nebulas-testnet-developer-incentive-program-event-guide)</e></URL></p></r>',NULL,NULL,NULL,NULL,'172.69.33.212',0,1),(174,9,3,'2019-01-12 08:19:36',158,'comment','<t><p>Hi there, I,m from the Netherlands and I really love all crypto!</p></t>',NULL,NULL,NULL,NULL,'141.101.77.47',0,1),(175,33,1,'2019-01-14 18:20:12',152,'comment','<r><p>Good day Nebulers, wishing everyone a great week ahead and lots of good productivity for the Nebulas team.</p> \n\n<p>I was wondering if the Nebulas team would be able to reach out to top Youtube influencers whenever they are planning on kickstarting their meetups in different cities?  There are definitely great blockchain researchers and influencers who have spoken about Nebulas in the past, and it would be great if we can reach out to them for an interview or maybe engaging them into posting a thorough update of the Nebulas progress since last year.  Some individuals to reach out that are very competent would be Blockchain Brad, Crypto Lark, Ivan on Tech, Crush Crypto.<br/>\nIt would surely refresh a lot of past followers<FP char=\"\">\'</FP> memories about Nebulas and all the great things that have been happening with development. Feedback most welcome!</p>\n\n\n<p>Thank you all.</p></r>',NULL,NULL,NULL,NULL,'162.158.126.115',0,1),(176,9,4,'2019-01-15 04:59:32',36,'comment','<r><p><POSTMENTION discussionid=\"9\" displayname=\"ErmeloBoy78\" id=\"174\" number=\"3\" username=\"ErmeloBoy78\">@ErmeloBoy78#174</POSTMENTION> <br/>\nwow, so GREAT!!! I LOVE CRYPTO AND BLOCKCHAIN, too!<br/>\nMay I ask why the Crypto is attracting you? Like the freshness of it, or the idea to bring you the pursuit? Or what is the reason! Please feel free to tell me your ideas! &#128516;</p> </r>',NULL,NULL,NULL,NULL,'108.162.215.145',0,1),(177,33,2,'2019-01-15 05:50:08',31,'comment','<t><p>Good suggestion.</p></t>',NULL,NULL,NULL,NULL,'162.158.106.147',0,1),(178,33,3,'2019-01-15 06:34:39',112,'comment','<r><p><POSTMENTION discussionid=\"33\" displayname=\"Mista-Mist\" id=\"175\" number=\"1\" username=\"Mista-Mist\">@Mista-Mist#175</POSTMENTION> <br/>\nHi Mista<br/>\nGlad to hear your voice, It<FP char=\"\">\'</FP>s really good suggestion!  Nebulas has been worked with several Youtube influencers especially during the Nebulas Incentive Program season. We are now open and indeed seeking  to collaborate with Youtube influencers to further promote Nebulas NOVA as well. But on the other hand, we did see that with the entire market sentiment goes down, the enthusiasm of the influencers goes down exponentially. The team is still working on feasible ways to further promote Nebulas and Nebulas NOVA , as the same time, we also hope that our community could join us as well &#128512; Happy to hear further from you~</p></r>',NULL,NULL,NULL,NULL,'172.68.65.201',0,1),(179,32,3,'2019-01-15 06:49:26',112,'comment','<r><p><POSTMENTION discussionid=\"32\" displayname=\"m5j\" id=\"172\" number=\"2\" username=\"m5j\">@m5j#172</POSTMENTION> hello &#128512;</p> \n</r>',NULL,NULL,NULL,NULL,'162.158.79.224',0,1),(180,6,19,'2019-01-15 09:05:55',60,'comment','<r><p><POSTMENTION discussionid=\"6\" displayname=\"ecosys\" id=\"48\" number=\"16\" username=\"ecosys\">@ecosys#48</POSTMENTION> j</p>\n</r>',NULL,NULL,NULL,NULL,'162.158.118.229',0,1),(181,34,1,'2019-01-16 08:06:24',64,'comment','<r><p>Hi all,</p>\n\n<p>Due to a compatibility issue of NBRE on our testnet, we decided to <STRONG><s>**</s>roll back the testnet to a previous height: 1540000<e>**</e></STRONG>. This is to eliminate the compatibility issue and make sure NBRE and all of its functionalities can be well supported on all of our supported platforms.</p>\n\n<p>However, because of the rollback, you may notice that your recently claimed NAS on testnet may disappear, you may wanna claim it again after the rollback.</p> \n\n<p><STRONG><s>**</s>The rollback will take place on Jan.16, 2019, 8pm - 10pm, Beijing Time (GMT+8)<e>**</e></STRONG>.  Should you encounter any issue, please refer to this post and let us know the details. We sincerely apologize for any incovenience because of this matter.</p> \n\n\n<p>-The Nebulas Mainnet Team</p>\n\n\n</r>','2019-01-16 08:06:38',64,NULL,NULL,'108.162.226.38',0,1),(182,34,2,'2019-01-16 08:15:28',64,'discussionStickied','{\"sticky\":true}',NULL,NULL,NULL,NULL,NULL,0,1),(183,36,1,'2019-01-16 15:25:28',165,'comment','<t> <p>Let rock the Nebulas World!</p></t>',NULL,NULL,NULL,NULL,'162.158.106.237',0,1),(184,37,1,'2019-01-17 03:21:24',166,'comment','<t><p>Hi,How are you all??</p></t>',NULL,NULL,NULL,NULL,'172.68.144.58',0,1),(185,38,1,'2019-01-17 08:14:21',31,'comment','<r><p>This is a long-time post.<br/>\nWelcome to recommend your fav Nebulas DApp. We can list it on <URL url=\"https://nebulas.io/dapps.html\"><s>[</s>the official website<e>](https://nebulas.io/dapps.html)</e></URL>.</p>\n\n<p>There are more than 6,800 DApps on Nebulas mainnet now. Find them:<br/>\nNebulas DApp Store: <URL url=\"https://www.nebulasdapps.com/\"><s>[</s>https://www.nebulasdapps.com/<e>](https://www.nebulasdapps.com/)</e></URL><br/>\n<URL url=\"https://nano.nebulas.io\"><s>[</s>NAS nano pro<e>](https://nano.nebulas.io)</e></URL> (iOS &amp; Android)<br/>\nNebulas Incentive Program season 1 <URL url=\"https://incentive.nebulas.io/dapps-board.html\"><s>[</s>DApp Board<e>](https://incentive.nebulas.io/dapps-board.html)</e></URL></p></r>',NULL,NULL,NULL,NULL,'108.162.246.122',0,1),(186,39,1,'2019-01-17 08:53:19',31,'comment','<r><p>New Explorer (<URL url=\"https://explorer.nebulas.io/#/\"><s>[</s>explorer.nebulas.io<e>](https://explorer.nebulas.io/#/)</e></URL>) went live on Jan 11, 2019.<br/>\nWhat do you think about the new Explorer? If you have any suggestions, you can post it here. For example:<br/>\n ++ new functions<br/>\n ++ sth. about UI</p>\n \n\n<p>If you find bugs, you can submit issues here: <URL url=\"https://github.com/nebulasio/explorer/issues\"><s>[</s>https://github.com/nebulasio/explorer/issues<e>](https://github.com/nebulasio/explorer/issues)</e></URL>.</p></r>',NULL,NULL,NULL,NULL,'108.162.246.68',0,1),(187,40,1,'2019-01-17 08:59:05',31,'comment','<r><p>One of the most important docs is <URL url=\"https://wiki.nebulas.io\"><s>[</s>wiki.nebulas.io<e>](https://wiki.nebulas.io)</e></URL></p>\n\n<p>Nebulas community is open and everyone can be a contributor and build a decentralized world with us.<br/>\nThe Nebulas wiki is a collaboration tool for the community to publish various documents in a collaborative manner. Include using guides, developing guides, learning resources, and other useful documents.</p>\n\n<p>Welcome to use Wiki! And be a contributor!</p>\n\n<p>Resources:<br/>\n<URL url=\"https://wiki.nebulas.io/en/latest/how-to-contribute.html\"><s>[</s>How to contribute<e>](https://wiki.nebulas.io/en/latest/how-to-contribute.html)</e></URL><br/>\n<URL url=\"https://medium.com/nebulasio/nebulas-wiki-bounty-program-32048077e16c\"><s>[</s>WIKI Bounty Program<e>](https://medium.com/nebulasio/nebulas-wiki-bounty-program-32048077e16c)</e></URL><br/>\n<URL url=\"https://medium.com/nebulasio/the-first-winners-of-nebulas-wiki-bounty-program-f6e1806aeb1\"><s>[</s>Winners of Dec 2018<e>](https://medium.com/nebulasio/the-first-winners-of-nebulas-wiki-bounty-program-f6e1806aeb1)</e></URL> (<URL url=\"https://explorer.nebulas.io/#/address/n1bpdmFRRaYUs6npsPpTtAudxi3Q8sEHHDx\"><s>[</s>View on Explorer<e>](https://explorer.nebulas.io/#/address/n1bpdmFRRaYUs6npsPpTtAudxi3Q8sEHHDx)</e></URL>)</p></r>','2019-01-17 09:23:43',31,NULL,NULL,'162.158.106.225',0,1),(188,41,1,'2019-01-17 09:10:20',31,'comment','<t><p>Bug<br/>\n<br/>\nDAppNebpayNebulas Rank<br/>\n</p>\n\n<p>SlackTelegram</p></t>',NULL,NULL,NULL,NULL,'162.158.106.57',0,1),(189,36,2,'2019-01-17 09:17:23',31,'comment','<t><p>Welcome!<br/>\nRock and Roll! &#128512;</p> </t>',NULL,NULL,NULL,NULL,'162.158.106.57',0,1),(190,37,2,'2019-01-17 09:17:54',31,'comment','<t><p>Welcome!</p></t>',NULL,NULL,NULL,NULL,'162.158.106.57',0,1),(191,42,1,'2019-01-17 09:21:49',31,'comment','<t><p><br/>\n<br/>\n</p>\n\n<p>2019:-)</p></t>',NULL,NULL,NULL,NULL,'162.158.106.57',0,1),(192,43,1,'2019-01-17 09:31:51',31,'comment','<r><p><STRONG><s>**</s>Bi-weekly Dev Repo #64<e>**</e></STRONG> <br/>\nJan 1 ~ Jan 13, 2019</p>\n\n<H3><s>### </s>Mainnet Development</H3>\n<p>Deploy Nebulas Nova on the testnet<br/>\nFeatures (finished):</p> \n\n<LIST><LI><s>- </s>NR</LI>\n<LI><s>- </s>DIP</LI>\n<LI><s>- </s>NBRE</LI>\n<LI><s>- </s>libp2p</LI></LIST>\n\n<p>To Do:</p>\n\n<LIST><LI><s>- </s>new API on testnet</LI>\n<LI><s>- </s>test cases</LI></LIST>\n\n\n<H3><s>### </s>Ecosystem Development</H3>\n\n<p><STRONG><s>**</s>NAS nano Pro<e>**</e></STRONG> <br/>\nPassed a new round of code audit and attack testing conducted by ZDCY security company</p>\n\n<p>To Do: Support the latest ATP SDK</p>\n\n<p><STRONG><s>**</s>The Nebulas Block Explorer<e>**</e></STRONG><br/>\nReleased beta version. Features (finished):</p>\n<LIST><LI><s>- </s>new UI</LI>\n<LI><s>- </s>mainnet &amp; testnet daily data board</LI>\n<LI><s>- </s>support the latest ATP SDK</LI></LIST>\n\n<p><STRONG><s>**</s>Nebulas Forum<e>**</e></STRONG><br/>\nReleased! Clap your hands!</p>\n\n<p><URL url=\"https://medium.com/nebulasio/nebulas-bi-weekly-development-commits-64-ff633d06833a\"><s>[</s>View more details on medium &gt;<e>](https://medium.com/nebulasio/nebulas-bi-weekly-development-commits-64-ff633d06833a)</e></URL></p></r>','2019-01-17 09:32:24',31,NULL,NULL,'162.158.106.105',0,1),(193,44,1,'2019-01-17 09:39:23',31,'comment','<r><p><UPL-IMAGE-PREVIEW url=\"https://community.nebulas.io/assets/files/2019-01-17/1547718136-451762-photo-2019-01-17-173728.jpeg\">[upl-image-preview url=https://community.nebulas.io/assets/files/2019-01-17/1547718136-451762-photo-2019-01-17-173728.jpeg]</UPL-IMAGE-PREVIEW><br/>\n<UPL-IMAGE-PREVIEW url=\"https://community.nebulas.io/assets/files/2019-01-17/1547718157-836671-photo-2019-01-17-173647.jpeg\">[upl-image-preview url=https://community.nebulas.io/assets/files/2019-01-17/1547718157-836671-photo-2019-01-17-173647.jpeg]</UPL-IMAGE-PREVIEW><br/>\n<UPL-IMAGE-PREVIEW url=\"https://community.nebulas.io/assets/files/2019-01-17/1547718176-888075-photo-2019-01-17-173733.jpeg\">[upl-image-preview url=https://community.nebulas.io/assets/files/2019-01-17/1547718176-888075-photo-2019-01-17-173733.jpeg]</UPL-IMAGE-PREVIEW><br/>\n<UPL-IMAGE-PREVIEW url=\"https://community.nebulas.io/assets/files/2019-01-17/1547718184-515861-photo-2019-01-17-173739.jpeg\">[upl-image-preview url=https://community.nebulas.io/assets/files/2019-01-17/1547718184-515861-photo-2019-01-17-173739.jpeg]</UPL-IMAGE-PREVIEW></p>\n</r>','2019-01-17 09:43:06',31,NULL,NULL,'162.158.106.105',0,1),(194,36,3,'2019-01-17 15:13:12',128,'comment','<t><p>Welcome!</p></t>',NULL,NULL,NULL,NULL,'162.158.75.253',0,1),(195,45,1,'2019-01-17 15:33:52',128,'comment','<r><p>My name is Jason. I am the developer of these dapps:</p>\n\n<p><URL url=\"https://www.nastipbot.com\">https://www.nastipbot.com</URL><br/>\n<URL url=\"https://www.nebulasdapps.com\">https://www.nebulasdapps.com</URL><br/>\n<URL url=\"https://www.naspayments.com\">https://www.naspayments.com</URL><br/>\n<URL url=\"https://nas.me\">https://nas.me</URL></p></r>',NULL,NULL,NULL,NULL,'108.162.241.7',0,1),(196,33,4,'2019-01-18 04:36:16',152,'comment','<r><p><POSTMENTION discussionid=\"33\" displayname=\"Ruby\" id=\"178\" number=\"3\" username=\"Ruby\">@Ruby#178</POSTMENTION> Hi Ruby, sorry for the delay in replying. I need to check my settings on how i can receive notifications by phone or email whenever i get a reply. You do make a valid point. The sentiment of the market is indeed a little dark right now, and everyone is just waiting for Bitcoin to crash once and for all before the market ends its bad cycle. I definitely do like the attitude of the NAS team how they stay focused and keep Onwards! It is worth at least keeping an eye at Blockchain Brad and his recent Youtube posts. He is interviewing and re-engaging former interviews for updates and planning on adding more posts according to his recent Tweet. Also keeping an eye on other influencers, so that when the sentiment gets more positive, than we will be ready to approach them.</p>\n\n<p>What i like about Nebulas is that nobody in the community questions or criticizes the decisions of the team, because everyone has great confidence in Hitters and the talented team surrounding him, and his many years of experience and knowledge in the blockchain industry. Looking forward to everything that comes next! <E>:)</E></p></r>',NULL,NULL,NULL,NULL,'162.158.63.253',0,1),(197,42,2,'2019-01-19 08:58:15',115,'comment','<t><p> :-)</p></t>',NULL,NULL,NULL,NULL,'108.162.226.38',0,1),(198,45,2,'2019-01-20 02:54:09',64,'comment','<t><p>Awesome! &amp; Welcome!</p></t>',NULL,NULL,NULL,NULL,'108.162.226.20',0,1),(199,33,5,'2019-01-20 09:06:16',112,'comment','<r><p><POSTMENTION discussionid=\"33\" displayname=\"Mista-Mist\" id=\"196\" number=\"4\" username=\"Mista-Mist\">@Mista-Mist#196</POSTMENTION> Hi Mista, thanks for the reply. No worries for the <FP char=\"\">\"</FP>late<FP char=\"\">\"</FP> reply, one thing I like about the forum so much is that it is not instant message &#128513;</p> \n\n<p>Regarding the youtube blogger and influencer, really good advice and we will take a look of Blockchain Brad and see how we could connect with him, if you have any good channel to get connected with him,  we would appreciate your help &#128516;And again thanks for your confidence in Nebulas, we will continue work hard, and if you have any further advice on our community or Nebulas NOVA, feel free to tell us~</p></r>',NULL,NULL,NULL,NULL,'172.68.65.75',0,1),(200,45,3,'2019-01-20 12:01:56',31,'comment','<t><p>&#128512; &#128515; Thank you m5j for your support last year.<br/>\nAll these dapps are useful!</p> \n</t>',NULL,NULL,NULL,NULL,'162.158.106.105',0,1),(201,36,4,'2019-01-20 12:17:07',112,'comment','<r><p><POSTMENTION discussionid=\"36\" displayname=\"nqt416\" id=\"183\" number=\"1\" username=\"nqt416\">@nqt416#183</POSTMENTION> Welcome Let<FP char=\"\">\'</FP>s rock the world!</p></r>',NULL,NULL,NULL,NULL,'162.158.78.73',0,1),(202,46,1,'2019-01-21 04:27:22',167,'comment','<r><p>Hi all, I have problem with privatenet.  The following them &#128512;<br/>\n <FP char=\"\">--</FP>&gt; When I run a node nebulas and make the transfer, but the node reported an error</p>\n \n<p>node_1  | time=<FP char=\"\">\"</FP>2019-01-21T12:23:30+08:00<FP char=\"\">\"</FP> level=error msg=<FP char=\"\">\"</FP>Failed to sign new block<FP char=\"\">\"</FP> block=\"{\\<FP char=\"\">\"</FP>height\\<FP char=\"\">\"</FP>: 4, \\<FP char=\"\">\"</FP>hash\\<FP char=\"\">\"</FP>: \\<FP char=\"\">\"</FP>b2460c17c8cf9f0f15617e580b5c9b9aeeb6d2e104d851ccda3309e827757df5\\<FP char=\"\">\"</FP>, \\<FP char=\"\">\"</FP>parent_hash\\<FP char=\"\">\"</FP>: \\<FP char=\"\">\"</FP>969b78a573b37696d772ba75a6a9a9fdc1bcb15eb01f6c4ef38a6b32f47fe628\\<FP char=\"\">\"</FP>, \\<FP char=\"\">\"</FP>acc_root\\<FP char=\"\">\"</FP>: \\<FP char=\"\">\"</FP>fa349e17a7e3a9f025f43fa140ff50104ffa7b71adf6f6eb947299227694a8de\\<FP char=\"\">\"</FP>, \\<FP char=\"\">\"</FP>timestamp\\<FP char=\"\">\"</FP>: 1548044610, \\<FP char=\"\">\"</FP>tx\\<FP char=\"\">\"</FP>: 0, \\<FP char=\"\">\"</FP>miner\\<FP char=\"\">\"</FP>: \\<FP char=\"\">\"</FP>n1FF1nz6tarkDVwWQkMnnwFPuPKUaQTdptE\\<FP char=\"\">\"</FP>}\" err=<FP char=\"\">\"</FP>invalid private key<FP char=\"\">\"</FP> file=dpos.go func=<FP char=\"\">\"</FP>dpos.(*Dpos).mintBlock<FP char=\"\">\"</FP> line=679 miner=n1FF1nz6tarkDVwWQkMnnwFPuPKUaQTdptE</p>\n\n<p>Please support me !</p></r>','2019-01-21 04:27:44',167,NULL,NULL,'172.68.253.134',0,1),(203,46,2,'2019-01-21 06:25:22',64,'comment','<r><p><POSTMENTION discussionid=\"46\" displayname=\"uranus97s2\" id=\"202\" number=\"1\" username=\"uranus97s2\">@uranus97s2#202</POSTMENTION> can you paste your config.conf here?</p> </r>',NULL,NULL,NULL,NULL,'108.162.226.26',0,1),(204,25,2,'2019-01-21 06:28:51',31,'comment','<r><p>In the first week, block range is the 40,000 blocks from the starting block height of 1562800.<br/>\nPlease read: <URL url=\"https://community.nebulas.io/d/34-testnet-will-roll-back-to-previous-height-1540000\"><s>[</s>Testnet will roll back to previous height: 1540000<e>](https://community.nebulas.io/d/34-testnet-will-roll-back-to-previous-height-1540000)</e></URL></p>\n</r>',NULL,NULL,NULL,NULL,'108.162.246.122',0,1),(205,47,1,'2019-01-21 07:35:20',31,'comment','<r><p>2019331Developer Incentive Protocol  DIP</p>\n\n<p>NASDIP</p>\n\n<p><STRONG><s>**</s>1562800<e>**</e></STRONG>2500DIP<URL url=\"https://blog.nebulas.io/2019/01/09/nebulas-testnet-developer-incentive-protocol-dip-event-guide/\"><s>[</s>DIP<e>](https://blog.nebulas.io/2019/01/09/nebulas-testnet-developer-incentive-protocol-dip-event-guide/)</e></URL></p></r>',NULL,NULL,NULL,NULL,'162.158.106.105',0,1),(206,46,3,'2019-01-21 07:37:40',167,'comment','<r><p><POSTMENTION discussionid=\"46\" displayname=\"Samuel\" id=\"203\" number=\"2\" username=\"Samuel\">@Samuel#203</POSTMENTION> Thank you for supporting me. Below is my config.conf file</p>\n<H1><s># </s>Neb configuration text file. Scheme is defined in neblet/pb/config.proto:Config.</H1>\n<p>#</p>\n\n<p>network {<br/>\n  listen: [<FP char=\"\">\"</FP>0.0.0.0:8680<FP char=\"\">\"</FP>]<br/>\n  private_key: <FP char=\"\">\"</FP>conf/network/ed25519key<FP char=\"\">\"</FP><br/>\n  network_id: 1<br/>\n}</p>\n\n<p>chain {<br/>\n  chain_id: 1001<br/>\n  datadir: <FP char=\"\">\"</FP>data.db<FP char=\"\">\"</FP><br/>\n  keydir: <FP char=\"\">\"</FP>keydir<FP char=\"\">\"</FP><br/>\n  genesis: <FP char=\"\">\"</FP>conf/default/genesis.conf<FP char=\"\">\"</FP><br/>\n  start_mine: true<br/>\n  miner: <FP char=\"\">\"</FP>n1FF1nz6tarkDVwWQkMnnwFPuPKUaQTdptE<FP char=\"\">\"</FP><br/>\n  coinbase: <FP char=\"\">\"</FP>n1FF1nz6tarkDVwWQkMnnwFPuPKUaQTdptE<FP char=\"\">\"</FP><br/>\n  passphrase: <FP char=\"\">\"</FP>passphrase<FP char=\"\">\"</FP><br/>\n  signature_ciphers: [<FP char=\"\">\"</FP>ECC_SECP256K1<FP char=\"\">\"</FP>]<br/>\n}</p>\n\n<p>rpc {<br/>\n  rpc_listen: [<FP char=\"\">\"</FP>0.0.0.0:8684<FP char=\"\">\"</FP>]<br/>\n  http_listen: [<FP char=\"\">\"</FP>0.0.0.0:8685<FP char=\"\">\"</FP>]<br/>\n  http_module: [<FP char=\"\">\"</FP>api<FP char=\"\">\"</FP>,<FP char=\"\">\"</FP>admin<FP char=\"\">\"</FP>]</p>\n  <H1><s># </s>HTTP CORS allowed origins</H1>\n  <p>http_cors: [<FP char=\"\">\"</FP>*<FP char=\"\">\"</FP>]<br/>\n}</p>\n\n<p>app {<br/>\n  log_level: <FP char=\"\">\"</FP>debug<FP char=\"\">\"</FP><br/>\n  log_file: <FP char=\"\">\"</FP>logs<FP char=\"\">\"</FP><br/>\n  enable_crash_report: true<br/>\n  crash_report_url: <FP char=\"\">\"</FP><URL url=\"https://crashreport.nebulas.io\">https://crashreport.nebulas.io</URL><FP char=\"\">\"</FP><br/>\n  pprof:{<br/>\n    http_listen: <FP char=\"\">\"</FP>0.0.0.0:8888<FP char=\"\">\"</FP><br/>\n  }<br/>\n}</p>\n\n<p>stats {<br/>\n  enable_metrics: false<br/>\n  influxdb: {<br/>\n    host: <FP char=\"\">\"</FP><URL url=\"http://localhost:8086\">http://localhost:8086</URL><FP char=\"\">\"</FP><br/>\n    db: <FP char=\"\">\"</FP>nebulas<FP char=\"\">\"</FP><br/>\n    user: <FP char=\"\">\"</FP>admin<FP char=\"\">\"</FP><br/>\n    password: <FP char=\"\">\"</FP>admin<FP char=\"\">\"</FP><br/>\n  }<br/>\n}</p></r>',NULL,NULL,NULL,NULL,'172.68.253.158',0,1),(207,46,4,'2019-01-21 07:38:02',167,'comment','<r><H1><s># </s>Neb genesis text file. Scheme is defined in core/pb/genesis.proto.</H1>\n<p>#</p>\n\n<p>meta {<br/>\n  chain_id: 1001<br/>\n}</p>\n\n<p>consensus {<br/>\n  dpos {<br/>\n    dynasty: [<br/>\n      <FP char=\"\">\"</FP>n1FF1nz6tarkDVwWQkMnnwFPuPKUaQTdptE<FP char=\"\">\"</FP><br/>\n    ]<br/>\n  }<br/>\n}</p>\n\n<p>token_distribution [<br/>\n  {<br/>\n    address: <FP char=\"\">\"</FP>n1FF1nz6tarkDVwWQkMnnwFPuPKUaQTdptE<FP char=\"\">\"</FP><br/>\n    value: <FP char=\"\">\"</FP>5000000000000000000000000<FP char=\"\">\"</FP><br/>\n  }<br/>\n]</p>\n</r>',NULL,NULL,NULL,NULL,'172.68.253.158',0,1),(208,46,5,'2019-01-21 07:39:18',167,'comment','<t><p>conf/network/ed25519key :<br/>\nCAESYHY4mhhZHrEHG9s3A0A81leNEmDR8Z9VAkf/UiryNKn6d2pzNHwmic+VMoQykzipGYJaIVS/C9FKBlkYWLsibBh3anM0fCaJz5UyhDKTOKkZglohVL8L0UoGWRhYuyJsGA==</p></t>',NULL,NULL,NULL,NULL,'172.68.253.158',0,1),(209,46,6,'2019-01-21 09:13:19',64,'comment','<r><p>The config files look fine to me.<br/>\nCan you double check if the keystore file is okay? You may wanna follow the steps below to check:</p>\n<LIST type=\"decimal\"><LI><s>1. </s>Keep the node running, launch the Nebulas console by typing the following commands in the <FP char=\"\">\"</FP>go-nebulas<FP char=\"\">\"</FP> directory:<br/>\n$: ./neb -c path_to_the_config.conf console </LI>\n<LI><s>2. </s>Check if you can unlock the account (type in the passphrase as asked):<br/>\n$: admin.unlockAccount(<FP char=\"\">\"</FP>n1FF1nz6tarkDVwWQkMnnwFPuPKUaQTdptE<FP char=\"\">\"</FP>)</LI></LIST>\n\n<p>See if you can unlock the account successfully and let us know.</p></r>',NULL,NULL,NULL,NULL,'162.158.118.229',0,1),(210,46,7,'2019-01-21 10:00:14',167,'comment','<r><p>Thank you for feed back ! I have followed your instructions and the results below :</p>\n<QUOTE><i>&gt; </i><p>admin.unlockAccount(<FP char=\"\">\"</FP>n1FF1nz6tarkDVwWQkMnnwFPuPKUaQTdptE<FP char=\"\">\"</FP>)<br/>\nUnlock account n1FF1nz6tarkDVwWQkMnnwFPuPKUaQTdptE<br/>\nPassphrase: <br/>\n{<br/>\n    <FP char=\"\">\"</FP>result<FP char=\"\">\"</FP>: {<br/>\n        <FP char=\"\">\"</FP>result<FP char=\"\">\"</FP>: true<br/>\n    }<br/>\n}<br/>\nwith passphare is <FP char=\"\">\"</FP>passphrase<FP char=\"\">\"</FP></p></QUOTE>\n</r>','2019-01-21 10:00:44',167,NULL,NULL,'172.68.253.110',0,1),(211,46,8,'2019-01-21 17:02:58',64,'comment','<r><p><POSTMENTION discussionid=\"46\" displayname=\"uranus97s2\" id=\"210\" number=\"7\" username=\"uranus97s2\">@uranus97s2#210</POSTMENTION> That<FP char=\"\">\'</FP>s actually the expected result, the keystore is okay. Will you be able to try another account for mining? Btw, did you ever change any code? especially in the <FP char=\"\">\"</FP>account<FP char=\"\">\"</FP> and <FP char=\"\">\"</FP>core<FP char=\"\">\"</FP> modules?</p></r>',NULL,NULL,NULL,NULL,'162.158.106.93',0,1),(212,47,2,'2019-01-21 23:46:55',116,'comment','<t><p>DIP</p></t>',NULL,NULL,NULL,NULL,'172.69.33.212',0,1),(213,46,9,'2019-01-22 02:14:49',167,'comment','<r><p>Oh ! yes . I changed the consensus algorithm. <br/>\nRUN sed -i <FP char=\"\">\"</FP>s/\\= 21/\\= 1/<FP char=\"\">\"</FP> consensus/dpos/dpos_state.go<br/>\nRUN sed -i <FP char=\"\">\"</FP>s/ + 1//<FP char=\"\">\"</FP> consensus/dpos/dpos_state.go</p>\n<H2>RUN sed -i <FP char=\"\">\"</FP>s/DynastySize<ESC><s>\\</s>*</ESC>2\\/3/DynastySize/<FP char=\"\">\"</FP> consensus/dpos/dpos_state.go<e>\n-----------------------------------------------------------------------------</e></H2>\n<p>In the configuration file, i changed the miner address vs the coinbase address to be 2 different addresses and using the coinbase address, it transferred money. but when I use the miner address to transfer money, it says <FP char=\"\">\"</FP>invalid private key<FP char=\"\">\"</FP> error.<br/>\nLet me know why, Pls !</p>\n</r>',NULL,NULL,NULL,NULL,'172.68.254.57',0,1),(214,46,10,'2019-01-22 04:35:19',64,'comment','<r><p><POSTMENTION discussionid=\"46\" displayname=\"uranus97s2\" id=\"213\" number=\"9\" username=\"uranus97s2\">@uranus97s2#213</POSTMENTION> <br/>\nI think the reason is:<br/>\nThe miner was unlocked whenever you started the node, and the miner<FP char=\"\">\'</FP>s key was stored in mem. However, later on, when you sent the transaction, it triggered the logic to clear the key in the mem, for more details, you may wanna check the function <FP char=\"\">\"</FP>SignTransactionWithPassphrase<FP char=\"\">\"</FP> located in file <FP char=\"\">\"</FP>account/manager.go<FP char=\"\">\"</FP>.  And thus, the error shows up when the miner was trying to sign the newly minted block.</p> \n\n<p>So, here are my suggestions:</p>\n<LIST type=\"decimal\"><LI><s>1. </s>If you wanna send transaction out using the miner address, better to use the API <FP char=\"\">\"</FP>/v1/admin/transaction<FP char=\"\">\"</FP> (instructions about how to use it can be found in our <URL url=\"https://github.com/nebulasio/wiki/blob/master/tutorials/%5BEnglish%5D%20Nebulas%20101%20-%2002%20Transaction.md#unlock--send\"><s>[</s>tutorial<e>](https://github.com/nebulasio/wiki/blob/master/tutorials/%5BEnglish%5D%20Nebulas%20101%20-%2002%20Transaction.md#unlock--send)</e></URL>), you do not need to unlock the account before sending the transaction since it is already unlocked when launching neb, as I mentioned before.</LI>\n<LI><s>2. </s>A better way is to use another account other than the miner address for sending transactions.</LI></LIST>\n\n<p>Let us know if you have any further questions.</p> </r>',NULL,NULL,NULL,NULL,'162.158.119.14',0,1),(215,46,11,'2019-01-22 04:43:04',167,'comment','<r><p>Thanks for giving me advice, I understand, can I bother you with another question?<br/>\nI have a new problem: that<FP char=\"\">\'</FP>s when I create a new account. If t node is deleted I can re-import another node. If yes, how to import the account?</p></r>',NULL,NULL,NULL,NULL,'172.68.253.158',0,1),(216,46,12,'2019-01-22 05:51:40',64,'comment','<r><p><POSTMENTION discussionid=\"46\" displayname=\"uranus97s2\" id=\"215\" number=\"11\" username=\"uranus97s2\">@uranus97s2#215</POSTMENTION></p> \n\n<p>Not sure what do you mean exactly by re-importing another node. In case if you start another node and you wanna re-use the accounts you created before, it<FP char=\"\">\'</FP>s quite easy. Just copy/move the keystore files located in the original go-nebulas/keydir(the path may vary depends on your settings in the config.conf) to the corresponding <FP char=\"\">\"</FP>keydir<FP char=\"\">\"</FP> directory in the new code repo.</p> \n\n<p>Hope that solves your concern.</p> </r>',NULL,NULL,NULL,NULL,'103.22.200.219',0,1),(217,46,13,'2019-01-22 06:26:55',167,'comment','<r><p>Thanks for your respond. I run the node with dockerfile so copying I think it<FP char=\"\">\'</FP>s not feasible <FP char=\"\">...</FP> is there any other way? Please give me an answer !</p></r>',NULL,NULL,NULL,NULL,'172.68.253.110',0,1),(218,46,14,'2019-01-22 09:23:34',64,'comment','<r><p><POSTMENTION discussionid=\"46\" displayname=\"uranus97s2\" id=\"217\" number=\"13\" username=\"uranus97s2\">@uranus97s2#217</POSTMENTION></p>\n\n<p>I barely used Docker, but you should be able to find the location of the pulled files, in that case, you should be able to copy the files. If not, copy and paste the keystore content is another workaround.</p> \n\n<p>However, please note that, if you wanna keep the original account information (including the balance, etc), you should copy the database as well (which includes all the files in <FP char=\"\">\"</FP>data.db<FP char=\"\">\"</FP>).</p> \n</r>',NULL,NULL,NULL,NULL,'108.162.226.26',0,1),(219,46,15,'2019-01-22 10:36:54',167,'comment','<t><p>thank you ! Have a nice day.</p></t>',NULL,NULL,NULL,NULL,'172.68.254.159',0,1),(220,48,1,'2019-01-22 11:44:29',84,'comment','<r>\n\n<p>110DIP<br/>\n<br/>\n<br/>\n<br/>\n10NAS 5NAS<br/>\n<br/>\n<br/>\n<USERMENTION displayname=\"llp\" id=\"114\" username=\"llp\">@llp</USERMENTION> <br/>\n<USERMENTION displayname=\"mook\" id=\"117\" username=\"mook\">@mook</USERMENTION> <br/>\n<USERMENTION displayname=\"zhaozeen\" id=\"138\" username=\"zhaozeen\">@zhaozeen</USERMENTION> <br/>\n<USERMENTION displayname=\"dappwind\" id=\"139\" username=\"dappwind\">@dappwind</USERMENTION> <br/>\n<USERMENTION displayname=\"chenshiyan\" id=\"116\" username=\"chenshiyan\">@chenshiyan</USERMENTION> <br/>\n<USERMENTION displayname=\"antsky\" id=\"125\" username=\"antsky\">@antsky</USERMENTION> <br/>\n<USERMENTION displayname=\"includeleec\" id=\"144\" username=\"includeleec\">@includeleec</USERMENTION> <br/>\n<USERMENTION displayname=\"jiangzeting\" id=\"126\" username=\"jiangzeting\">@jiangzeting</USERMENTION> <br/>\n<USERMENTION displayname=\"Ravin\" id=\"149\" username=\"Ravin\">@Ravin</USERMENTION> <br/>\n<USERMENTION displayname=\"DagCoin\" id=\"148\" username=\"DagCoin\">@DagCoin</USERMENTION></p> \n\n<p><br/>\n<br/>\nNAS<br/>\n</p>\n\n<p>~</p>\n\n</r>','2019-01-23 03:00:20',84,NULL,NULL,'172.69.33.212',0,1),(221,48,2,'2019-01-22 11:51:34',117,'comment','<r><p><EMAIL email=\"205500356@qq.com\">205500356@qq.com</EMAIL></p></r>',NULL,NULL,NULL,NULL,'162.158.58.18',0,1),(222,48,3,'2019-01-22 11:53:41',117,'comment','<r><p><POSTMENTION discussionid=\"48\" displayname=\"mook\" id=\"221\" number=\"2\" username=\"mook\">@mook#221</POSTMENTION> Matics</p> </r>',NULL,NULL,'2019-01-22 11:54:55',117,'162.158.58.18',0,1),(223,48,4,'2019-01-22 11:55:14',125,'comment','<r><p><EMAIL email=\"antsky@163.com\">antsky@163.com</EMAIL><br/>\n</p></r>',NULL,NULL,NULL,NULL,'172.68.133.33',0,1),(224,48,5,'2019-01-22 11:55:25',117,'comment','<r><p><POSTMENTION discussionid=\"48\" displayname=\"qielan77\" id=\"220\" number=\"1\" username=\"qielan77\">@qielan77#220</POSTMENTION> Matics</p></r>',NULL,NULL,NULL,NULL,'162.158.58.18',0,1),(225,16,52,'2019-01-22 12:10:23',84,'discussionLocked','{\"locked\":false}',NULL,NULL,NULL,NULL,NULL,0,1),(226,16,53,'2019-01-22 12:13:45',138,'comment','<r><p><POSTMENTION discussionid=\"16\" displayname=\"zhaozeen\" id=\"103\" number=\"16\" username=\"zhaozeen\">@zhaozeen#103</POSTMENTION> <EMAIL email=\"cn.zhaozeen@gmail.com\">cn.zhaozeen@gmail.com</EMAIL></p></r>',NULL,NULL,NULL,NULL,'162.158.58.18',0,1),(227,16,54,'2019-01-22 12:26:00',149,'comment','<r><p><EMAIL email=\"beike8422@163.com\">beike8422@163.com</EMAIL></p> \n</r>',NULL,NULL,NULL,NULL,'103.22.200.129',0,1),(228,16,55,'2019-01-22 12:31:49',116,'comment','<r><p><EMAIL email=\"963754850@qq.com\">963754850@qq.com</EMAIL></p></r>',NULL,NULL,NULL,NULL,'108.162.215.139',0,1),(229,48,6,'2019-01-22 12:38:29',31,'discussionTagged','[[15],[15,24]]',NULL,NULL,NULL,NULL,NULL,0,1),(230,48,7,'2019-01-22 13:17:33',116,'comment','<r><p><EMAIL email=\"963754850@qq.com\">963754850@qq.com</EMAIL></p></r>',NULL,NULL,NULL,NULL,'172.69.33.8',0,1),(231,20,34,'2019-01-22 19:07:10',131,'comment','<r><p><POSTMENTION discussionid=\"20\" displayname=\"starkstay\" id=\"66\" number=\"7\" username=\"starkstay\">@starkstay#66</POSTMENTION> thanks for hosting this discussion! My email is <EMAIL email=\"evestay@gmail.com\">evestay@gmail.com</EMAIL></p></r>',NULL,NULL,NULL,NULL,'172.69.68.132',0,1),(232,20,35,'2019-01-22 19:08:18',128,'comment','<r><p>My email is <EMAIL email=\"jmansfield@method5.com\">jmansfield@method5.com</EMAIL></p></r>','2019-01-22 19:09:38',128,NULL,NULL,'108.162.241.199',0,1),(233,20,36,'2019-01-22 23:21:29',152,'comment','<r><p>Thanks team!</p> \n\n<p>email: <EMAIL email=\"mista.mist18@gmail.com\">mista.mist18@gmail.com</EMAIL></p>\n</r>',NULL,NULL,NULL,NULL,'108.162.219.133',0,1),(234,16,56,'2019-01-23 01:45:38',114,'comment','<r><p><EMAIL email=\"llp0574@gmail.com\">llp0574@gmail.com</EMAIL></p></r>',NULL,NULL,NULL,NULL,'108.162.215.145',0,1),(235,49,1,'2019-01-23 02:52:29',109,'comment','<r><p>On January 11 from 11am to 12pm (GMT+8) the Nebulas team held a live Ask-Me-Anything (AMA) on Nebulas Community Forum, on the topic of Nebulas Developer Incentive Program on Nebulas NOVA Testnet. Nebulas founder Hitters Xu and Nebulas Research Institute director Dr. Xuepeng Fan gave a detailed explanation about this program and answered the most frequently asked questions from community members. This AMA was warmly welcomed by community members, and many asked very good questions as well as giving us excellent suggestions. According to the rules released before, the Nebulas team will select several community members who gave constructive suggestions, and reward them 5 NAS each as a token of appreciation.</p>\n\n<p>The prize winners are:</p>\n\n<p><USERMENTION displayname=\"satoshibytes\" id=\"127\" username=\"satoshibytes\">@satoshibytes</USERMENTION><br/>\n<USERMENTION displayname=\"m5j\" id=\"128\" username=\"m5j\">@m5j</USERMENTION> <br/>\n<USERMENTION displayname=\"starkstay\" id=\"131\" username=\"starkstay\">@starkstay</USERMENTION><br/>\n<USERMENTION displayname=\"Mista-Mist\" id=\"152\" username=\"Mista-Mist\">@Mista-Mist</USERMENTION> <br/>\n<USERMENTION displayname=\"JakubNY\" id=\"141\" username=\"JakubNY\">@JakubNY</USERMENTION><br/>\n<USERMENTION displayname=\"Michel\" id=\"153\" username=\"Michel\">@Michel</USERMENTION></p>\n\n<p>Congratulations to the above prize winners! To get NAS rewards, these prize winners need to leave their contact information (email address) below their questions raised in our forum. <br/>\nCheck the AMA page on our Nebulas community forum: <URL url=\"https://community.nebulas.io/d/20-ama-on-nebulas-nova-developer-incentive-program/33\">https://community.nebulas.io/d/20-ama-on-nebulas-nova-developer-incentive-program/33</URL></p>\n\n<p>Our dear community members, please do not lose heart if you dont get NAS reward this time. The Nebulas team will hold such events on our Community Forum on a regular basis. Anyone who actively takes part in the events and puts forward constructive questions and suggestions, will have the chance to win NAS rewards! If you miss our online activity, you can still leave messages on our forum.</p>\n\n<p>Youre welcome to join us and make your contributions, together lets build a healthy and sustainable Nebulas ecosystem !</p></r>','2019-01-23 02:59:11',109,NULL,NULL,'172.68.46.8',0,1),(236,49,2,'2019-01-23 02:58:12',84,'discussionStickied','{\"sticky\":true}',NULL,NULL,NULL,NULL,NULL,0,1),(237,46,16,'2019-01-23 02:59:21',167,'comment','<r><p><USERMENTION displayname=\"Samuel\" id=\"64\" username=\"Samuel\">@Samuel</USERMENTION> , I am very grateful to you for what you have helped me. But when working with node nebulas I encountered some problems : <br/>\nWhen I create a testnet docker under the guidance of wiki nebulas, it generates an error.</p>\n<H1><s># </s>github.com/nebulasio/go-nebulas/nf/nbre</H1>\n<p>/usr/bin/ld: cannot find -lnbre_rt<br/>\ncollect2: error: ld returned 1 exit status<br/>\nmake: *** [build] Error 2<br/>\nMakefile:98: recipe for target <FP char=\"\">\'</FP>build<FP char=\"\">\'</FP> failed<br/>\nThe command <FP char=\"\">\'</FP>/bin/sh -c make build<FP char=\"\">\'</FP> returned a non-zero code: 2</p>\n</r>',NULL,NULL,NULL,NULL,'172.68.253.158',0,1),(238,46,17,'2019-01-23 03:00:15',167,'comment','<r><H1><s># </s>Docker File testnet</H1>\n<p>FROM golang:1.9</p>\n\n<p>ARG VERSION=1.0.8.1</p>\n\n<p>RUN apt-get update<br/>\nRUN apt-get install -y build-essential checkinstall libgflags-dev libsnappy-dev zlib1g-dev libbz2-dev sudo git<br/>\nRUN cd /tmp &amp;&amp; git clone <URL url=\"https://github.com/facebook/rocksdb.git\">https://github.com/facebook/rocksdb.git</URL> &amp;&amp; cd rocksdb &amp;&amp; git checkout v5.13.1 &amp;&amp; make clean &amp;&amp; make install<br/>\nRUN go get -u github.com/golang/dep/cmd/dep</p>\n\n<p>RUN export GOPATH=/go<br/>\nRUN mkdir -p $GOPATH/src/github.com/nebulasio</p>\n\n<p>RUN cd $GOPATH/src/github.com/nebulasio &amp;&amp; git clone <URL url=\"https://github.com/nebulasio/go-nebulas\">https://github.com/nebulasio/go-nebulas</URL> &amp;&amp; cd go-nebulas &amp;&amp; git checkout testnet</p>\n\n<p>WORKDIR /go/src/github.com/nebulasio/go-nebulas/</p>\n\n<p>RUN make dep<br/>\nRUN make deploy-v8<br/>\nRUN make build</p>\n\n<p>COPY conf/* ./conf/default/</p>\n\n<p>EXPOSE 8684<br/>\nEXPOSE 8685<br/>\nEXPOSE 8888</p>\n\n<p>ENTRYPOINT [<FP char=\"\">\"</FP>./neb<FP char=\"\">\"</FP>, <FP char=\"\">\"</FP>-c<FP char=\"\">\"</FP>, <FP char=\"\">\"</FP>conf/default/config.conf<FP char=\"\">\"</FP>]</p></r>',NULL,NULL,NULL,NULL,'172.68.253.158',0,1),(239,48,8,'2019-01-23 03:00:32',84,'comment','<r><p><POSTMENTION discussionid=\"48\" displayname=\"mook\" id=\"224\" number=\"5\" username=\"mook\">@mook#224</POSTMENTION>  </p></r>',NULL,NULL,NULL,NULL,'162.158.59.37',0,1),(240,46,18,'2019-01-23 03:01:53',167,'comment','<r><H1><s># </s>The configuration file is located in the link below :<e> </e></H1>\n<p><URL url=\"https://github.com/nebulasio/go-nebulas/tree/testnet/testnet/conf\">https://github.com/nebulasio/go-nebulas/tree/testnet/testnet/conf</URL></p></r>',NULL,NULL,NULL,NULL,'172.68.253.158',0,1),(241,46,19,'2019-01-23 08:40:23',64,'comment','<r><p><POSTMENTION discussionid=\"46\" displayname=\"uranus97s2\" id=\"240\" number=\"18\" username=\"uranus97s2\">@uranus97s2#240</POSTMENTION></p> \n\n<p>You need to build nbre firstly, a quick start is like this:</p>\n <LIST><LI><s>- </s>go to the <FP char=\"\">\"</FP>nbre<FP char=\"\">\"</FP> directory, and then: source prepare.sh</LI>\n <LI><s>- </s>if everything goes well during the preparation phase, then set up environment variables by: source env.set.sh</LI>\n <LI><s>- </s>create a directory <FP char=\"\">\"</FP>build<FP char=\"\">\"</FP> in the <FP char=\"\">\"</FP>nbre<FP char=\"\">\"</FP> directory, from the <FP char=\"\">\"</FP>build<FP char=\"\">\"</FP> directory: cmake ../; and then: make<br/>\n for more details, you may wanna refer to: <URL url=\"https://github.com/nebulasio/go-nebulas/tree/testnet/nbre\">https://github.com/nebulasio/go-nebulas/tree/testnet/nbre</URL></LI></LIST>\n\n<p>Please also notice that, since the nbre was just released on testnet, it<FP char=\"\">\'</FP>s still under testing and development. We did not systematically test it on docker yet, so you may encounter some issues, if so, just let us know.</p></r>',NULL,NULL,NULL,NULL,'141.101.85.164',0,1),(242,46,20,'2019-01-23 10:30:28',167,'comment','<r><p><POSTMENTION discussionid=\"46\" displayname=\"Samuel\" id=\"241\" number=\"19\" username=\"Samuel\">@Samuel#241</POSTMENTION>  Thank you again. But I still try to work on your way, because for me it<FP char=\"\">\'</FP>s quite hard. can you share me a dockerfile testnet . I will be very grateful with you !</p></r>',NULL,NULL,NULL,NULL,'172.68.253.110',0,1),(243,48,9,'2019-01-23 12:28:08',148,'comment','<r><p><EMAIL email=\"13696971792@139.com\">13696971792@139.com</EMAIL></p></r>',NULL,NULL,NULL,NULL,'141.101.107.177',0,1),(244,20,37,'2019-01-23 20:40:47',153,'comment','<r><p>Thanks for the given anwers. My e-mail is <EMAIL email=\"nebulas1982@outlook.com\">nebulas1982@outlook.com</EMAIL></p></r>',NULL,NULL,NULL,NULL,'141.101.104.218',0,1),(245,46,21,'2019-01-24 06:33:04',33,'comment','<r><p><POSTMENTION discussionid=\"46\" displayname=\"uranus97s2\" id=\"242\" number=\"20\" username=\"uranus97s2\">@uranus97s2#242</POSTMENTION> The current docker containing nbre environment is not ready yet, and we will support docker in the future.</p></r>',NULL,NULL,NULL,NULL,'108.162.215.145',0,1),(246,46,22,'2019-01-24 06:53:30',167,'comment','<r><p><POSTMENTION discussionid=\"46\" displayname=\"larry\" id=\"245\" number=\"21\" username=\"larry\">@larry#245</POSTMENTION>  I made a successful private-testnet network. But what I want here is to be able to use the testnet network of nebulas. But when I follow the instructions of the nebulas with testnet network , it fails. My purpose is to be able to run testnet network. help me please!</p></r>',NULL,NULL,NULL,NULL,'172.68.253.158',0,1),(247,46,23,'2019-01-24 12:00:02',33,'comment','<r><p><POSTMENTION discussionid=\"46\" displayname=\"uranus97s2\" id=\"246\" number=\"22\" username=\"uranus97s2\">@uranus97s2#246</POSTMENTION> As <POSTMENTION discussionid=\"46\" displayname=\"Samuel\" id=\"241\" number=\"19\" username=\"Samuel\">@Samuel#241</POSTMENTION> mentioned, you should first compile the nbre related dependencies. If your private network is based on the testnet branch, you can connect to the test network directly using testnet<FP char=\"\">\'</FP>s configuration file. Test the network configuration file in <URL url=\"https://github.com/nebulasio/go-nebulas/blob/testnet/testnet/conf/config.conf\">https://github.com/nebulasio/go-nebulas/blob/testnet/testnet/conf/config.conf</URL>. <br/>\nThe Testnet details in <URL url=\"https://github.com/nebulasio/wiki/blob/master/testnet.md\">https://github.com/nebulasio/wiki/blob/master/testnet.md</URL>.</p>\n</r>',NULL,NULL,NULL,NULL,'108.162.215.139',0,1),(248,50,1,'2019-01-25 03:02:02',168,'comment','<r><p>Wiki</p>\n\n<p>Wiki</p>\n\n<p>Nebulas)</p>\n\n<p><br/>\n</p>\n\n<QUOTE><i>&gt; </i><p><br/>\n<i>&gt; </i></p></QUOTE>\n\n<p></p>\n</r>',NULL,NULL,NULL,NULL,'172.68.254.57',0,1),(249,50,2,'2019-01-25 03:04:34',168,'comment','<r><H3><s>### </s></H3>\n\n<p></p>\n\n<p><STRONG><s>**</s><e>**</e></STRONG></p>\n\n<p></p>\n\n<QUOTE><i>&gt; </i><p></p></QUOTE></r>','2019-01-25 03:10:25',168,NULL,NULL,'172.68.254.57',0,1),(250,50,3,'2019-01-25 03:11:31',168,'comment','<r><H3><s>### </s></H3>\n\n<p></p>\n\n<p>2018</p>\n\n<QUOTE><i>&gt; </i><p></p></QUOTE></r>',NULL,NULL,NULL,NULL,'172.68.254.57',0,1),(251,50,4,'2019-01-25 03:14:47',168,'comment','<r><H3><s>### </s>NebulasFans</H3>\n\n<p>NebulasFansNebulasFans</p>\n\n<p>NebulasFansNebulasFans</p>\n\n<QUOTE><i>&gt; </i><p><br/>\n<URL url=\"https://weibo.com/u/6467339283\"><s>[</s>NebulasFans<e>](https://weibo.com/u/6467339283)</e></URL></p></QUOTE></r>',NULL,NULL,NULL,NULL,'162.158.178.234',0,1),(252,50,5,'2019-01-25 03:16:39',168,'comment','<r><H3><s>### </s></H3>\n\n<p></p>\n\n<p>418712</p>\n\n<QUOTE><i>&gt; </i><p><br/>\n<URL url=\"https://tieba.baidu.com/f?ie=utf-8&amp;kw=%E6%98%9F%E4%BA%91%E9%93%BE&amp;fr=search\"><s>[</s><e>](https://tieba.baidu.com/f?ie=utf-8&amp;kw=%E6%98%9F%E4%BA%91%E9%93%BE&amp;fr=search)</e></URL></p></QUOTE>\n</r>',NULL,NULL,NULL,NULL,'172.68.253.110',0,1),(253,50,6,'2019-01-25 03:18:35',168,'comment','<r><H3><s>### </s></H3>\n\n<p>2201912</p>\n\n<p>Wiki</p>\n\n<p></p>\n\n<QUOTE><i>&gt; </i><p><br/>\n<i>&gt; </i><URL url=\"http://nasfans.org/\"><s>[</s><e>](http://nasfans.org/)</e></URL></p></QUOTE>\n</r>',NULL,NULL,NULL,NULL,'172.68.253.110',0,1),(254,50,7,'2019-01-25 03:19:14',168,'comment','<r><H3><s>### </s></H3>\n\n<p></p>\n\n<QUOTE><i>&gt; </i><p></p></QUOTE>\n\n</r>',NULL,NULL,NULL,NULL,'172.68.253.110',0,1),(255,50,8,'2019-01-25 03:20:23',168,'comment','<r><p><EM><s>_</s><e>_</e></EM></p>\n</r>',NULL,NULL,NULL,NULL,'172.68.253.110',0,1),(256,50,9,'2019-01-25 03:48:51',116,'comment','<r><p><POSTMENTION discussionid=\"50\" displayname=\"weiht12\" id=\"249\" number=\"2\" username=\"weiht12\">@weiht12#249</POSTMENTION> </p></r>',NULL,NULL,NULL,NULL,'172.68.143.249',0,1),(257,50,10,'2019-01-25 10:18:49',168,'comment','<r><p><POSTMENTION discussionid=\"50\" displayname=\"chenshiyan\" id=\"256\" number=\"9\" username=\"chenshiyan\">@chenshiyan#256</POSTMENTION> </p></r>',NULL,NULL,NULL,NULL,'162.158.178.198',0,1),(258,50,11,'2019-01-25 13:04:50',116,'comment','<t><p></p></t>',NULL,NULL,NULL,NULL,'162.158.59.37',0,1),(259,50,12,'2019-01-26 03:26:42',168,'comment','<r><p><POSTMENTION discussionid=\"50\" displayname=\"chenshiyan\" id=\"258\" number=\"11\" username=\"chenshiyan\">@chenshiyan#258</POSTMENTION> </p></r>',NULL,NULL,NULL,NULL,'172.68.253.134',0,1),(260,44,2,'2019-01-26 18:14:21',31,'discussionTagged','[[13],[2,13,28]]',NULL,NULL,NULL,NULL,NULL,0,1),(261,25,3,'2019-01-26 18:15:32',31,'discussionTagged','[[1,2],[1,2,28]]',NULL,NULL,NULL,NULL,NULL,0,1),(262,51,1,'2019-01-26 18:20:21',31,'comment','<r><p><STRONG><s>**</s>DIP, Developer Incentive Protocol. <br/>\nProvide native on-chain incentive for developers.<e>**</e></STRONG><br/>\nReleased on Dec 31, 2018</p> \n\n<p>Incentives are the driving force of blockchain evolution. Nebulas Incentive (NI) includes Developer Incentive Protocol (DIP) and Proof of Devotion (PoD).<br/>\nDIP provides a positive feedback loop for developers to create high-quality decentralized applications.<br/>\nDIP will reward high ranking developers based on our open source Nebulas Rank (NR) algorithm. Rewards will be distributed in the form of Nebulas coin (NAS).</p>\n\n<p>Learn more about <URL url=\"https://nebulas.io/nova.html\"><s>[</s>Nebulas NOVA<e>](https://nebulas.io/nova.html)</e></URL>.<br/>\n<URL url=\"https://nebulas.io/docs/NebulasMauvepaper.pdf\"><s>[</s>Mauvepaper - Developer Incentive Protocol<e>](https://nebulas.io/docs/NebulasMauvepaper.pdf)</e></URL></p>\n\n<p>You can discuss everything about DIP with this TAG. <br/>\nAnd you can ask questions about <URL url=\"https://community.nebulas.io/d/25-nebulas-testnet-developer-incentive-program-event-guide\"><s>[</s>Nebulas Testnet Developer Incentive Program<e>](https://community.nebulas.io/d/25-nebulas-testnet-developer-incentive-program-event-guide)</e></URL>.<br/>\n<STRONG><s>**</s>Test DIP &amp; Get rewards NOW!<e>**</e></STRONG></p>\n</r>',NULL,NULL,NULL,NULL,'162.158.79.200',0,1),(263,52,1,'2019-01-26 18:27:43',31,'comment','<r><p>Some people ask me this question, perhaps they can<FP char=\"\">\'</FP>t get information clearly.<br/>\nDIP rewards are distributed directly to developers according to their Nebulas Rank (NR).<br/>\nSo, if you:<br/>\n1 Develop a DApp (OK. you own a smart contract)<br/>\n2 NR &gt; 0 in one week</p>\n\n<p>The creator address of this smart contract will receive DIP awards next Monday.<br/>\n<STRONG><s>**</s>Yes, all developers. EVERYONE<e>**</e></STRONG></p>\n\n<p>The board will be on <URL url=\"https://explorer.nebulas.io\"><s>[</s>explorer.nebulas.io<e>](https://explorer.nebulas.io)</e></URL><br/>\nPlease wait for the first DIP board (testnet) on Jan 28, 2019!</p>\n</r>',NULL,NULL,NULL,NULL,'162.158.78.97',0,1),(264,53,1,'2019-01-26 18:41:27',31,'comment','<r><p>Some people ask me how hot is <URL url=\"https://medium.com/nebulasio/nebulas-testnet-developer-incentive-program-dip-event-guide-26a0d69ec76d\"><s>[</s>Testnet Developer Incentive Program<e>](https://medium.com/nebulasio/nebulas-testnet-developer-incentive-program-dip-event-guide-26a0d69ec76d)</e></URL>(Jan 21 ~ Mar 31, 2019). You can visit: <URL url=\"https://explorer.nebulas.io/#/testnet/\"><s>[</s>Explorer.nebulas.io<e>](https://explorer.nebulas.io/#/testnet/)</e></URL> and get the answer.</p>\n\n<p>For example, you can get Daily Transactions<br/>\n<UPL-IMAGE-PREVIEW url=\"https://community.nebulas.io/assets/files/2019-01-26/1548527643-405112-2019-01-27-023248.png\">[upl-image-preview url=https://community.nebulas.io/assets/files/2019-01-26/1548527643-405112-2019-01-27-023248.png]</UPL-IMAGE-PREVIEW></p>\n\n<p>The growth of addresses<br/>\n<UPL-IMAGE-PREVIEW url=\"https://community.nebulas.io/assets/files/2019-01-26/1548527755-355303-2019-01-27-023311.png\">[upl-image-preview url=https://community.nebulas.io/assets/files/2019-01-26/1548527755-355303-2019-01-27-023311.png]</UPL-IMAGE-PREVIEW></p>\n\n<p>The growth of smart contracts, etc.</p>\n\n<p>The board of the first week will be announced on Jan 28. Follow us!</p>\n\n\n\n</r>',NULL,NULL,NULL,NULL,'172.68.65.27',0,1),(265,50,13,'2019-01-26 18:43:01',31,'comment','<r><p><POSTMENTION discussionid=\"50\" displayname=\"chenshiyan\" id=\"258\" number=\"11\" username=\"chenshiyan\">@chenshiyan#258</POSTMENTION> nebulasio</p></r>',NULL,NULL,NULL,NULL,'172.68.65.27',0,1),(266,48,10,'2019-01-29 08:36:42',126,'comment','<r><p><EMAIL email=\"279612173@qq.com\">279612173@qq.com</EMAIL></p></r>',NULL,NULL,NULL,NULL,'162.158.119.14',0,1),(267,46,24,'2019-01-29 09:18:16',64,'discussionLocked','{\"locked\":true}',NULL,NULL,NULL,NULL,NULL,0,1),(268,54,1,'2019-01-29 09:54:00',84,'comment','<r><p>2019121Nebulas NOVA9431904</p>\n\n<p><UPL-IMAGE-PREVIEW url=\"https://community.nebulas.io/assets/files/2019-01-29/1548755152-915441-ec991f49-78ad-4618-b331-23905e2f9664.jpeg\">[upl-image-preview url=https://community.nebulas.io/assets/files/2019-01-29/1548755152-915441-ec991f49-78ad-4618-b331-23905e2f9664.jpeg]</UPL-IMAGE-PREVIEW></p>\n\n<QUOTE><i>&gt; </i><p>NAS<br/>\n<i>&gt; </i>n1yXmDeZnfkb3QPLVZuYzdTnxvVdvZ2z6wd<br/>\n<i>&gt; </i>n1ftkjWieMqtWXCuf8C72gUGMUDxh8aEUGy<br/>\n<i>&gt; </i>n1r45zksxXyfGK3XwueZCXjmhaJDa5mxKHV<br/>\n<i>&gt; </i>n21ar8w1NpcU2Wvi6gqi8DXWQFhc7A5wRAp<br/>\n<i>&gt; </i>n1rcayTEvYHjJxfe1Do3AYZyMrAUYsZ4jk2<br/>\n<i>&gt; </i>n1sCDFNF5fz2PHzCkbuSBdZXdrSZkfpAref<br/>\n<i>&gt; </i>n1qTUmK19dM3TeAohNkh753Bre529cxD8c1</p></QUOTE>\n\n\n<p><URL url=\"https://explorer.nebulas.io/#/testnet\"><s>[</s>https://explorer.nebulas.io/#/testnet<e>](https://explorer.nebulas.io/#/testnet)</e></URL>Nebulas NOVA</p>\n\n\n\n<p>NAS<STRONG><s>**</s>Nebulas NOVA2019331<e>**</e></STRONG></p>\n\n\n\n<p><EM><s>_</s>Nebulas NOVANebulas NOVA5<e>_</e></EM></p>\n\n\n\n<p><EM><s>_</s><STRONG><s>**</s><e>**</e></STRONG>NAS250NAS303.1962344NASDIP250NAS<e>_</e></EM></p></r>',NULL,NULL,NULL,NULL,'108.162.215.139',0,1),(269,55,1,'2019-01-29 11:15:52',109,'comment','<r><p>Since Nebulas Incentive Program initiated on Nebulas NOVA testnet on January 21, 2019, this program has received positive response from developers in the first week. During the first seven days, the average daily transactions on Nebulas NOVA testnet increased 94 times from the previous week, with the highest daily transactions reached 31,904. Here is the recap of the first week of Developer Incentive Program.</p>\n\n<p>The top three smart contract addresses to be rewarded are:</p>\n\n<p><STRONG><s>**</s>n1yXmDeZnfkb3QPLVZuYzdTnxvVdvZ2z6wd<br/>\nn1ftkjWieMqtWXCuf8C72gUGMUDxh8aEUGy<br/>\nn1r45zksxXyfGK3XwueZCXjmhaJDa5mxKHV<br/>\nn21ar8w1NpcU2Wvi6gqi8DXWQFhc7A5wRAp<br/>\nn1rcayTEvYHjJxfe1Do3AYZyMrAUYsZ4jk2<br/>\nn1sCDFNF5fz2PHzCkbuSBdZXdrSZkfpAref<br/>\nn1qTUmK19dM3TeAohNkh753Bre529cxD8c1<e>**</e></STRONG></p>\n\n<p>A total of 12 smart contract addresses can receive NAS rewards. The awarded contract addresses have been updated on Nebulas Explorer. Click here for more info.</p>\n\n<p>Congratulations to the reward winners! For those who did not get reward, please dont give up. Our Incentive Program will last for ten weeks until March 31. So you still have chance to be rewarded. As long as you deploy smart contracts on Nebulas NOVA testnet and have users to use, developers can experience the native on-chain incentive. Come on to join us!</p>\n\n<p>From now on, during Nebulas NOVA Testnet Developer Incentive Program, participants can claim 5 testnet tokens on Nebulas NOVA testnet. Community members are welcome to discuss and leave questions on our community forum.</p>\n\n<p>Note: Due to our recent testnet rollback, the reward issuing address started with a balance slightly more than 0, therefore our first week reward is higher than 250 NAS, the exact amount is 303.1962344 NAS, in the subsequent DIP event, the weekly reward will remain 250 NAS.</p>\n\n<p>For more info, please check our medium article: <URL url=\"https://medium.com/nebulasio/week-1-winners-of-nebulas-nova-testnet-developer-incentive-program-f854518aeafa\">https://medium.com/nebulasio/week-1-winners-of-nebulas-nova-testnet-developer-incentive-program-f854518aeafa</URL></p></r>',NULL,NULL,NULL,NULL,'162.158.59.187',0,1),(270,47,3,'2019-01-29 13:09:11',174,'comment','<t><p></p></t>',NULL,NULL,NULL,NULL,'108.162.215.139',0,1),(271,47,4,'2019-01-29 13:34:04',31,'comment','<r><p><POSTMENTION discussionid=\"47\" displayname=\"dezifang\" id=\"270\" number=\"3\" username=\"dezifang\">@dezifang#270</POSTMENTION> </p></r>',NULL,NULL,NULL,NULL,'162.158.79.194',0,1),(272,56,1,'2019-01-29 13:35:39',172,'comment','<r><p></p>\n\n\n<p>99%house</p>\n\n<p><br/>\n<URL url=\"https://imgchr.com/i/kQ73VO\">https://imgchr.com/i/kQ73VO</URL></p>\n\n<p>2347</p>\n\n<p>https://github.com/nebulasio/go-nebulas/blob/feature/nbredev/nbre/runtime/dip/dip_reward.cpp</p>\n\n<p>dappdappdappaccount_to_contract_votes<br/>\n<URL url=\"https://imgchr.com/i/kQ7lqK\">https://imgchr.com/i/kQ7lqK</URL></p>\n\n<p>NR</p>\n\n<p>NR</p>\n\n\n\n<p>NAS</p>\n\n<p>NASNR</p>\n\n<p><br/>\n1ps<br/>\n2ps<br/>\n3NRNR<br/>\n4NR </p>\n\n\n<p><br/>\n<URL url=\"https://imgchr.com/i/kQ78aD\">https://imgchr.com/i/kQ78aD</URL></p>\n\n<p>MDRMB</p>\n\n<p>1000+NAS1000+NAS</p>\n\n<p></p>\n\n\n</r>',NULL,NULL,NULL,NULL,'108.162.226.20',0,1),(273,56,2,'2019-01-29 13:36:43',63,'comment','<t><p>6!</p></t>',NULL,NULL,NULL,NULL,'108.162.246.134',0,1),(274,56,3,'2019-01-29 13:37:22',62,'comment','<t><p>XX</p></t>',NULL,NULL,NULL,NULL,'103.22.200.189',0,1),(275,57,1,'2019-01-30 01:56:26',167,'comment','<r><CODE><s>```Failed to build Boost.Build build engine</s><i>\n</i>Consult \'bootstrap.log\' for more details\n./prepare.sh: 130: ./prepare.sh: ./b2: not found\n./prepare.sh: 131: ./prepare.sh: ./b2: not found\n./prepare.sh: 132: ./prepare.sh: ./b2: not found\n./prepare.sh: 156: ./prepare.sh: Syntax error: \"(\" unexpected (expecting \"}\")\nThe command \'/bin/sh -c cd nbre &amp;&amp; ./prepare.sh &amp;&amp; source env.set.sh &amp;&amp; mkdir build &amp;&amp; cd build &amp;&amp; cmake --CMAKE_BUILD_TYPE=Release ../ &amp;&amp; make\' returned a non-zero code: 2<i>\n</i><e>```</e></CODE>\n<p>I<FP char=\"\">\'</FP>m working with nebulas, and I happen to have ./prepare in the nbre folder. please help me</p></r>',NULL,NULL,NULL,NULL,'162.158.178.234',0,1),(276,57,2,'2019-01-30 03:58:03',33,'comment','<r><p><USERMENTION displayname=\"uranus97s2\" id=\"167\" username=\"uranus97s2\">@uranus97s2</USERMENTION> The prepare.sh script should be run with bash.<br/>\nBy the way, you can you use the docker in <C><s>`</s>feature/nbredev<e>`</e></C> configed.</p></r>',NULL,NULL,NULL,NULL,'172.69.34.15',0,1),(277,48,11,'2019-01-30 07:24:45',138,'comment','<r><p><EMAIL email=\"cn.zhaozeen@gmail.com\">cn.zhaozeen@gmail.com</EMAIL></p></r>',NULL,NULL,NULL,NULL,'162.158.59.187',0,1),(278,56,4,'2019-01-30 07:51:29',34,'comment','<t><p>&#127831;</p></t>',NULL,NULL,NULL,NULL,'103.22.200.183',0,1),(279,55,2,'2019-01-30 09:36:30',31,'discussionTagged','[[1],[1,2,28]]',NULL,NULL,NULL,NULL,NULL,0,1),(280,56,5,'2019-01-30 09:38:53',144,'comment','<t><p></p></t>',NULL,NULL,NULL,NULL,'162.158.224.43',0,1),(281,48,12,'2019-01-30 09:39:37',144,'comment','<t><p>includeleec[at]gmail.com<br/>\nADs</p></t>',NULL,NULL,NULL,NULL,'162.158.224.43',0,1),(282,58,1,'2019-01-30 09:42:50',31,'comment','<r><p>1  Open Hardware Wallet Bounty.</p>\n\n<p>2 Update situations:</p>\n\n<p>FINISHED:<br/>\n1) Smart Contracts Lint<br/>\n2) Explorer (mobile version &amp; improvement)<br/>\n3) ExplorerNotification of new contract &amp;&amp; View all contracts</p>\n\n<p>Failed:<br/>\n1) Hardware Wallet</p>\n\n<p>Learn more here: <URL url=\"https://nebulas.io/developers.html\"><s>[</s>https://nebulas.io/developers.html<e>](https://nebulas.io/developers.html)</e></URL></p>\n</r>','2019-01-30 09:43:35',31,NULL,NULL,'108.162.246.134',0,1),(283,48,13,'2019-01-30 09:44:51',31,'comment','<r><p><POSTMENTION discussionid=\"48\" displayname=\"includeleec\" id=\"281\" number=\"12\" username=\"includeleec\">@includeleec#281</POSTMENTION> [at] OK</p></r>',NULL,NULL,NULL,NULL,'108.162.246.134',0,1),(285,9,5,'2019-01-30 09:52:06',36,'discussionStickied','{\"sticky\":false}',NULL,NULL,NULL,NULL,NULL,0,1),(286,27,4,'2019-01-30 09:52:13',36,'discussionStickied','{\"sticky\":false}',NULL,NULL,NULL,NULL,NULL,0,1),(287,26,3,'2019-01-30 09:52:17',36,'discussionStickied','{\"sticky\":false}',NULL,NULL,NULL,NULL,NULL,0,1),(288,23,3,'2019-01-30 09:52:18',36,'discussionStickied','{\"sticky\":false}',NULL,NULL,NULL,NULL,NULL,0,1),(289,18,3,'2019-01-30 09:52:22',36,'discussionStickied','{\"sticky\":false}',NULL,NULL,NULL,NULL,NULL,0,1),(290,15,2,'2019-01-30 09:52:25',36,'discussionStickied','{\"sticky\":true}',NULL,NULL,NULL,NULL,NULL,0,1),(291,34,3,'2019-01-30 09:52:39',36,'discussionStickied','{\"sticky\":false}',NULL,NULL,NULL,NULL,NULL,0,1),(292,16,57,'2019-01-30 09:52:55',36,'discussionStickied','{\"sticky\":false}',NULL,NULL,NULL,NULL,NULL,0,1),(293,20,39,'2019-01-30 09:52:58',36,'discussionStickied','{\"sticky\":false}',NULL,NULL,NULL,NULL,NULL,0,1),(294,25,4,'2019-01-30 09:53:43',36,'discussionStickied','{\"sticky\":true}',NULL,NULL,NULL,NULL,NULL,0,1),(295,59,1,'2019-01-30 09:58:03',31,'comment','<r><p>The permission is open. Now everyone can upload images. Just click <FP char=\"\">\'</FP>attach<FP char=\"\">\'</FP> button.<br/>\n<UPL-IMAGE-PREVIEW url=\"https://community.nebulas.io/assets/files/2019-01-30/1548842280-107350-2019-01-30-175729.png\">[upl-image-preview url=https://community.nebulas.io/assets/files/2019-01-30/1548842280-107350-2019-01-30-175729.png]</UPL-IMAGE-PREVIEW></p>\n\n<p>max width of images: 2500px</p>\n\n<p>ENJOY! &#128515;</p> </r>',NULL,NULL,NULL,NULL,'108.162.246.134',0,1),(296,61,1,'2019-01-30 10:00:30',36,'comment','<t><p>In the fourth week of January 2019, Nebulas visited South Korea for the first time, meeting with many local partners, and hearing the real voice from the Korean market and community. Korean community showed their agreement in Nebulas technical vision and principles. Nebulas looks forward to meeting community members in more countries. Go Nebulas! Go! Go</p></t>',NULL,NULL,NULL,NULL,'108.162.215.247',0,1),(297,61,2,'2019-01-30 10:02:14',36,'comment','<r><p>Co-founder of Nebulas, Aero Wang says hello to Korean community<E>:)</E><br/>\n<URL url=\"https://www.youtube.com/watch?v=DUz7pr7-3Cc&amp;feature=youtu.be\">https://www.youtube.com/watch?v=DUz7pr7-3Cc&amp;feature=youtu.be</URL><UPL-IMAGE-PREVIEW url=\"https://community.nebulas.io/assets/files/2019-01-30/1548842837-939859-youtube-copy.jpeg\">[upl-image-preview url=https://community.nebulas.io/assets/files/2019-01-30/1548842837-939859-youtube-copy.jpeg]</UPL-IMAGE-PREVIEW></p>\n</r>','2019-01-30 10:07:20',36,NULL,NULL,'108.162.215.247',0,1),(298,57,3,'2019-01-31 02:21:40',167,'comment','<r><p>Oh ! yes<FP char=\"\">...</FP> i will try your way</p></r>',NULL,NULL,NULL,NULL,'172.68.254.159',0,1),(299,57,4,'2019-01-31 06:55:26',167,'comment','<r><CODE><s>```./prepare.sh: 130: ./prepare.sh: ./b2: not found</s><i>\n</i>./prepare.sh: 131: ./prepare.sh: ./b2: not found\n./prepare.sh: 132: ./prepare.sh: ./b2: not found\n./prepare.sh: 156: ./prepare.sh: Syntax error: \"(\" unexpected (expecting \"}\")\nThe command \'/bin/sh -c cd nbre &amp;&amp; ./prepare.sh &amp;&amp; source env.set.sh &amp;&amp; mkdir build &amp;&amp; cd build &amp;&amp; cmake --CMAKE_BUILD_TYPE=Release ../ &amp;&amp; make\' returned a non-zero code: 2<i>\n</i><e>```</e></CODE>\n<p>The result are util the same</p></r>',NULL,NULL,NULL,NULL,'162.158.179.247',0,1),(300,62,1,'2019-01-31 07:16:30',64,'comment','<r><p>Hi all,</p>\n\n<p>We had an upgrade of our testnet starting from <STRONG><s>**</s>12:00pm to 12:30pm, Jan 31. (UTC+8)<e>**</e></STRONG>. The purpose of the upgrade is mainly focusing on improving the stability of NBRE.  If you encountered any issue of using testnet during that period of time, that<FP char=\"\">\'</FP>s normal and we sincerely apologize for any inconvenience caused by the upgrade.</p>\n\n\n<LIST><LI><s>- </s>the Nebulas Mainnet Team</LI></LIST></r>',NULL,NULL,NULL,NULL,'103.22.200.177',0,1),(301,57,5,'2019-01-31 09:22:02',167,'comment','<r><CODE><s>```</s><i>\n</i>FROM golang:1.9\nRUN apt-get update\nRUN apt-get install -y build-essential checkinstall libgflags-dev libsnappy-dev zlib1g-dev libbz2-dev sudo git\nRUN cd /tmp &amp;&amp; git clone https://github.com/facebook/rocksdb.git &amp;&amp; cd rocksdb &amp;&amp; git checkout v5.13.1 &amp;&amp; make clean &amp;&amp; make install\nRUN go get -u github.com/golang/dep/cmd/dep\n\nRUN export GOPATH=/go\nRUN mkdir -p $GOPATH/src/github.com/nebulasio\n\nRUN cd $GOPATH/src/github.com/nebulasio &amp;&amp; git clone https://github.com/nebulasio/go-nebulas &amp;&amp; cd go-nebulas &amp;&amp; git checkout feature/nbredev\n\nWORKDIR /go/src/github.com/nebulasio/go-nebulas/\n\nRUN cd nbre &amp;&amp; ./prepare.sh &amp;&amp; source env.set.sh &amp;&amp; mkdir build &amp;&amp; cd build &amp;&amp; cmake --CMAKE_BUILD_TYPE=Release ../ &amp;&amp; make\nRUN export NBRE_DB=go-nebulas/data.db\n\nRUN make dep\nRUN make deploy-v8\nRUN make build\n\nCOPY ./conf/* ./testnet/conf/\n\nEXPOSE 8684\nEXPOSE 8685\nEXPOSE 8888\n\nENTRYPOINT [\"./neb\", \"-c\", \"testnet/conf/config.conf\"]</CODE>\n</r>','2019-01-31 09:22:34',167,NULL,NULL,'172.68.253.134',0,1),(302,57,6,'2019-01-31 09:23:59',167,'comment','<r><p>link file : <URL url=\"https://github.com/nebulasio/go-nebulas/blob/testnet/testnet/conf/config.conf\">https://github.com/nebulasio/go-nebulas/blob/testnet/testnet/conf/config.conf</URL></p> </r>',NULL,NULL,NULL,NULL,'172.68.253.134',0,1),(303,57,7,'2019-01-31 12:04:25',33,'comment','<r><p><POSTMENTION discussionid=\"57\" displayname=\"uranus97s2\" id=\"302\" number=\"6\" username=\"uranus97s2\">@uranus97s2#302</POSTMENTION> The docker file has updated in branch <C><s>`</s>feature/nbredev<e>`</e></C>. <br/>\nThe execution of the prepare script takes at least an hour, and the docker not run the prepare script.</p>\n\n</r>',NULL,NULL,NULL,NULL,'173.245.48.138',0,1),(304,57,8,'2019-01-31 12:13:52',167,'comment','<r><p>I understand but I ran to the /.preprase script it occurred error.<br/>\nCan you run my docker and please tell me what<FP char=\"\">\'</FP>s the problem.</p></r>','2019-01-31 12:15:48',167,NULL,NULL,'162.158.178.234',0,1),(305,63,1,'2019-02-01 10:14:50',31,'comment','<r><H3><s>### </s></H3>\n\n<p><STRONG><s>**</s><e>**</e></STRONG></p>\n\n<LIST type=\"decimal\"><LI><s>1. </s><p>Nebulas NOVANRDIPNBRElibp2pgithub<URL url=\"https://github.com/nebulasio/go-nebulas/tree/testnet\"><s>[</s><e>](https://github.com/nebulasio/go-nebulas/tree/testnet)</e></URL></p></LI>\n\n<LI><s>2. </s><p>DIPDIPDIPNASDIPNAS<URL url=\"https://blog.nebulas.io/2019/01/21/nebuals-testnet-developer-incentive-program-launches-today/\"><s>[</s><e>](https://blog.nebulas.io/2019/01/21/nebuals-testnet-developer-incentive-program-launches-today/)</e></URL></p></LI></LIST>\n \n<p><STRONG><s>**</s><e>**</e></STRONG></p>\n<LIST type=\"decimal\"><LI><s>1. </s><p><URL url=\"https://nano.nebulas.io\"><s>[</s>NAS nano Pro<e>](https://nano.nebulas.io)</e></URL></p></LI>\n\n<LI><s>2. </s><p>NAS nano ProATP SDK</p></LI>\n\n<LI><s>3. </s><p><URL url=\"https://explorer.nebulas.io\"><s>[</s>Explorer<e>](https://explorer.nebulas.io)</e></URL>UIDIP</p></LI>\n\n<LI><s>4. </s><p></p></LI>\n\n<LI><s>5. </s><p>kaiserNAS<URL url=\"https://nebulas.io/cn/wallets.html\"><s>[</s><e>](https://nebulas.io/cn/wallets.html)</e></URL></p></LI></LIST>\n\n<p><STRONG><s>**</s><e>**</e></STRONG></p>\n\n<p></p>\n<LIST type=\"decimal\"><LI><s>1. </s></LI>\n<LI><s>2. </s>NRDIPNRDIP</LI></LIST>\n\n<p></p>\n\n<p></p>\n\n\n</r>','2019-02-01 14:42:18',31,NULL,NULL,'162.158.78.205',0,1),(306,64,1,'2019-02-05 21:32:08',127,'comment','<r><p>Hi everyone,</p>\n\n<p>I wanted to share a article with all of you that compares Nebulas<FP char=\"\">\'</FP> focus on blockchain data and one of Google<FP char=\"\">\'</FP>s new initiatives to extrapolate information from blockchains.<br/>\nLet me know what you think about the article and Google<FP char=\"\">\'</FP>s intentions.<br/>\n<URL url=\"https://medium.com/@satoshibytes/did-google-just-validate-the-core-concept-of-nebulas-yep-they-did-c1a1f6cd1f0\">https://medium.com/@satoshibytes/did-google-just-validate-the-core-concept-of-nebulas-yep-they-did-c1a1f6cd1f0</URL></p></r>','2019-02-06 00:04:12',127,NULL,NULL,'172.69.42.19',0,1),(307,64,2,'2019-02-06 10:44:18',31,'comment','<t><p>Good article! Thank you!</p></t>',NULL,NULL,NULL,NULL,'162.158.78.97',0,1),(308,65,1,'2019-02-06 15:18:43',112,'comment','<r><p> bitsclubvp.io\"</p>\n\n<p></p>\n\n<p><STRONG><s>**</s>Q1<e>**</e></STRONG></p>\n\n<p><STRONG><s>**</s>1. 2018<e>**</e></STRONG></p>\n\n<p>2018TA2018TA</p>\n\n<p>201820172019</p>\n\n<p>TA201820192018</p>\n\n<p>2018</p>\n\n<p></p>\n\n<p></p>\n\n<p><STRONG><s>**</s>2. <e>**</e></STRONG></p>\n\n<p>2018</p>\n\n<p></p>\n\n<p></p>\n\n<p>2015token</p>\n\n<p>TATA</p>\n\n<p></p>\n\n<p></p>\n\n<p></p>\n\n<p><STRONG><s>**</s>3. TA<e>**</e></STRONG></p>\n\n<p></p>\n\n<p></p>\n\n<p>TA</p>\n\n<p>BAT</p>\n\n<p></p>\n\n<p><STRONG><s>**</s>Q2. <e>**</e></STRONG></p>\n\n<p><STRONG><s>**</s>1. NEO<e>**</e></STRONG></p>\n\n<p>2015NEONEO2015</p>\n\n<p>NEONEONEOfounderNEOR3HyperledgerR3token</p>\n\n<p>NEO15NEO30</p>\n\n<p></p>\n\n<p><STRONG><s>**</s>2. <e>**</e></STRONG></p>\n\n<p></p>\n\n<p></p>\n\n<p></p>\n\n<p><STRONG><s>**</s>3. <e>**</e></STRONG></p>\n\n<p>BAT</p>\n\n<p></p>\n\n<p><STRONG><s>**</s>Q3 2019<e>**</e></STRONG></p>\n\n<p><STRONG><s>**</s>1. 19<e>**</e></STRONG></p>\n\n<p></p>\n\n<p>2019Nebulas NOVANebulas NOVA</p>\n\n<p><STRONG><s>**</s>2. Nebulas NOVANRDIPNBRE<e>**</e></STRONG></p> \n\n<p>DIPDeveloper Incentive ProtocolDAppOnchain</p>\n\n<p>DAppDApp</p>\n\n<p>DIPNebulas Rank,NROnchainDAppRankRank</p>\n\n<p>NFNRNINFNebulas ForceNebulas NOVANFNBRE</p>\n\n<p></p>\n\n<p><EM><s>_</s>Nebulas NOVA  <URL url=\"https://v.qq.com/x/page/v0832kjwnrc.html\">https://v.qq.com/x/page/v0832kjwnrc.html</URL><e>_</e></EM></p>\n\n<p><STRONG><s>**</s>3. NBRE<e>**</e></STRONG></p>\n\n<p>NBRENBREtoken user</p>\n\n<p>PoWNBRE</p>\n\n<p>offchain</p>\n\n<p><STRONG><s>**</s>Q4. <e>**</e></STRONG></p>\n\n<p></p>\n\n<p>token user</p>\n\n<p><STRONG><s>**</s>1. token holder<e>**</e></STRONG></p>\n\n<p>OnchainOffchain</p>\n\n<p>Onchain</p>\n\n<p></p>\n\n<p>PoWPoS1000EIP</p>\n\n<p><STRONG><s>**</s>2. \"<e>**</e></STRONG></p>\n\n<p></p>\n\n<p>OffchainOnchain</p>\n\n<p>Token user</p>\n\n<p></p>\n\n\n<p><STRONG><s>**</s><e>**</e></STRONG></p>\n\n<p></p>\n\n<p></p>\n\n<p></p>\n\n<p>2019</p>\n\n<p></p>\n\n\n\n\n\n\n\n</r>','2019-02-08 14:37:33',112,NULL,NULL,'108.162.226.20',0,1),(309,65,2,'2019-02-06 15:19:58',112,'discussionRenamed','[\"\\u3010\\u4e0a\\u4e00\\u4e2a\\u884c\\u4e1a\\u5468\\u671f\\u7684\\u8c37\\u5e95\\uff0c\\u6211\\u4eec\\u89c9\\u5f97NEO\\u8981\\u6302\\u4e86\\u3011\\u661f\\u4e91\\u94fe\\u8054\\u738b\\u51a0\\u516c\\u6709\\u94fe\\u6280\\u672f\\u8054\\u76df\\u793e\\u7fa4\\u4e92\\u52a8\\uff0c1\\u5c0f\\u65f6\\u8bed\\u97f3\\u5e72\\u8d27\\u5168\\u6574\\u7406\\uff01\",\"\\u3010\\u4e0a\\u4e00\\u4e2a\\u884c\\u4e1a\\u5468\\u671f\\u7684\\u8c37\\u5e95\\uff0c\\u6211\\u4eec\\u89c9\\u5f97NEO\\u8981\\u6302\\u4e86\\u3011\\u661f\\u4e91\\u94fe\\u8054\\u521b\\u738b\\u51a0\\u516c\\u6709\\u94fe\\u6280\\u672f\\u8054\\u76df\\u793e\\u7fa4\\u4e92\\u52a8\\uff0c1\\u5c0f\\u65f6\\u8bed\\u97f3\\u5e72\\u8d27\\u5168\\u6574\\u7406\\uff01\"]',NULL,NULL,NULL,NULL,NULL,0,1),(310,65,3,'2019-02-06 16:00:42',112,'discussionStickied','{\"sticky\":true}',NULL,NULL,NULL,NULL,NULL,0,1),(311,65,4,'2019-02-07 05:14:32',112,'comment','<t><p>Q220152015</p>\n\n<p>2015NEONEO2015</p></t>',NULL,NULL,'2019-02-08 14:37:41',112,'172.68.255.101',0,1),(312,65,5,'2019-02-08 14:38:23',112,'discussionTagged','[[15],[15,24]]',NULL,NULL,NULL,NULL,NULL,0,1),(313,49,3,'2019-02-08 19:51:57',131,'comment','<t><p>Just as an update, I followed the redemption guidelines and was never contacted to receive the reward.</p></t>',NULL,NULL,NULL,NULL,'172.69.68.60',0,1),(314,48,14,'2019-02-09 06:54:34',149,'comment','<r><p><EMAIL email=\"beike8422@163.com\">beike8422@163.com</EMAIL></p></r>',NULL,NULL,NULL,NULL,'103.22.200.207',0,1),(315,66,1,'2019-02-12 08:41:19',178,'comment','<t><p>First of all; I think the Nebulas team has done a fantastic job, has delivered on their promises and has lock-in their NAS token for the long term.</p>\n\n<p>I do have a question around how the long term funding of Nebulas incl. the technology development. I sincerely support organic development from the eco-system but there need to be a tokenomic that direct ensures that funding is captured and allocated to new development projects for Nebulas. The most direct way is a treasury function with proper governance to ensure effective allocation (seems most appropriate here), secondly it could be services to third parties from the Nebulas team (seems less likely).</p>\n\n<p>Can you elaborate on your plans for the long-term funding beyond the ICO proceeds?</p>\n\n<p>Thanks</p></t>',NULL,NULL,NULL,NULL,'162.158.134.223',0,1),(316,67,1,'2019-02-12 08:44:25',31,'comment','<r><p>It<FP char=\"\">\'</FP>s time to talk about Blockchain governance.<br/>\nIf you have some ideas and suggestions about Blockchain Governance, you can discuss it here.</p>\n\n<p>Governance in blockchains can be broadly separated into 2 primary categories:<br/>\n1 Off-Chain Governance<br/>\n2 On-Chain Governance</p>\n\n<p>Some posts about blockchain governance:<br/>\n<URL url=\"https://blockonomi.com/blockchain-governance/\"><s>[</s>What is Blockchain Governance? Complete Beginners Guide<e>](https://blockonomi.com/blockchain-governance/)</e></URL><br/>\n<URL url=\"https://blog.goodaudience.com/blockchain-governance-101-eea5201d7992\"><s>[</s>Blockchain Governance 101<e>](https://blog.goodaudience.com/blockchain-governance-101-eea5201d7992)</e></URL></p>\n\n\n<p>When NOVA on Mainnet in April, every time the parameters of DIP will be changed, everyone should have chances to discuss it. It should be open.</p>\n\n<p>So there are some questions:</p>\n\n<LIST><LI><s>- </s>What do you think about the future of DIP?</LI>\n<LI><s>- </s>Should we have special On-Chain Governance? Because of NR, DIP.</LI>\n<LI><s>- </s>Any proposals about On-Chain Governance?</LI>\n<LI><s>- </s>Should we open more non-tech bounties?</LI></LIST>\n\n<p>It<FP char=\"\">\'</FP>s your turn!</p>\n</r>',NULL,NULL,NULL,NULL,'162.158.78.97',0,1),(317,49,4,'2019-02-12 08:45:32',31,'comment','<r><p><POSTMENTION discussionid=\"49\" displayname=\"starkstay\" id=\"313\" number=\"3\" username=\"starkstay\">@starkstay#313</POSTMENTION> Have you leave your email?</p></r>',NULL,NULL,NULL,NULL,'162.158.78.97',0,1),(318,66,2,'2019-02-12 09:00:38',31,'comment','<r><p>Thank you for your support.<br/>\nAnd there is a plan for Blockchain governance. If we want to build a self-evolving ecosystem, then consensus and incentive are more important.<br/>\nWe want to hear your voices. You can leave your suggestions <URL url=\"https://community.nebulas.io/d/67-about-blockchain-governance\"><s>[</s>here<e>](https://community.nebulas.io/d/67-about-blockchain-governance)</e></URL>.</p> </r>',NULL,NULL,NULL,NULL,'162.158.78.73',0,1),(319,67,2,'2019-02-12 18:19:31',178,'comment','<t><p>One of my main questions to the Nebulas team and the community is how the long term funding of Nebulas is secured / built into the NAS eco-system to ensure an ongoing development of platform / NAS infrastructure.</p>\n\n<p>I am thinking beyond the ICO proceeds / tokens.</p>\n\n<p>Other blockchain like EOS, DASH, Decred have build in treaures where part of the transaction fee is allocated to fund new projects.</p>\n\n<p>I am aware of the DIP mechanism, but as I understand it, it only concerns new DApps and also is limited to the distribution of 35% if the total token supply so eventually it will run out.</p>\n\n<p>What is Nebulas long term plan in this respect?</p>\n\n<p>Thanks.</p></t>',NULL,NULL,NULL,NULL,'162.158.134.31',0,1),(320,49,5,'2019-02-12 18:31:01',131,'comment','<r><p><POSTMENTION discussionid=\"49\" displayname=\"smalloranges\" id=\"317\" number=\"4\" username=\"smalloranges\">@smalloranges#317</POSTMENTION> yes I left it as directed on the other thread. Not a huge thing but couldn<FP char=\"\">\'</FP>t find a follow up in my email.</p></r>',NULL,NULL,NULL,NULL,'172.69.70.236',0,1),(321,68,1,'2019-02-12 20:22:44',179,'comment','<r><p>Hello everyone, I<FP char=\"\">\'</FP>m a new member, at community.nebulas.io. I don<FP char=\"\">\'</FP>t know about nebulas.io. I just learned it little by little, asking for instructions from friends! thank you, thank you</p></r>',NULL,NULL,NULL,NULL,'172.69.134.132',0,1),(322,67,3,'2019-02-12 22:51:52',127,'comment','<r><p><POSTMENTION discussionid=\"67\" displayname=\"SrColumbus\" id=\"319\" number=\"2\" username=\"SrColumbus\">@SrColumbus#319</POSTMENTION> <br/>\nYou make a good point and it may be something work considering. Since Nebulas went live, they have been holding the DPoS minted coins as a community fund. Perhaps this will be future development funding once development gets more decentralized and passed over to the Nebulas community - and at some point, this must happen for Nebulas to be successful.</p>\n\n<p>I do like Decred<FP char=\"\">\'</FP>s governance and voting system. A few months ago, they even released the funds to the community to decide what to do with them and vote via the built in voting system. <br/>\nLook at other projects such as BTC, LTC, XMR, and even ETH - none of them have a funding built into the consensus system. They rely on community development and funding from the community &amp; creators albeit, ETH raised money for development.</p> </r>','2019-02-12 22:53:16',127,NULL,NULL,'172.69.42.79',0,1),(323,67,4,'2019-02-13 04:12:32',152,'comment','<r><p><POSTMENTION discussionid=\"67\" displayname=\"SrColumbus\" id=\"319\" number=\"2\" username=\"SrColumbus\">@SrColumbus#319</POSTMENTION> <br/>\nmakes a good point given also that during the first DIP in mid-2018 the team was too generous with their rewards in NAS to dapp developers. Aside from the 35% allocated to NR &amp; DIP, as per whitepaper there is also a yearly inflation of 3-4% of the total supply allocated to incentivizing developers, if necessary. Let<FP char=\"\">\'</FP>s hope it doesn<FP char=\"\">\'</FP>t happen too often given that if the price per token doesn<FP char=\"\">\'</FP>t appreciate, than devs won<FP char=\"\">\'</FP>t see NAS as a good incentive to remain part of the ecosystem. Though I don<FP char=\"\">\'</FP>t see how beneficial it would be to keep on flooding the market with NAS to cover incentives. I believe that is the wrong approach. I am currently witnessing it with the project AION Network where they are hyper-inflating their circulating supply with tokens but yet are not doing anything what so ever to stimulate community interest to improve market performance. Nebulas is a project i love very much and i believe their idea of having created Nebulas Rank and incentivizing developers is the perfect strategy for writing quality code and potentially developing killer apps. But Nebulas does worry me a bit lately. I do not see much community interest around the project as of late. The non-Chinese social media channels and chatrooms are extremely quiet. Barely interaction at all. Not much on Reddit or Twitter. Given that i haven<FP char=\"\">\'</FP>t looked at Chinese social media channels, i do hope there is far more activity there to stimulate growth and interest around Nebulas for when NOVA mainnet is released. Because as it stands i really don<FP char=\"\">\'</FP>t see how they will succeed at transitioning from a corporate structure to a communitized structure. I<FP char=\"\">\'</FP>m sure the team isn<FP char=\"\">\'</FP>t oblivious to the current situation around the project and im sure there is a plan in place, but sadly it will take a lot more than Twitter and this forum to push for adoption and to have the platform stress-tested by a big community.<br/>\nSomething i am very curious about is in early 2018 when the Nebulas team was doing plenty of meetups and events in major cities, it seemed like attendance was very packed. I wonder if it was because of Edith Yung as an advisor to the project, but clearly a good PR and marketing push would do wonders for Nebulas because this lack of noise doesnt do Nebulas justice presently.</p> </r>',NULL,NULL,NULL,NULL,'173.245.52.142',0,1),(324,68,2,'2019-02-13 04:46:59',31,'discussionTagged','[[1],[4]]',NULL,NULL,NULL,NULL,NULL,0,1),(325,68,3,'2019-02-13 04:47:34',31,'comment','<r><p><POSTMENTION discussionid=\"68\" displayname=\"ken72\" id=\"321\" number=\"1\" username=\"ken72\">@ken72#321</POSTMENTION> Hello. I changed the tag #news &amp; announcements to #beginners. &#128512;</p> </r>',NULL,NULL,NULL,NULL,'162.158.78.73',0,1),(326,68,4,'2019-02-13 04:51:54',31,'comment','<r><p>About <URL url=\"https://nebulas.io/technology.html\"><s>[</s>Nebulas Technology<e>](https://nebulas.io/technology.html)</e></URL><br/>\nAbout the current version mainnet: <URL url=\"https://nebulas.io/nova.html\"><s>[</s>Nebulas NOVA<e>](https://nebulas.io/nova.html)</e></URL><br/>\n<URL url=\"https://nebulas.io/nas.html\"><s>[</s>Get NAS<e>](https://nebulas.io/nas.html)</e></URL> &amp; <URL url=\"https://nebulas.io/wallets.html\"><s>[</s>hold NAS<e>](https://nebulas.io/wallets.html)</e></URL>.</p></r>',NULL,NULL,NULL,NULL,'162.158.78.73',0,1),(327,49,6,'2019-02-13 05:47:11',84,'comment','<r><p><POSTMENTION discussionid=\"49\" displayname=\"starkstay\" id=\"320\" number=\"5\" username=\"starkstay\">@starkstay#320</POSTMENTION> Please stay tuned, we will solve this problem as soon as possible.</p></r>',NULL,NULL,NULL,NULL,'108.162.246.38',0,1),(328,67,5,'2019-02-13 10:53:10',151,'comment','<r><p>I guess the team just chose the wrong strategy at this moment. They think that by creating a good technology popularity of the project will rise, but that<FP char=\"\">\'</FP>s not true in my opinion The current Dev Incentive season need to be marketized in a better way, it needs more devs to be attracted. BTW suddenly today the TX amount in testnet dropped greatly, as if all thoose smartcontracts just evaporated. What caused this? Also blockchain needs adoption in a general way. Maybe Nebulas can be one of the first to do this. It needs to be more intuitive. <URL url=\"https://www.youtube.com/watch?v=sUCpuaqlISQ\"><s>[</s><FP char=\"\">\"</FP>Technology alone is not enough<FP char=\"\">\"</FP><e>](https://www.youtube.com/watch?v=sUCpuaqlISQ)</e></URL> Steve Jobs</p></r>','2019-02-13 10:54:03',151,NULL,NULL,'172.69.10.175',0,1),(329,67,6,'2019-02-13 12:47:55',31,'comment','<r><p><POSTMENTION discussionid=\"67\" displayname=\"Mista-Mist\" id=\"323\" number=\"4\" username=\"Mista-Mist\">@Mista-Mist#323</POSTMENTION> Thank you for your support.<br/>\nYou are right, through the changing of the price, Nebulas is not as popular as before. Complicated reasons. DIP is still on testnet, under testing. Many people can<FP char=\"\">\'</FP>t feel it now. With special tech features, there will be a chance to build a better voting system and on-chain governance. I think it<FP char=\"\">\'</FP>s just the beginning. If we solve a real problem, there will be something happened.<br/>\nIf you have any suggestion, please tell us. Tell everyone in the community, not only the team members.<br/>\nThank you again.</p></r>',NULL,NULL,NULL,NULL,'162.158.106.87',0,1),(330,67,7,'2019-02-13 13:42:34',31,'comment','<r><p><POSTMENTION discussionid=\"67\" displayname=\"Peacemaker\" id=\"328\" number=\"5\" username=\"Peacemaker\">@Peacemaker#328</POSTMENTION> Here: <URL url=\"https://explorer.nebulas.io/#/testnet/dip-leaderboard?p=1\"><s>[</s>The DIP awards<e>](https://explorer.nebulas.io/#/testnet/dip-leaderboard?p=1)</e></URL>.<br/>\nIt<FP char=\"\">\'</FP>s testnet. Not mainnet. There isn<FP char=\"\">\'</FP>t a lot of data. And it<FP char=\"\">\'</FP>s Chinese spring festival last week. All Chinese developers went home with their families. So<FP char=\"\">...</FP><FP char=\"\">...</FP> &gt;_&lt;</p> \n\n<p>And I am so glad that you are talking about the problems. What do you think is more important? For example, Off-Chain Governance? Non-tech bounties?</p>\n\n<p>What I think is that we should give people a reason to use Nebulas.<br/>\n1 It<FP char=\"\">\'</FP>s easy to use, developers can use Nebulas to build a better DApps or even kill DApps. Then many users can use these DApps. You know, Nebulas is a public blockchain. Common people won<FP char=\"\">\'</FP>t use it directly. It isn<FP char=\"\">\'</FP>t a wallet, Steemit<FP char=\"\">...</FP><FP char=\"\">...</FP> Not applications. Different. <br/>\n2 With hopes. Nebulas is an ecosystem. People can get benefits without developing DApps. Developers are just a part of the community, not all. People can use it, hold NAS, make friends, do many things.<br/>\nNow I guess many people don<FP char=\"\">\'</FP>t understand what<FP char=\"\">\'</FP>s autonomous metanet and why we want to build this ecosystem. &#128514; A lot of works to do.</p></r>',NULL,NULL,NULL,NULL,'162.158.106.201',0,1),(331,67,8,'2019-02-13 15:02:52',152,'comment','<r><p><POSTMENTION discussionid=\"67\" displayname=\"smalloranges\" id=\"330\" number=\"7\" username=\"smalloranges\">@smalloranges#330</POSTMENTION> I agree with your description of a public chain. Many other blockchains are public too like Tron, Zilliqa, EOS, EThereum, and eventually all those blockchains will be so busy and used that they will all become autonomous. But while the project is being governed by a corporation, it should be the goal of the corporation to increase awareness and PR, and have a marketing campaign around the project, so that once it is fully in the spotlight, than the governing body can take a step back gradually and give more power to the community. Kind of like Decred has done. <br/>\nIt<FP char=\"\">\'</FP>s important to know also that the crypto space and blockchain industry was a place for cypherpunks and geeks in the early early days, but it is not the case anymore. It is now being run by corporations, venture capitalists, entrepreneurs seeking to generate profits, business minded people. Even developers who have great ideas for dapps look for the platform that will generate them the most profit and will give the most exposure to their dapp. I believe that was the ultimate goal of Da Hongfei as a business person when he transitioned from Antshares to NEO, all those business strategies he applied made NEO very popular, and despite their tech issues they still have communities of developers in geographical locations developing big dapps, DEX<FP char=\"\">\'</FP>s, virtual machines for dapps, etc<FP char=\"\">...</FP>.So possibly when Testnet is complete and mainnet is live, we should have a strong marketing campaign with the help of big names, similar to Edith Yung in the early nebulas days, to help give us a nice boost.</p> </r>',NULL,NULL,NULL,NULL,'162.158.62.54',0,1),(332,67,9,'2019-02-13 19:01:41',151,'comment','<r><p><POSTMENTION discussionid=\"67\" displayname=\"smalloranges\" id=\"330\" number=\"7\" username=\"smalloranges\">@smalloranges#330</POSTMENTION></p> \n\n<QUOTE><i>&gt; </i><p><POSTMENTION discussionid=\"67\" displayname=\"smalloranges\" id=\"330\" number=\"7\" username=\"smalloranges\">@smalloranges#330</POSTMENTION> Now I guess many people dont understand whats autonomous metanet and why we want to build this ecosystem.<br/>\n<i>&gt; </i>We don<FP char=\"\">\'</FP>t know much right now about autonomous metanet. It would be great to have some new info about it.</p></QUOTE>\n\n<p>The most important thing at this moment is to have more developers , creating new stuff on NAS blockchain. By the time testnet incentive program ends there should be some good dapps(at least 2 - 3 of them) We just need more people somehow to be attracted, Nebulas has such a unique DIP feature which no other blockchain has, This feature should be spreaded. We already have some of NAS tech functioning, this is great and I think it<FP char=\"\">\'</FP>s time to slowly show up on this scene. But thats just my opinion</p></r>','2019-02-13 19:03:29',151,NULL,NULL,'172.69.10.97',0,1),(333,69,1,'2019-02-14 04:41:33',180,'comment','<r><p>Neber.io<br/>\n()()<br/>\nDApp</p>\n\n<p><br/>\n    </p>\n<LIST><LI><s>- </s>()</LI>\n<LI><s>- </s>(DApp)</LI></LIST>\n\n<p></p>\n<LIST><LI><s>- </s> Keystore</LI>\n<LI><s>- </s></LI>\n<LI><s>- </s></LI>\n<LI><s>- </s></LI>\n<LI><s>- </s></LI>\n<LI><s>- </s></LI>\n<LI><s>- </s>NAS</LI>\n<LI><s>- </s></LI>\n<LI><s>- </s></LI>\n<LI><s>- </s>DApp SDK</LI></LIST>\n\n<p></p>\n <LIST><LI><s>- </s>DApp1 </LI>\n <LI><s>- </s>DApp1 </LI>\n <LI><s>- </s>DApp SDK</LI></LIST>\n\n<p></p>\n <LIST><LI><s>- </s></LI>\n <LI><s>- </s></LI></LIST>\n\n<p>nebulas.io</p>\n\n<p><br/>\nNASn1dqCLcSJoEQ2GayZERpQHZBKbTbnrrgKWq</p></r>','2019-02-14 04:44:21',180,NULL,NULL,'103.22.200.177',0,1),(334,69,2,'2019-02-14 04:45:52',180,'comment','<t><p>AppWeb<br/>\n</p></t>','2019-02-14 04:48:05',180,NULL,NULL,'103.22.200.177',0,1),(335,69,3,'2019-02-14 04:53:52',17,'comment','<r><p><SUB><s>~</s></SUB></p></r>',NULL,NULL,NULL,NULL,'162.158.118.229',0,1),(336,69,4,'2019-02-14 05:40:17',126,'comment','<t><p>&#128515; &#128515; &#128515;</p> </t>',NULL,NULL,NULL,NULL,'162.158.7.14',0,1),(337,69,5,'2019-02-14 05:47:20',31,'comment','<r><p><POSTMENTION discussionid=\"69\" displayname=\"Neber\" id=\"334\" number=\"2\" username=\"Neber\">@Neber#334</POSTMENTION> <br/>\n<UPL-IMAGE-PREVIEW url=\"https://community.nebulas.io/assets/files/2019-01-30/1548842280-107350-2019-01-30-175729.png\">[upl-image-preview url=https://community.nebulas.io/assets/files/2019-01-30/1548842280-107350-2019-01-30-175729.png]</UPL-IMAGE-PREVIEW></p></r>',NULL,NULL,NULL,NULL,'162.158.119.14',0,1),(338,69,6,'2019-02-14 06:02:38',180,'comment','<r><p><POSTMENTION discussionid=\"69\" displayname=\"smalloranges\" id=\"337\" number=\"5\" username=\"smalloranges\">@smalloranges#337</POSTMENTION> </p></r>',NULL,NULL,NULL,NULL,'103.22.200.207',0,1),(339,69,7,'2019-02-14 06:26:35',31,'comment','<r><p><POSTMENTION discussionid=\"69\" displayname=\"Neber\" id=\"338\" number=\"6\" username=\"Neber\">@Neber#338</POSTMENTION> </p></r>',NULL,NULL,NULL,NULL,'162.158.106.129',0,1),(340,67,10,'2019-02-14 06:41:42',31,'comment','<r><p><POSTMENTION discussionid=\"67\" displayname=\"Peacemaker\" id=\"332\" number=\"9\" username=\"Peacemaker\">@Peacemaker#332</POSTMENTION> When the testnet incentive program ends, perhaps developers are just ready to release DApps and embrace the mainnet DIP. Then there will be good DApps.</p></r>',NULL,NULL,NULL,NULL,'108.162.246.92',0,1),(341,67,11,'2019-02-14 06:56:16',31,'comment','<r><p><POSTMENTION discussionid=\"67\" displayname=\"Mista-Mist\" id=\"331\" number=\"8\" username=\"Mista-Mist\">@Mista-Mist#331</POSTMENTION> So let<FP char=\"\">\'</FP>s talk about blockchain governance. &#128515;</p> </r>',NULL,NULL,NULL,NULL,'162.158.106.87',0,1),(342,69,8,'2019-02-14 08:21:32',35,'comment','<t><p></p></t>',NULL,NULL,NULL,NULL,'103.22.200.177',0,1),(343,57,9,'2019-02-14 08:32:17',33,'comment','<r><p><POSTMENTION discussionid=\"57\" displayname=\"uranus97s2\" id=\"304\" number=\"8\" username=\"uranus97s2\">@uranus97s2#304</POSTMENTION> The prepare script should be run with bash not /bin/sh.</p></r>',NULL,NULL,NULL,NULL,'162.158.59.37',0,1),(344,67,12,'2019-02-14 16:30:13',178,'comment','<r><p>I often remind myself of a Chinese saying (freely translated) stating: getting where you want to go is not one big step, but a thousand small.</p>\n\n<p>I do believe that the problem that Nebulas is trying to solve is very relevant and that the potential market for this is very large.</p>\n\n<p>Nebulas, together with the community, has to make a strategy where the key necessary steps have been identified to reach and fulfill the vision of being a autonomous meta network for the blockchain industry. It will require more than just introducing NR, NBRE and DIP.</p>\n\n<p>There has to to be clearly defined steps to follow up on the DIP incentives and a long term funding plan otherwise it will be like setting a big pile of leaves on fire which will create a lot of fire and smoke but will eventually die out.</p>\n\n<p>I suggest to:</p>\n\n<LIST><LI><s>- </s>Bring as much attention to the current DIP programme to attract as many developers as possible</LI>\n<LI><s>- </s>In the mean time build a plan on how to follow-up with the winning dApps to ensure that they keep improving the dApps in cooperation with Nebulas and the community </LI>\n<LI><s>- </s>Keep improving Nebulas with the current ICO funds where community engagement and involvement should play an important role (I guess cross-chain functionality to leverage on other blockchains growth and adoption should play a key role. If Nebulas dApps could use Bitcoin, Ethereum, EOS, Tron and NEO etc. data / transactions as input to their dApps and engage with them through Nebulas and NR could take such data into consideration Nebulas could indeed take shape as the MetaNet intended) </LI>\n<LI><s>- </s>Once the DIP has proven itself successful, then determine how the long term funding of Nebulas / NAS eco-system will take place incl. the on-chain governance where I expect NR / token staking should play a role</LI>\n<LI><s>- </s>Identify where the key use cases are for short term adoption of Nebulas and market Nebulas to such communities (it could be the gaming industry as already mention by the Nebulas team, which is the area that typically is prone for early internet / technology adoption)</LI></LIST></r>','2019-02-14 19:18:11',178,NULL,NULL,'162.158.134.49',0,1),(345,70,1,'2019-02-14 18:44:10',152,'comment','<t><p>I know it has been repeated several times and I am sure the team is fully aware of it, but adding NAS onto the ledger NANO hardware device will surely bring a lot of exposure to Nebulas. It is indeed a good marketing strategy to be leveraged, given that the whole community in crypto waits every Tuesday of the month to see which coins are added onto the Ledger. The application has been submitted a long time ago, even when Robin Z was still part of the team. Hardware wallet is important for the security of the NAS holders as well as a good exposure/marketing strategy, letting everyone know that Nebulas is back!   Thanks</p>  </t>',NULL,NULL,NULL,NULL,'162.158.126.133',0,1),(346,70,2,'2019-02-15 09:12:31',31,'comment','<r><p>Now, there is a hardware wallet supporting NAS: <URL url=\"http://www.kisc.io/\"><s>[</s>Kaiser Wallet<e>](http://www.kisc.io/)</e></URL>. It<FP char=\"\">\'</FP>s from Korea. So perhaps it<FP char=\"\">\'</FP>s not easy to get it out of Asia.<br/>\nAnd the hardware wallet bounty is open again. <URL url=\"https://nebulas.io/developers.html\"><s>[</s>Here<e>](https://nebulas.io/developers.html)</e></URL>. Good news, some people already claimed it. Wait for good news. <br/>\nAnd welcome to dev more hardware wallet. Only one or two wallets are not enough. And welcome to recommend hardware wallets.</p> \n\n<p><URL url=\"https://nebulas.io/wallets.html\"><s>[</s>Click here<e>](https://nebulas.io/wallets.html)</e></URL> to see all wallets support NAS.</p>\n\n<p>Thank you for your support.</p></r>',NULL,NULL,NULL,NULL,'162.158.106.201',0,1),(347,71,1,'2019-02-15 09:31:48',31,'comment','<r><p><UPL-IMAGE-PREVIEW url=\"https://community.nebulas.io/assets/files/2019-02-15/1550222141-82189-2019-02-15-171512.png\">[upl-image-preview url=https://community.nebulas.io/assets/files/2019-02-15/1550222141-82189-2019-02-15-171512.png]</UPL-IMAGE-PREVIEW></p>\n\n<p>According to the <URL url=\"https://nebulas.io/roadmap.html\"><s>[</s>Nebulas core roadmap<e>](https://nebulas.io/roadmap.html)</e></URL> (above), the next version needs a name. You can post your idea below, and click <FP char=\"\">\"</FP>like<FP char=\"\">\"</FP> button to support the one you like.<br/>\nThe name should be:</p>\n\n<LIST type=\"decimal\"><LI><s>1. </s>About the universe. The first version is Eagle Nebula, because the Pillars of Creation, it<FP char=\"\">\'</FP>s the beginning of a star. The second version is Nebulas NOVA.</LI>\n<LI><s>2. </s>The topic is <FP char=\"\">\"</FP>Change the Unchangeable<FP char=\"\">\"</FP>. Nebulas Force will be online in this version. It<FP char=\"\">\'</FP>s a kind of new upgrade capabilities. we think self-evolution is the future of autonomy. Nebulas Force (NF) provides the ability to upgrade without hard forks. So the name should be not only a star, it can describe a whole picture of many objects.</LI>\n<LI><s>3. </s>Easy to remember. It shouldn<FP char=\"\">\'</FP>t be too long or too complicated.</LI></LIST></r>','2019-02-15 09:32:03',31,NULL,NULL,'162.158.106.87',0,1),(348,71,2,'2019-02-15 09:34:30',31,'comment','<r><p>For example, COSMOS.<br/>\nThis word describes a whole picture of the universe, and <FP char=\"\">\"</FP>Using the word cosmos rather than the word universe implies viewing the universe as a complex and orderly system or entity<FP char=\"\">\"</FP>. It looks better.</p></r>',NULL,NULL,NULL,NULL,'162.158.106.129',0,1),(349,71,3,'2019-02-15 09:50:09',112,'comment','<r><p><POSTMENTION discussionid=\"71\" displayname=\"smalloranges\" id=\"348\" number=\"2\" username=\"smalloranges\">@smalloranges#348</POSTMENTION> COSMOS is the name of an existing project, something related to cross-chain, better have something related to the <FP char=\"\">\"</FP>change the unchangeable<FP char=\"\">\"</FP>?</p> </r>',NULL,NULL,NULL,NULL,'103.22.200.207',0,1),(350,72,1,'2019-02-15 10:56:59',168,'comment','<r><QUOTE><i>&gt; </i><p> <br/>\n</p></QUOTE>\n\n<p>20081031Satoshi Nakamoto</p>\n\n<p>20176</p>\n\n<p>20181231Nebulas NOVANebulas NOVA</p>\n\n<p>Nebulas NOVA</p>\n\n<p><STRONG><s>**</s><e>**</e></STRONG></p>\n\n<H3><s>### </s></H3>\n<p></p>\n\n<p></p>\n\n<p>on-chainoff-chain</p>\n\n<p>off-chaintoken holder</p>\n\n<p>PoW1000EIPEIP</p>\n\n<p></p>\n\n<p><STRONG><s>**</s>on-chain<e>**</e></STRONG></p>\n\n<p>token holder</p>\n\n<p>Nebulas NOVA</p>\n\n<H3><s>### </s>Nebulas NOVA</H3>\n<H3><s>### </s>Nebulas NOVA</H3>\n\n<p>2018Nebulas NOVA3Nebulas NOVA</p>\n\n<p>Nebulas NOVANebulas ForceNBRE</p>\n\n<p>NBRE</p>\n\n<p><STRONG><s>**</s>NBREtoken user<e>**</e></STRONG></p>\n\n<p><STRONG><s>**</s><e>**</e></STRONG></p>\n\n<p>PoWNebulas NOVANBRE</p>\n\n<p>off-chainon-chain</p>\n\n<p>::::::</p>\n</r>',NULL,NULL,NULL,NULL,'172.68.133.225',0,1),(351,67,13,'2019-02-15 11:02:58',31,'comment','<r><p><POSTMENTION discussionid=\"67\" displayname=\"SrColumbus\" id=\"344\" number=\"12\" username=\"SrColumbus\">@SrColumbus#344</POSTMENTION> I know that Chinese saying, . I agree with you. Without the real situation, we can<FP char=\"\">\'</FP>t discuss on-chain governance or other things. And there are still some problems.</p>\n\n<LIST type=\"decimal\"><LI><s>1. </s>It<FP char=\"\">\'</FP>s not easy to find the key use case. You can see uses cases on the <URL url=\"https://nebulas.io/index.html\"><s>[</s>homepage<e>](https://nebulas.io/index.html)</e></URL> (below), which will be the key use case? In fact, I don<FP char=\"\">\'</FP>t know. People can do it together and I don<FP char=\"\">\'</FP>t know who will get the key first. Perhaps it<FP char=\"\">\'</FP>s better for Nebulas to build a better ecosystem to support these innovations.  </LI></LIST>\n\n<p><UPL-IMAGE-PREVIEW url=\"https://community.nebulas.io/assets/files/2019-02-15/1550226988-487048-2019-02-15-183614.png\">[upl-image-preview url=https://community.nebulas.io/assets/files/2019-02-15/1550226988-487048-2019-02-15-183614.png]</UPL-IMAGE-PREVIEW></p>\n\n\n<LIST start=\"2\" type=\"decimal\"><LI><s>2. </s><p>Review the Nebulas Incentive Program (Season 1). We not only try to help developers but also invite other people to join NIP. In the whole ecosystem, developers can be the first part of people to touch, but not all. So perhaps we can<FP char=\"\">\'</FP>t just do DIP testnet program only. It will be very hard to move that program. So what about starting non-tech bounties?</p></LI>\n\n<LI><s>3. </s><p>DIP, Developer Incentive Program, is a native part of on-chain governance. It<FP char=\"\">\'</FP>s automatic. But how to change the parameters? How to let more people feel that they can take part in it and DIP is not built for one person, it<FP char=\"\">\'</FP>s for everyone<FP char=\"\">\'</FP>s future?</p></LI></LIST>\n</r>',NULL,NULL,NULL,NULL,'108.162.246.254',0,1),(352,67,14,'2019-02-15 11:07:55',31,'comment','<r><p><POSTMENTION discussionid=\"67\" displayname=\"Mista-Mist\" id=\"331\" number=\"8\" username=\"Mista-Mist\">@Mista-Mist#331</POSTMENTION> One question. I don<FP char=\"\">\'</FP>t think <FP char=\"\">\"</FP>Tron, Zilliqa, EOS, EThereum, and eventually, all those blockchains will be so busy and used that they will all become autonomous.<FP char=\"\">\"</FP> Some will be autonomous and some will die. And these autonomous systems are different. Some will be better and better, some will be worse and worse. The interesting thing is people cannot build an ecosystem through some rules easily, the ecosystem can only grow by itself. But you should give them some basic rules to draw a direction.</p> </r>',NULL,NULL,NULL,NULL,'108.162.246.254',0,1),(353,71,4,'2019-02-15 11:44:20',31,'comment','<r><p><POSTMENTION discussionid=\"71\" displayname=\"Ruby\" id=\"349\" number=\"3\" username=\"Ruby\">@Ruby#349</POSTMENTION> But there are also many projects use NOVA? COSMOS is not only related to cross-chain.</p></r>',NULL,NULL,NULL,NULL,'108.162.226.26',0,1),(354,71,5,'2019-02-15 14:40:58',151,'comment','<r><p><URL url=\"https://en.wikipedia.org/wiki/List_of_planetary_nebulae\">https://en.wikipedia.org/wiki/List_of_planetary_nebulae</URL></p>\n\n\n<p>Can we take one of those names?</p>\n</r>','2019-02-15 14:41:42',151,'2019-02-15 15:31:30',151,'172.69.10.151',0,1),(355,71,6,'2019-02-15 15:42:30',151,'comment','<r><p>Veil Nebula<br/>\n<URL url=\"https://en.wikipedia.org/wiki/Veil_Nebula\">https://en.wikipedia.org/wiki/Veil_Nebula</URL><br/>\nSoul Nebula<br/>\n<URL url=\"https://en.wikipedia.org/wiki/Westerhout_5\">https://en.wikipedia.org/wiki/Westerhout_5</URL><br/>\nHeart Nebula<br/>\n<URL url=\"https://en.wikipedia.org/wiki/Heart_Nebula\">https://en.wikipedia.org/wiki/Heart_Nebula</URL></p></r>','2019-02-15 15:51:43',151,NULL,NULL,'172.69.10.151',0,1),(356,72,2,'2019-02-16 01:56:49',116,'comment','<t><p>2019:::</p></t>',NULL,NULL,NULL,NULL,'162.158.58.114',0,1),(357,73,1,'2019-02-16 07:34:32',183,'comment','<r><p><STRONG><s>**</s><e>**</e></STRONG><br/>\n1Nebulas Rank<br/>\n2Nebulas Force<br/>\n3Nebulas IncentiveDIPPoD<br/>\nDIP nasnas<br/>\nPoDNASPoDProof-of-DevotionNRNAS<br/>\n    <STRONG><s>**</s>DIP<e>**</e></STRONG> DIP</p>\n\n<p><STRONG><s>**</s><e>**</e></STRONG><br/>\nNRNR<br/>\n<br/>\n<br/>\n<STRONG><s>**</s><e>**</e></STRONG>dapp<br/>\n<STRONG><s>**</s><e>**</e></STRONG>NR<br/>\n<STRONG><s>**</s>1<e>**</e></STRONG>  https://testnet.nebulas.io/claim/ <br/>\n<STRONG><s>**</s>2<e>**</e></STRONG>NAS</p>\n		\n<p>NR10100</p>\n\n\n<p><STRONG><s>**</s><e>**</e></STRONG><STRONG><s>**</s><e>**</e></STRONG><br/>\n4<br/>\nall in. </p>\n\n<p>,<br/>\n<br/>\n</p>\n</r>',NULL,NULL,NULL,NULL,'172.69.23.90',0,1),(358,71,7,'2019-02-16 11:00:33',180,'comment','<r><LIST type=\"decimal\"><LI><s>1. </s>Astral - new era</LI>\n<LI><s>2. </s>Quasar - the paradoxical</LI></LIST></r>','2019-02-16 11:04:02',180,NULL,NULL,'103.22.200.87',0,1),(359,69,9,'2019-02-16 11:13:49',180,'comment','<t><p>SDK<br/>\n4<br/>\n1. - NASNAS/NRC-20<br/>\n2.DApp - DAppDApp<br/>\n3. - NASNRC-20<br/>\n4. - NRC-20</p>\n\n<p>4SDK</p></t>','2019-02-16 11:19:23',180,NULL,NULL,'103.22.200.189',0,1),(360,72,3,'2019-02-17 13:52:12',31,'comment','<r><p><POSTMENTION discussionid=\"72\" displayname=\"chenshiyan\" id=\"356\" number=\"2\" username=\"chenshiyan\">@chenshiyan#356</POSTMENTION> </p></r>',NULL,NULL,NULL,NULL,'162.158.106.39',0,1),(361,73,2,'2019-02-17 13:52:41',31,'comment','<t><p></p></t>',NULL,NULL,NULL,NULL,'162.158.106.39',0,1),(362,71,8,'2019-02-17 13:58:16',31,'comment','<r><p><POSTMENTION discussionid=\"71\" displayname=\"Neber\" id=\"358\" number=\"7\" username=\"Neber\">@Neber#358</POSTMENTION> Has Quasar a center? A black hole. It<FP char=\"\">\'</FP>s not decentralized. And can you explain Astral more? It<FP char=\"\">\'</FP>s interesting.</p></r>',NULL,NULL,NULL,NULL,'162.158.106.207',0,1),(363,74,1,'2019-02-17 17:57:17',184,'comment','<r><p>Hi All,</p>\n\n<p>Please bring ledger nano support this year <E>:)</E> I want to invest more as I love the project but cannot add a big quantity until it can be stored in a cold wallet.</p>\n\n<p>Thank you,<br/>\nAleix</p>\n</r>',NULL,NULL,NULL,NULL,'162.158.158.36',0,1),(364,74,2,'2019-02-17 21:18:55',127,'comment','<r><p>I agree with this. <br/>\nMore and more people want <STRONG><s>**</s>Ledger Hardware Support<e>**</e></STRONG> so it<FP char=\"\">\'</FP>s clearly a important item for Nebulas to support. <br/>\nFor those that don<FP char=\"\">\'</FP>t know, there is a 200NAS($120.00USD) bounty for Hardware Wallet Support (<URL url=\"https://nebulas.io/developers.html\">https://nebulas.io/developers.html</URL>) but to attract a developer(s) with sufficient skill, the bounty must be raised significantly.</p>\n\n</r>',NULL,NULL,NULL,NULL,'172.69.42.19',0,1),(365,71,9,'2019-02-17 21:20:40',127,'comment','<r><p><STRONG><s>**</s>Nebulas Andromeda<e>**</e></STRONG></p></r>',NULL,NULL,NULL,NULL,'172.69.42.19',0,1),(366,71,10,'2019-02-18 04:24:11',180,'comment','<r><p><POSTMENTION discussionid=\"71\" displayname=\"smalloranges\" id=\"362\" number=\"8\" username=\"smalloranges\">@smalloranges#362</POSTMENTION> yep, Quasar is maybe have an center. it<FP char=\"\">\'</FP>s not black hole. it<FP char=\"\">\'</FP>s like nebulas, but it<FP char=\"\">\'</FP>s not nebulas.</p>\n\n<p>Maybe can kill all the stars. And big more</p></r>','2019-02-18 04:27:58',180,NULL,NULL,'103.22.200.183',0,1),(368,71,11,'2019-02-18 04:49:38',180,'comment','<r><p><POSTMENTION discussionid=\"71\" displayname=\"smalloranges\" id=\"362\" number=\"8\" username=\"smalloranges\">@smalloranges#362</POSTMENTION> you can read <FP char=\"\">\"</FP>astral body<FP char=\"\">\"</FP> on the wiki.</p></r>',NULL,NULL,NULL,NULL,'162.158.119.14',0,1);
/*!40000 ALTER TABLE `posts` ENABLE KEYS */;
UNLOCK TABLES;

--
-- Table structure for table `reactions`
--

DROP TABLE IF EXISTS `reactions`;
/*!40101 SET @saved_cs_client     = @@character_set_client */;
/*!40101 SET character_set_client = utf8 */;
CREATE TABLE `reactions` (
  `id` int(10) unsigned NOT NULL AUTO_INCREMENT,
  `identifier` varchar(255) COLLATE utf8mb4_unicode_ci NOT NULL,
  `type` varchar(255) COLLATE utf8mb4_unicode_ci NOT NULL,
  PRIMARY KEY (`id`)
) ENGINE=InnoDB AUTO_INCREMENT=7 DEFAULT CHARSET=utf8mb4 COLLATE=utf8mb4_unicode_ci;
/*!40101 SET character_set_client = @saved_cs_client */;

--
-- Dumping data for table `reactions`
--

LOCK TABLES `reactions` WRITE;
/*!40000 ALTER TABLE `reactions` DISABLE KEYS */;
INSERT INTO `reactions` VALUES (1,'thumbsup','emoji'),(2,'thumbsdown','emoji'),(3,'laughing','emoji'),(4,'confused','emoji'),(5,'heart','emoji'),(6,'tada','emoji');
/*!40000 ALTER TABLE `reactions` ENABLE KEYS */;
UNLOCK TABLES;

--
-- Table structure for table `recipients`
--

DROP TABLE IF EXISTS `recipients`;
/*!40101 SET @saved_cs_client     = @@character_set_client */;
/*!40101 SET character_set_client = utf8 */;
CREATE TABLE `recipients` (
  `id` bigint(20) unsigned NOT NULL AUTO_INCREMENT,
  `discussion_id` int(10) unsigned NOT NULL,
  `user_id` int(10) unsigned DEFAULT NULL,
  `group_id` int(10) unsigned DEFAULT NULL,
  `created_at` timestamp NULL DEFAULT NULL,
  `updated_at` timestamp NULL DEFAULT NULL,
  `removed_at` timestamp NULL DEFAULT NULL,
  PRIMARY KEY (`id`),
  KEY `recipients_discussion_id_foreign` (`discussion_id`),
  KEY `recipients_user_id_foreign` (`user_id`),
  KEY `recipients_group_id_foreign` (`group_id`),
  CONSTRAINT `recipients_discussion_id_foreign` FOREIGN KEY (`discussion_id`) REFERENCES `discussions` (`id`) ON DELETE CASCADE,
  CONSTRAINT `recipients_group_id_foreign` FOREIGN KEY (`group_id`) REFERENCES `groups` (`id`) ON DELETE CASCADE,
  CONSTRAINT `recipients_user_id_foreign` FOREIGN KEY (`user_id`) REFERENCES `users` (`id`) ON DELETE CASCADE
) ENGINE=InnoDB DEFAULT CHARSET=utf8mb4 COLLATE=utf8mb4_unicode_ci;
/*!40101 SET character_set_client = @saved_cs_client */;

--
-- Dumping data for table `recipients`
--

LOCK TABLES `recipients` WRITE;
/*!40000 ALTER TABLE `recipients` DISABLE KEYS */;
/*!40000 ALTER TABLE `recipients` ENABLE KEYS */;
UNLOCK TABLES;

--
-- Table structure for table `registration_tokens`
--

DROP TABLE IF EXISTS `registration_tokens`;
/*!40101 SET @saved_cs_client     = @@character_set_client */;
/*!40101 SET character_set_client = utf8 */;
CREATE TABLE `registration_tokens` (
  `token` varchar(100) COLLATE utf8mb4_unicode_ci NOT NULL,
  `payload` text COLLATE utf8mb4_unicode_ci,
  `created_at` datetime DEFAULT NULL,
  `provider` varchar(255) COLLATE utf8mb4_unicode_ci NOT NULL,
  `identifier` varchar(255) COLLATE utf8mb4_unicode_ci NOT NULL,
  `user_attributes` text COLLATE utf8mb4_unicode_ci,
  PRIMARY KEY (`token`)
) ENGINE=InnoDB DEFAULT CHARSET=utf8mb4 COLLATE=utf8mb4_unicode_ci;
/*!40101 SET character_set_client = @saved_cs_client */;

--
-- Dumping data for table `registration_tokens`
--

LOCK TABLES `registration_tokens` WRITE;
/*!40000 ALTER TABLE `registration_tokens` DISABLE KEYS */;
/*!40000 ALTER TABLE `registration_tokens` ENABLE KEYS */;
UNLOCK TABLES;

--
-- Table structure for table `settings`
--

DROP TABLE IF EXISTS `settings`;
/*!40101 SET @saved_cs_client     = @@character_set_client */;
/*!40101 SET character_set_client = utf8 */;
CREATE TABLE `settings` (
  `key` varchar(100) COLLATE utf8mb4_unicode_ci NOT NULL,
  `value` text COLLATE utf8mb4_unicode_ci,
  PRIMARY KEY (`key`)
) ENGINE=InnoDB DEFAULT CHARSET=utf8mb4 COLLATE=utf8mb4_unicode_ci;
/*!40101 SET character_set_client = @saved_cs_client */;

--
-- Dumping data for table `settings`
--

LOCK TABLES `settings` WRITE;
/*!40000 ALTER TABLE `settings` DISABLE KEYS */;
INSERT INTO `settings` VALUES ('allow_post_editing','reply'),('allow_renaming','10'),('allow_sign_up','1'),('custom_footer',''),('custom_header',''),('custom_less','.Hero-subtitle-homepage \n{\ntext-align:left;\n}'),('default_locale','en'),('default_route','/all'),('extensions_enabled','[\"flarum-approval\",\"flarum-bbcode\",\"flarum-emoji\",\"flarum-lang-english\",\"flarum-flags\",\"flarum-likes\",\"flarum-lock\",\"flarum-markdown\",\"flarum-mentions\",\"flarum-statistics\",\"flarum-sticky\",\"flarum-subscriptions\",\"flarum-suspend\",\"flarum-tags\",\"jsthon-simplified-chinese\",\"hyn-default-group\",\"reflar-user-management\",\"s9e-autoimage\",\"s9e-autovideo\",\"flagrow-upload\",\"fof-pages\",\"flagrow-masquerade\",\"fof-formatting\",\"fof-links\",\"fof-spamblock\",\"avatar4eg-geotags\",\"fajuu-contactbutton\",\"flarum-auth-github\"]'),('fajuu-contactbutton.adress','contact@nebulas.io'),('fajuu-contactbutton.buttoname',''),('fajuu-contactbutton.icon',''),('fajuu-contactbutton.newtab','1'),('favicon_path','favicon-0lcaxf8e.png'),('flagrow.upload.addsWatermarks','0'),('flagrow.upload.disableDownloadLogging','0'),('flagrow.upload.disableHotlinkProtection','0'),('flagrow.upload.maxFileSize','204800'),('flagrow.upload.mimeTypes','{\"^image\\\\/.*\":{\"adapter\":\"local\",\"template\":\"image-preview\"}}'),('flagrow.upload.mustResize','1'),('flagrow.upload.overrideAvatarUpload','0'),('flagrow.upload.resizeMaxWidth','2500'),('flarum-auth-facebook.app_id','378475056034325'),('flarum-auth-facebook.app_secret','bcf7ec1fdf2f36375dc6404780680764'),('flarum-auth-github.client_id','414708ba8eb4bf3eb7bd '),('flarum-auth-github.client_secret','a355489f6cd9c3a947fa70d3aae2615c6285c377'),('flarum-auth-twitter.api_key','xvz1evFS4wEEPTGEFPHBog'),('flarum-auth-twitter.api_secret','L8qq9PZyRg6ieKGEKhZolGC0vJWLw8iEJ88DRdyOg'),('flarum-tags.max_primary_tags','10'),('flarum-tags.max_secondary_tags','10'),('flarum-tags.min_primary_tags','1'),('flarum-tags.min_secondary_tags','0'),('fof-default-group.group','3'),('fof-formatting.plugin.autoimage','1'),('fof-formatting.plugin.autovideo','1'),('fof-formatting.plugin.fancypants','1'),('fof-formatting.plugin.htmlentities',''),('fof-formatting.plugin.mediaembed',''),('fof-formatting.plugin.pipetables',''),('forum_description','Nebulas is autonomous metanet, a next generation public blockchain, The future of collaboration is coming.'),('forum_title','Nebulas Community'),('logo_path','logo-4jrowkwj.png'),('mail_driver','smtp'),('mail_encryption','SSL'),('mail_from','nebulasioforum@gmail.com'),('mail_host','smtp.gmail.com'),('mail_password','zdmehapglbdbedog'),('mail_port','465'),('mail_username','nebulasioforum@gmail.com'),('show_language_selector','1'),('theme_colored_header','0'),('theme_dark_mode','0'),('theme_primary_color','#3051F2'),('theme_secondary_color','#2A88FF'),('version','0.1.0-beta.8.1'),('welcome_message','<div class=\"Hero-subtitle-homepage\">Nebulas  Autonomous Metanet  The Future of Collaboration. <br/>\nWelcome to Nebulas Community. You can ask questions, share resources and discuss how to improve Nebulas Ecosystem with others.<br/>\nGet to know your fellow community members and <a href=\"https://community.nebulas.io/t/introduce-yourself\">introduce yourself</a>.</div>'),('welcome_title','Welcome to Nebulas Community');
/*!40000 ALTER TABLE `settings` ENABLE KEYS */;
UNLOCK TABLES;

--
-- Table structure for table `strikes`
--

DROP TABLE IF EXISTS `strikes`;
/*!40101 SET @saved_cs_client     = @@character_set_client */;
/*!40101 SET character_set_client = utf8 */;
CREATE TABLE `strikes` (
  `id` int(10) unsigned NOT NULL AUTO_INCREMENT,
  `user_id` int(11) NOT NULL,
  `post_id` int(11) NOT NULL,
  `actor_id` int(11) NOT NULL,
  `reason` varchar(255) COLLATE utf8mb4_unicode_ci NOT NULL,
  `post_content` varchar(255) COLLATE utf8mb4_unicode_ci NOT NULL,
  `time` datetime NOT NULL,
  `discussion_id` int(11) NOT NULL,
  PRIMARY KEY (`id`)
) ENGINE=InnoDB DEFAULT CHARSET=utf8mb4 COLLATE=utf8mb4_unicode_ci;
/*!40101 SET character_set_client = @saved_cs_client */;

--
-- Dumping data for table `strikes`
--

LOCK TABLES `strikes` WRITE;
/*!40000 ALTER TABLE `strikes` DISABLE KEYS */;
/*!40000 ALTER TABLE `strikes` ENABLE KEYS */;
UNLOCK TABLES;

--
-- Table structure for table `tag_user`
--

DROP TABLE IF EXISTS `tag_user`;
/*!40101 SET @saved_cs_client     = @@character_set_client */;
/*!40101 SET character_set_client = utf8 */;
CREATE TABLE `tag_user` (
  `user_id` int(10) unsigned NOT NULL,
  `tag_id` int(10) unsigned NOT NULL,
  `marked_as_read_at` datetime DEFAULT NULL,
  `is_hidden` tinyint(1) NOT NULL DEFAULT '0',
  PRIMARY KEY (`user_id`,`tag_id`),
  KEY `tag_user_tag_id_foreign` (`tag_id`),
  CONSTRAINT `tag_user_tag_id_foreign` FOREIGN KEY (`tag_id`) REFERENCES `tags` (`id`) ON DELETE CASCADE,
  CONSTRAINT `tag_user_user_id_foreign` FOREIGN KEY (`user_id`) REFERENCES `users` (`id`) ON DELETE CASCADE
) ENGINE=InnoDB DEFAULT CHARSET=utf8mb4 COLLATE=utf8mb4_unicode_ci;
/*!40101 SET character_set_client = @saved_cs_client */;

--
-- Dumping data for table `tag_user`
--

LOCK TABLES `tag_user` WRITE;
/*!40000 ALTER TABLE `tag_user` DISABLE KEYS */;
/*!40000 ALTER TABLE `tag_user` ENABLE KEYS */;
UNLOCK TABLES;

--
-- Table structure for table `tags`
--

DROP TABLE IF EXISTS `tags`;
/*!40101 SET @saved_cs_client     = @@character_set_client */;
/*!40101 SET character_set_client = utf8 */;
CREATE TABLE `tags` (
  `id` int(10) unsigned NOT NULL AUTO_INCREMENT,
  `name` varchar(100) COLLATE utf8mb4_unicode_ci NOT NULL,
  `slug` varchar(100) COLLATE utf8mb4_unicode_ci NOT NULL,
  `description` text COLLATE utf8mb4_unicode_ci,
  `color` varchar(50) COLLATE utf8mb4_unicode_ci DEFAULT NULL,
  `background_path` varchar(100) COLLATE utf8mb4_unicode_ci DEFAULT NULL,
  `background_mode` varchar(100) COLLATE utf8mb4_unicode_ci DEFAULT NULL,
  `position` int(11) DEFAULT NULL,
  `parent_id` int(10) unsigned DEFAULT NULL,
  `default_sort` varchar(50) COLLATE utf8mb4_unicode_ci DEFAULT NULL,
  `is_restricted` tinyint(1) NOT NULL DEFAULT '0',
  `is_hidden` tinyint(1) NOT NULL DEFAULT '0',
  `discussion_count` int(10) unsigned NOT NULL DEFAULT '0',
  `last_posted_at` datetime DEFAULT NULL,
  `last_posted_discussion_id` int(10) unsigned DEFAULT NULL,
  `last_posted_user_id` int(10) unsigned DEFAULT NULL,
  PRIMARY KEY (`id`),
  UNIQUE KEY `tags_slug_unique` (`slug`),
  KEY `tags_parent_id_foreign` (`parent_id`),
  KEY `tags_last_posted_user_id_foreign` (`last_posted_user_id`),
  KEY `tags_last_posted_discussion_id_foreign` (`last_posted_discussion_id`),
  CONSTRAINT `tags_last_posted_discussion_id_foreign` FOREIGN KEY (`last_posted_discussion_id`) REFERENCES `discussions` (`id`) ON DELETE SET NULL,
  CONSTRAINT `tags_last_posted_user_id_foreign` FOREIGN KEY (`last_posted_user_id`) REFERENCES `users` (`id`) ON DELETE SET NULL,
  CONSTRAINT `tags_parent_id_foreign` FOREIGN KEY (`parent_id`) REFERENCES `tags` (`id`) ON DELETE SET NULL
) ENGINE=InnoDB AUTO_INCREMENT=29 DEFAULT CHARSET=utf8mb4 COLLATE=utf8mb4_unicode_ci;
/*!40101 SET character_set_client = @saved_cs_client */;

--
-- Dumping data for table `tags`
--

LOCK TABLES `tags` WRITE;
/*!40000 ALTER TABLE `tags` DISABLE KEYS */;
INSERT INTO `tags` VALUES (1,'News & Announcements','news-announcements','Important announcements, weekly reports, and all news about Nebulas.','#3051F2',NULL,NULL,2,NULL,NULL,0,0,13,'2019-02-14 18:44:10',70,152),(2,'Research & Develop','research-develop','For developers and anyone interested in the core technology of Nebulas.','#00D78D',NULL,NULL,4,NULL,NULL,0,0,19,'2019-02-17 17:57:17',74,184),(3,'Technical Supports','technical-supports','If you have any technical problems and want to submit issues, you can discuss them here.','#ff6969',NULL,NULL,5,NULL,NULL,0,0,4,'2019-02-14 18:44:10',70,152),(4,'Beginners','beginners','The place for the new one. You can ask questions and find beginners\' guides here.','#7733ff',NULL,NULL,1,NULL,NULL,0,0,10,'2019-02-13 04:47:34',68,31),(5,'Forum Feedback','forum-feedback','Feedback for this forum. Bugs, design and etc. Welcome to build the forum with others.','#333',NULL,NULL,9,NULL,NULL,0,0,5,'2019-01-30 09:58:03',59,31),(6,'Off-topic','off-topic','Discuss topics don\'t fit any other categories.','#b2b2b2',NULL,NULL,8,NULL,NULL,0,0,3,'2019-01-10 03:19:55',3,37),(7,'Introduce Yourself','introduce-yourself','Post for the first time! Introduce yourself and make friends!','#F50AA6',NULL,NULL,0,4,NULL,0,0,13,'2019-01-20 02:54:09',45,64),(8,'Announcements','announcements','All important announcements','#8fe1f5',NULL,NULL,0,1,NULL,0,0,2,'2019-01-31 07:16:30',62,64),(9,'Bi-weekly Community Report','bi-weekly-community-report','','#405a93',NULL,NULL,2,1,NULL,0,0,0,NULL,NULL,NULL),(10,'Bi-weekly Dev Report','bi-weekly-dev-report','','#4560E6',NULL,NULL,1,1,NULL,0,0,1,'2019-01-17 09:31:51',43,31),(11,'Meetups','meetups','News for official meetups. And also welcome to organize meetups in your city.','#FFB03A',NULL,NULL,3,NULL,NULL,0,0,3,'2019-01-30 10:00:30',61,36),(12,'Meta','meta','Discuss how to improve Nebulas community. Your ideas and suggestions.','#14BDCC',NULL,NULL,6,NULL,NULL,0,0,7,'2019-02-18 04:24:11',71,180),(13,'Education','education','Tech documents and guides for everyone.','#405a93',NULL,NULL,7,NULL,NULL,0,0,5,'2019-01-18 04:36:16',33,152),(14,'Technical Committee Monthly Report','technical-committee-monthly-report','General update.','#ec4e27',NULL,NULL,3,1,NULL,0,0,0,NULL,NULL,NULL),(15,'','chinese','','#ec4e27',NULL,NULL,0,NULL,NULL,0,0,18,'2019-02-18 04:41:17',NULL,60),(16,'','news-chinese','','#3051F2',NULL,NULL,1,15,NULL,0,0,3,'2019-02-16 01:56:49',72,116),(17,'','research-dev-chinese','','#00D78D',NULL,NULL,3,15,NULL,0,0,2,'2019-02-14 08:21:32',69,35),(18,'','tech-supports-chinese','Bug','#ff6969',NULL,NULL,4,15,NULL,0,0,1,'2019-01-17 09:10:20',41,31),(19,'','off-topic-chinese','','#b2b2b2',NULL,NULL,8,15,NULL,0,0,2,'2019-01-26 03:26:42',50,168),(20,'','feedback-chinese','','#333',NULL,NULL,7,15,NULL,0,0,1,'2019-02-18 04:41:17',NULL,60),(21,'','resources-chinese','','#405a93',NULL,NULL,6,15,NULL,0,0,0,NULL,NULL,NULL),(22,'','community-buiding-chinese','','#14BDCC',NULL,NULL,5,15,NULL,0,0,1,'2019-01-17 09:21:49',42,31),(23,'','introduce-yourself-chinese','','#F50AA6',NULL,NULL,0,15,NULL,0,0,0,NULL,NULL,NULL),(24,'','meetups-chinese','','#FFB03A',NULL,NULL,2,15,NULL,0,0,4,'2019-02-06 15:18:43',65,112),(25,'DApp','dapp','All about developing a DApp on Nebulas.','',NULL,NULL,1,2,NULL,0,0,1,'2019-01-17 08:14:21',38,31),(26,'AMA','ama','Meet various ways such as off-line and on-line.','#FFB03A',NULL,NULL,0,11,NULL,0,0,1,'2019-01-22 23:21:29',20,152),(27,'submit an issues','submit-an-issues','If you find bugs for this forum, please tell us.','#666',NULL,NULL,0,5,NULL,0,0,0,NULL,NULL,NULL),(28,'DIP','dip','Developer Incentive Protocol. Provide native on-chain incentive for developers. Released on Dec 31, 2018 (Nebulas NOVA).','#AB2FFF',NULL,NULL,0,2,NULL,0,0,6,'2019-01-29 11:15:52',55,109);
/*!40000 ALTER TABLE `tags` ENABLE KEYS */;
UNLOCK TABLES;

--
-- Table structure for table `users`
--

DROP TABLE IF EXISTS `users`;
/*!40101 SET @saved_cs_client     = @@character_set_client */;
/*!40101 SET character_set_client = utf8 */;
CREATE TABLE `users` (
  `id` int(10) unsigned NOT NULL AUTO_INCREMENT,
  `username` varchar(100) COLLATE utf8mb4_unicode_ci NOT NULL,
  `email` varchar(150) COLLATE utf8mb4_unicode_ci NOT NULL,
  `is_email_confirmed` tinyint(1) NOT NULL DEFAULT '0',
  `password` varchar(100) COLLATE utf8mb4_unicode_ci NOT NULL,
  `bio` text COLLATE utf8mb4_unicode_ci,
  `avatar_url` varchar(100) COLLATE utf8mb4_unicode_ci DEFAULT NULL,
  `preferences` blob,
  `joined_at` datetime DEFAULT NULL,
  `last_seen_at` datetime DEFAULT NULL,
  `marked_all_as_read_at` datetime DEFAULT NULL,
  `read_notifications_at` datetime DEFAULT NULL,
  `discussion_count` int(10) unsigned NOT NULL DEFAULT '0',
  `comment_count` int(10) unsigned NOT NULL DEFAULT '0',
  `read_flags_at` datetime DEFAULT NULL,
  `suspended_until` datetime DEFAULT NULL,
  `gender` varchar(255) COLLATE utf8mb4_unicode_ci NOT NULL,
  `age` int(11) NOT NULL,
  `strikes` int(11) NOT NULL,
  PRIMARY KEY (`id`),
  UNIQUE KEY `users_username_unique` (`username`),
  UNIQUE KEY `users_email_unique` (`email`),
  KEY `users_joined_at_index` (`joined_at`),
  KEY `users_last_seen_at_index` (`last_seen_at`),
  KEY `users_discussion_count_index` (`discussion_count`),
  KEY `users_comment_count_index` (`comment_count`)
) ENGINE=InnoDB AUTO_INCREMENT=185 DEFAULT CHARSET=utf8mb4 COLLATE=utf8mb4_unicode_ci;
/*!40101 SET character_set_client = @saved_cs_client */;

--
-- Dumping data for table `users`
--

LOCK TABLES `users` WRITE;
/*!40000 ALTER TABLE `users` DISABLE KEYS */;
INSERT INTO `users` VALUES (1,'ecosys','liang.li@nebulas.io',1,'$2y$10$wzRQ6fZOwwcBLgcUfwj0p.g6P0bh6/ok7z0OxdWm28CgGlI7/29ay',NULL,'Vz5JwcqRIHB9UxPi.png',_binary '{\"notify_discussionRenamed_alert\":true,\"notify_postLiked_alert\":true,\"notify_discussionLocked_alert\":true,\"notify_postMentioned_alert\":true,\"notify_postMentioned_email\":true,\"notify_userMentioned_alert\":true,\"notify_userMentioned_email\":true,\"notify_newPost_alert\":true,\"notify_newPost_email\":true,\"notify_userSuspended_alert\":true,\"notify_userUnsuspended_alert\":true,\"followAfterReply\":false,\"discloseOnline\":true,\"indexProfile\":true,\"locale\":\"en\"}','2018-12-29 11:58:34','2019-01-17 03:00:42','2019-01-07 10:54:38','2019-01-15 09:12:13',1,3,'2019-01-07 11:07:31',NULL,'',0,0),(2,'test001','test@163.com',0,'$2y$10$2QYxKr404.Yll7o6oEtcZewcXnXP21J9qVIIJi59SghSdsomw.iQ.',NULL,NULL,NULL,'2018-12-29 12:19:33',NULL,NULL,NULL,0,0,NULL,NULL,'',0,0),(3,'test01','test01@163.com',0,'$2y$10$hcqPCDQtAkb/UpNhEFZAsunuS71Bs/wZoetf5.DXbPxmyR1pBIg9q',NULL,NULL,NULL,'2018-12-29 12:20:17','2018-12-29 16:24:41',NULL,NULL,0,0,NULL,NULL,'',0,0),(4,'asdf1234','rwdxll@163.com',0,'$2y$10$ngUS/dWrx8MeWniegrcUUucPqh1d22agpYK5UktXBXOD3YlIK40iC',NULL,NULL,NULL,'2018-12-29 12:20:51',NULL,NULL,NULL,0,0,NULL,NULL,'',0,0),(5,'rwdxll','rwdxlafafal@163.com',0,'$2y$10$9bMkbyWRtiAUpFjet8HmFO3cN6echIO2Xl2NEYgLmd/VVp/wZZr6a',NULL,NULL,NULL,'2018-12-29 12:22:01','2018-12-29 12:23:06',NULL,NULL,0,0,NULL,NULL,'',0,0),(6,'test002','test002@163.com',0,'$2y$10$wCXQlVo6V1UE.FF2/7vl9eG0Q6iMZHyLesa2blQufBNaqY4osPWIW',NULL,NULL,NULL,'2018-12-29 12:22:28',NULL,NULL,NULL,0,0,NULL,NULL,'',0,0),(7,'test03','test03@163.com',0,'$2y$10$ECePpHcHHhw6H.fFYP31teKkX/ijlHoURlfJ8zeICj5plT1wXl1ZC',NULL,NULL,NULL,'2018-12-29 12:23:40','2018-12-29 12:24:23',NULL,NULL,0,0,NULL,NULL,'',0,0),(8,'NoBeginning','xucun.yang@nebulas.io',1,'$2y$10$Fs/GI4x1WjbGM97KOqieAe5OdQw3.PCXUubyKMpPYDlcfhzzoNEaC',NULL,NULL,_binary '{\"notify_discussionRenamed_alert\":true,\"notify_postLiked_alert\":true,\"notify_discussionLocked_alert\":true,\"notify_postMentioned_alert\":true,\"notify_postMentioned_email\":false,\"notify_userMentioned_alert\":true,\"notify_userMentioned_email\":false,\"notify_newPost_alert\":true,\"notify_newPost_email\":true,\"notify_userSuspended_alert\":true,\"notify_userUnsuspended_alert\":true,\"followAfterReply\":false,\"discloseOnline\":true,\"indexProfile\":true,\"locale\":\"zh\"}','2018-12-29 12:24:44','2019-01-30 09:46:46',NULL,NULL,0,0,NULL,NULL,'',0,0),(9,'rwdxll1111','rwdxll1111@163.com',0,'$2y$10$XQlAZVWWYxc5sqGIdePdw.THzZI3QgDr7ZPRFpqkAW3XwhuH6.JJi',NULL,NULL,NULL,'2018-12-29 12:44:09',NULL,NULL,NULL,0,0,NULL,NULL,'',0,0),(10,'rwdxll1232131','rwdxll12@126.com',0,'$2y$10$fw/GXw2BlvKpnNT5qy8yhOvBHibKvJ7NSzXUzf2X0BPrB1rqmIW4.',NULL,NULL,NULL,'2018-12-29 13:16:44',NULL,NULL,NULL,0,0,NULL,NULL,'',0,0),(11,'root123','root124@163.com',0,'$2y$10$3W4cKTNZkw.4tWiDBBQAGe5o3X1DpbCT.brNOoEyFCvV4y7P1hsUS',NULL,NULL,NULL,'2018-12-29 13:19:22',NULL,NULL,NULL,0,0,NULL,NULL,'',0,0),(12,'test005','test004@163.com',0,'$2y$10$4otIzYGWjfr2NFQ3nYj.v.c8FQGzM6uvkgvMspJhOzNXkX9EvmhSi',NULL,NULL,NULL,'2018-12-29 13:28:51',NULL,NULL,NULL,0,0,NULL,NULL,'',0,0),(13,'ooqruqoruqor','ljlafjalfjal@163.com',0,'$2y$10$YBcRMOXnNhJ7g9r2vvwyy.3MYtIz/s0rGKVYZaQmqBmDJce29mn5a',NULL,NULL,NULL,'2018-12-29 13:36:41',NULL,NULL,NULL,0,0,NULL,NULL,'',0,0),(14,'ooqruqoruqor1','ljlafjalfj1al@163.com',0,'$2y$10$i57FtzBWkX5NggIv.tcUAOptYEywqUJtCkoERhR282f2QXhm8yPlu',NULL,NULL,NULL,'2018-12-29 13:39:00',NULL,NULL,NULL,0,0,NULL,NULL,'',0,0),(15,'ecosys1','ecosys1@163.com',0,'$2y$10$x0SHCkax87VvT7mwyaB6t.Zhj/Rosby9fzgNT0k9tcX7itEWvH74G',NULL,NULL,NULL,'2018-12-29 14:41:45',NULL,NULL,NULL,0,0,NULL,NULL,'',0,0),(16,'ecosys2','ecosys2@163.com',0,'$2y$10$FFQDJ7lM0vyWy5uUR.dfQeY3SHJUCqIo69AjgzhZJ/H50WZVtkk2y',NULL,NULL,NULL,'2018-12-29 14:42:19',NULL,NULL,NULL,0,0,NULL,NULL,'',0,0),(17,'Neal','neaal.wen@nebulas.io',1,'$2y$10$XeVtFIjR6r1rwzo4aSb62OEH.9s47lmzhaKloeZ11N3scnnDNBY1G',NULL,'nMC1qSXoOGmzSv4P.png',_binary '{\"notify_discussionRenamed_alert\":true,\"notify_postLiked_alert\":true,\"notify_discussionLocked_alert\":true,\"notify_postMentioned_alert\":true,\"notify_postMentioned_email\":false,\"notify_userMentioned_alert\":true,\"notify_userMentioned_email\":false,\"notify_newPost_alert\":true,\"notify_newPost_email\":true,\"notify_userSuspended_alert\":true,\"notify_userUnsuspended_alert\":true,\"followAfterReply\":false,\"discloseOnline\":true,\"indexProfile\":true,\"locale\":\"en\"}','2018-12-29 16:18:00','2019-02-18 04:42:30',NULL,'2019-01-10 13:07:31',1,6,NULL,NULL,'',0,0),(18,'Zhuoerwang','zhuoerwang@gmail.com',0,'$2y$10$65qvKHnuISJZ36PlM9LMKueIhriSn1WjuN33kbDNNHGYPkn/k3AFW',NULL,NULL,NULL,'2018-12-29 16:20:33','2018-12-29 16:26:30',NULL,NULL,0,0,NULL,NULL,'',0,0),(19,'ecosys4556','community@nebulas.io',0,'$2y$10$vDoYxIZsBE8OALGXeZvBLuvu7WKyIjRTwg1pPxNHf7yYGdJ2ulVy.',NULL,NULL,NULL,'2019-01-02 02:46:24',NULL,NULL,NULL,0,0,NULL,NULL,'',0,0),(20,'ecosys11111','liang.lssi@nebulas.io',0,'$2y$10$NjiBU611tsm53os8jpSJ6.wV85NwOnYTbf3jexjUL1ZAAyhFN.GMe',NULL,NULL,NULL,'2019-01-02 03:03:04',NULL,NULL,NULL,0,0,NULL,NULL,'',0,0),(21,'ecosys11111111','liang.11lssi@nebulas.io',0,'$2y$10$f5a8bXuyIt2nQY./coiEIeN1B.acYFUD1OPl8/TgSL5vH9qvFM5p.',NULL,NULL,NULL,'2019-01-02 03:03:16',NULL,NULL,NULL,0,0,NULL,NULL,'',0,0),(22,'ecosys11111111qq','lianqqg.11lssi@nebulas.io',0,'$2y$10$GsSkjg6BM8Nhq.7PjDIDEOdSL4b/2xuVfYG1EvF33CT70pbdPntly',NULL,NULL,NULL,'2019-01-02 03:03:29',NULL,NULL,NULL,0,0,NULL,NULL,'',0,0),(23,'ecosys11111111qqwww','lianqqg.1www1lssi@nebulas.io',0,'$2y$10$Vgg3z/Q3boTiXqNnkBlRkuzlW8wU0mPutPpmHfhDXxgdylg5lDATm',NULL,NULL,NULL,'2019-01-02 03:05:21',NULL,NULL,NULL,0,0,NULL,NULL,'',0,0),(24,'ecosys11111111qqwssww','lianqqssg.1www1lssi@nebulas.io',0,'$2y$10$OF1AuouH9Le6qHcXrSeTuOOAtIQOtvQZY1KHD0o3cWYwRRulx.NNS',NULL,NULL,NULL,'2019-01-02 03:10:54',NULL,NULL,NULL,0,0,NULL,NULL,'',0,0),(25,'ecosys1111111ss1qqwssww','lianqqssg.ss1www1lssi@nebulas.io',0,'$2y$10$/CcwlVa/IzlPmX4R.T0tJuYhKlOSsDaAzYwiKp3wvQ7pVI2vqM7xe',NULL,NULL,NULL,'2019-01-02 03:26:27',NULL,NULL,NULL,0,0,NULL,NULL,'',0,0),(26,'ecosys111111s1ss1qqwssww','lianqqssg.ss1wsww1lssi@nebulas.io',0,'$2y$10$LLC7TSWZAGIhquVk8e1MM.cGPBkf9dcemUw6/nsA2mBAJLn7x.A3u',NULL,NULL,NULL,'2019-01-02 03:26:50',NULL,NULL,NULL,0,0,NULL,NULL,'',0,0),(27,'ecosys1111ss11s1ss1qqwssww','lianqqssg.ssss1wsww1lssi@nebulas.io',0,'$2y$10$XSqFkwDWyU6FU20W8t9zBuPb/BNlXHi5/q/myd6lWIaJmQebaz/pC',NULL,NULL,NULL,'2019-01-02 03:27:50',NULL,NULL,NULL,0,0,NULL,NULL,'',0,0),(28,'ecossys1111ss11s1ss1qqwssww','lianqqssg.sssss1wsww1lssi@nebulas.io',0,'$2y$10$cEl23MTqnuD2vKtp94gAo.dJrpFpLPL1vNkMBJ4uIpsgV6cUixPIm',NULL,NULL,NULL,'2019-01-02 03:28:32',NULL,NULL,NULL,0,0,NULL,NULL,'',0,0),(29,'ecossys111s1ss11s1ss1qqwssww','lianqqssg.ssssss1wsww1lssi@nebulas.io',0,'$2y$10$hOv.OX8n9TSuW6HYXglEE.Kckl6iL3d.BKTYfc8DMVjBvtyQM291O',NULL,NULL,NULL,'2019-01-02 03:29:12','2019-01-02 03:29:36',NULL,NULL,0,0,NULL,NULL,'',0,0),(30,'ecosys1111','1064034380@qq.com',1,'$2y$10$OPG1sTK6sUaPFeMLvMGQuuP.Q1S69cA668RKpEJGdZIaiYyxT38De',NULL,NULL,NULL,'2019-01-02 03:33:07','2019-01-02 05:25:09',NULL,NULL,0,0,NULL,NULL,'',0,0),(31,'smalloranges','smalloranges.lee@gmail.com',1,'$2y$10$9j/ooSkoTaKazqlAxQWx7etc/DU.K6J5jQeUcjxblDf1cDjZb37HS',NULL,'GFuZWIZJSprxCEXD.png',_binary '{\"notify_discussionRenamed_alert\":true,\"notify_postLiked_alert\":true,\"notify_discussionLocked_alert\":true,\"notify_postMentioned_alert\":true,\"notify_postMentioned_email\":true,\"notify_userMentioned_alert\":true,\"notify_userMentioned_email\":true,\"notify_newPost_alert\":true,\"notify_newPost_email\":true,\"notify_userSuspended_alert\":true,\"notify_userUnsuspended_alert\":true,\"followAfterReply\":false,\"discloseOnline\":true,\"indexProfile\":true,\"locale\":\"en\"}','2019-01-02 05:17:47','2019-02-18 04:33:51',NULL,'2019-02-15 12:07:24',25,69,'2019-01-03 07:34:10',NULL,'',0,0),(32,'testeam','liliang880504@gmail.com',1,'$2y$10$ecpr2SlHfJmzNoWBT7X7UOQ/EoOac1qGrdYboS.ZRanOwS5NbDSF.',NULL,NULL,NULL,'2019-01-02 06:05:35','2019-01-02 11:21:08',NULL,NULL,0,0,NULL,NULL,'',0,0),(33,'larry','larry@nebulas.io',1,'$2y$10$8Zyd.4BrdktDIpux1b2y7.YIrq8.wKMbFuWDN2ULDty3y4ihM3AiW',NULL,'WbRgL52pMpyB5blo.png',NULL,'2019-01-02 06:28:01','2019-02-14 08:32:20','2019-01-02 12:52:12','2019-02-14 05:51:42',1,7,NULL,NULL,'',0,0),(34,'Matics','cszhangjinbo@gmail.com',1,'$2y$10$w3KZQ3CcnqKEx7o0yeR7sO3FCcOja3df2dvIxGolm74CBZhCBat0W',NULL,NULL,NULL,'2019-01-02 06:28:24','2019-02-14 08:28:07','2019-01-02 13:01:26','2019-01-30 07:51:44',1,4,NULL,NULL,'',0,0),(35,'chmwang','chenmin.wang@nebulas.io',1,'$2y$10$4JtOX/tCxvuyQxA9dqRGre3s8WEU1brIjCh5FfhgNhSNZmnPKALnO',NULL,'QNZRJ36mtDRwfUCX.png',_binary '{\"notify_discussionRenamed_alert\":true,\"notify_postLiked_alert\":true,\"notify_discussionLocked_alert\":true,\"notify_postMentioned_alert\":true,\"notify_postMentioned_email\":false,\"notify_userMentioned_alert\":true,\"notify_userMentioned_email\":false,\"notify_newPost_alert\":true,\"notify_newPost_email\":true,\"notify_userSuspended_alert\":true,\"notify_userUnsuspended_alert\":true,\"followAfterReply\":false,\"discloseOnline\":true,\"indexProfile\":true,\"locale\":null}','2019-01-02 06:28:26','2019-02-18 03:44:29','2019-01-02 12:46:09','2019-02-14 08:21:03',1,2,NULL,NULL,'',0,0),(36,'xixiu','xixiu.zheng@nebulas.io',1,'$2y$10$7F8steXy/srCbHuDg7HlD.xdoKUwrTxeXzqABbt0/4dbJa/4U0tn.',NULL,'n06iYB50sCWN4T9u.png',_binary '{\"notify_discussionRenamed_alert\":true,\"notify_postLiked_alert\":true,\"notify_discussionLocked_alert\":true,\"notify_postMentioned_alert\":true,\"notify_postMentioned_email\":true,\"notify_userMentioned_alert\":true,\"notify_userMentioned_email\":true,\"notify_newPost_alert\":true,\"notify_newPost_email\":true,\"notify_userSuspended_alert\":true,\"notify_userUnsuspended_alert\":true,\"followAfterReply\":true,\"discloseOnline\":true,\"indexProfile\":true,\"locale\":null}','2019-01-02 06:28:34','2019-01-30 10:07:20',NULL,'2019-01-15 04:59:37',7,29,NULL,NULL,'',0,0),(37,'Xuepeng','arthur@nebulas.io',1,'$2y$10$GxrybOVjp7ZaSVoY4.G4KuQOHgjUnXJ670i3q29FAGeiApejTwMFm',NULL,'BIrNIU7KB4u5MDsv.png',_binary '{\"notify_discussionRenamed_alert\":true,\"notify_postLiked_alert\":true,\"notify_discussionLocked_alert\":true,\"notify_postMentioned_alert\":true,\"notify_postMentioned_email\":false,\"notify_userMentioned_alert\":true,\"notify_userMentioned_email\":false,\"notify_newPost_alert\":true,\"notify_newPost_email\":true,\"notify_userSuspended_alert\":true,\"notify_userUnsuspended_alert\":true,\"followAfterReply\":true,\"discloseOnline\":true,\"indexProfile\":true,\"locale\":\"en\"}','2019-01-02 06:28:57','2019-02-18 02:39:54','2019-01-02 07:18:00','2019-01-29 05:41:32',0,29,'2019-01-11 04:45:35',NULL,'',0,0),(38,'yuzhou','ryan.yu@nebulas.io',0,'$2y$10$imyKPwEaSsqlvi7d5NPK9.jIF5fmJKALpuyrIBeIKF79UoSU3ZdNW',NULL,'s9S2GOwzgfUW0tVa.png',_binary '{\"notify_discussionRenamed_alert\":true,\"notify_postLiked_alert\":true,\"notify_discussionLocked_alert\":true,\"notify_postMentioned_alert\":true,\"notify_postMentioned_email\":false,\"notify_userMentioned_alert\":true,\"notify_userMentioned_email\":false,\"notify_newPost_alert\":true,\"notify_newPost_email\":true,\"notify_userSuspended_alert\":true,\"notify_userUnsuspended_alert\":true,\"followAfterReply\":false,\"discloseOnline\":true,\"indexProfile\":true,\"locale\":\"en\"}','2019-01-02 07:41:55','2019-01-18 07:41:16',NULL,NULL,0,0,NULL,NULL,'',0,0),(39,'yuzhou1','ryan.y1u@nebulas.io',0,'$2y$10$VT6c0Ddg4Ql1KLv0FJVXeO.vaR7owV4MHJcBPTGjEsujOiRXuBHau',NULL,NULL,NULL,'2019-01-02 07:42:39',NULL,NULL,NULL,0,0,NULL,NULL,'',0,0),(40,'yuzhou1s','ryan.ys1u@nebulas.io',0,'$2y$10$VU/yjwulqGBl5izXnxoyNuUmIc7a80jch1adwMQPShmhNpYhxtqgq',NULL,NULL,NULL,'2019-01-02 07:45:18',NULL,NULL,NULL,0,0,NULL,NULL,'',0,0),(41,'yuzhou1q','ryan.ys1qq@nebulas.io',0,'$2y$10$1oQN4bBPLhbVjc9bgupdteo.qOYZgdlfRUftb/jjsnAMwyKJ3josm',NULL,NULL,NULL,'2019-01-02 07:46:57',NULL,NULL,NULL,0,0,NULL,NULL,'',0,0),(42,'ecosyssss','rwdxlssl@163.com',0,'$2y$10$nLCpEn9FOY51et6COwEjm.MYUQiX0UA6qdaYpPXAvxHJ2UN7ZJWv6',NULL,NULL,NULL,'2019-01-02 07:51:46',NULL,NULL,NULL,0,0,NULL,NULL,'',0,0),(43,'test1111','sfafafaf@142.com',0,'$2y$10$72IyiEthiQS5VaTS9CTsHeAheKqw.Zx7ICCDg6Kawv1OGYmC4vmAy',NULL,NULL,NULL,'2019-01-02 07:55:18',NULL,NULL,NULL,0,0,NULL,NULL,'',0,0),(44,'aafafaf','afafafaf@jfla.com',0,'$2y$10$xyw15MVtMGdq0QEqRb6FyuSsj9Z8mkzfQ2OlKhTOC3AIYaOHKSkMW',NULL,NULL,NULL,'2019-01-02 08:02:32',NULL,NULL,NULL,0,0,NULL,NULL,'',0,0),(45,'aafafafafaf','aa@163.com',0,'$2y$10$n2YQOr4yNWx5nf91RrAfDOC5d8aKcriHzU2/WwwFEYRt5YVKITNu2',NULL,NULL,NULL,'2019-01-02 08:16:41',NULL,NULL,NULL,0,0,NULL,NULL,'',0,0),(46,'aafafafafaf1','aa1@163.com',0,'$2y$10$AMNO1MlizylyL3HWHzFbpuxnc3BVtoPoU8YikfpLIxcsl9ohkSM7C',NULL,NULL,NULL,'2019-01-02 08:17:01',NULL,NULL,NULL,0,0,NULL,NULL,'',0,0),(47,'afafafa','aassfs@163.com',0,'$2y$10$NSnxf1epRzzz8AHuLVu8Ye6oavMa69ICGQXEa9RyC.dvd.tQAmlCW',NULL,NULL,NULL,'2019-01-02 08:20:48',NULL,NULL,NULL,0,0,NULL,NULL,'',0,0),(48,'afafafas','aassfss@163.com',0,'$2y$10$oNmLi1MCwar4xR4LZkl3lexYRF2OopiI3SRRDCsNOJlVUHKbxAUWK',NULL,NULL,NULL,'2019-01-02 08:20:58',NULL,NULL,NULL,0,0,NULL,NULL,'',0,0),(49,'afafafass','aassfsss@163.com',0,'$2y$10$4u5lE3Uu5dQuqwW1x97h6O1UTM6Ixgz4GYnZGWjoO8NDHSXoIiA9C',NULL,NULL,NULL,'2019-01-02 08:23:12',NULL,NULL,NULL,0,0,NULL,NULL,'',0,0),(50,'afafafaffafa','afafaf@1aaflf.com',0,'$2y$10$kphdBjOVQnTugif.M.EqMOf8y/BZUvgVtGzwezakQS5GQjnwDTmsK',NULL,NULL,NULL,'2019-01-02 08:35:30',NULL,NULL,NULL,0,0,NULL,NULL,'',0,0),(51,'afafafaffafas','afafasf@1aaflf.com',0,'$2y$10$Vardlks/5yJD9t/96YTXMunWoBg5we2WNO5jDhsRpyiB78Rnhmpgq',NULL,NULL,NULL,'2019-01-02 08:35:46',NULL,NULL,NULL,0,0,NULL,NULL,'',0,0),(52,'afafafaffafas2','afaf2asf@1aaflf.com',0,'$2y$10$HBl0BUVycndrolxDeq4tauqNFgm0qS.eH2iOQjtBR.fDtPK7Bx4p.',NULL,NULL,NULL,'2019-01-02 08:51:21',NULL,NULL,NULL,0,0,NULL,NULL,'',0,0),(53,'4464646','3646464@6466.com',0,'$2y$10$wtD.iDcw/PJin/4CG1JebelNrkNH/XKp.awz6CP3ydD5uWereK9lW',NULL,NULL,NULL,'2019-01-02 09:10:52',NULL,NULL,NULL,0,0,NULL,NULL,'',0,0),(54,'44646462','36464164@6466.com',0,'$2y$10$6XWldA5kY2SRdQ8c9Z95LOQSRKK7X/q472JzgzIcxGs2HL5KcH1aa',NULL,NULL,NULL,'2019-01-02 09:11:37',NULL,NULL,NULL,0,0,NULL,NULL,'',0,0),(55,'1244646462','3646416445@6466.com',0,'$2y$10$weWIDQUVh9DyO3SK5kHFMO0sYVV/YnGFei4RNiQjiTzdosRzkz5hG',NULL,NULL,NULL,'2019-01-02 09:11:47',NULL,NULL,NULL,0,0,NULL,NULL,'',0,0),(56,'12446464462','36464416445@6466.com',0,'$2y$10$lXlka0KqRR.W75IMJhKWceJybnIT6UxSIo5lRYpKNDTVKZt1LgmC.',NULL,NULL,NULL,'2019-01-02 09:12:47',NULL,NULL,NULL,0,0,NULL,NULL,'',0,0),(57,'124464p64462','3611464416445@6466.com',0,'$2y$10$1/p/podnof5GvGLkyDhw2OWA.uhCeQCzhU.Uk7kN4srgqXfjwiRF2',NULL,NULL,NULL,'2019-01-02 09:13:22',NULL,NULL,NULL,0,0,NULL,NULL,'',0,0),(58,'124464p642462','361146444516445@6466.com',0,'$2y$10$zHeCAGBvgyFzsR/73INEGOtabq24s9tOmUy7TwiQFXny.FTyAE.96',NULL,NULL,NULL,'2019-01-02 09:15:30',NULL,NULL,NULL,0,0,NULL,NULL,'',0,0),(59,'jlafkafal','hkafkahfka@134.com',0,'$2y$10$Q4tpnBjOBHnazXLtSTn5zuIBOZ6SxZnDAwZ1AWacFdzjIoonQA2oG',NULL,NULL,NULL,'2019-01-02 11:24:16','2019-01-02 11:51:20',NULL,NULL,0,0,NULL,NULL,'',0,0),(60,'NFTercel','liliang_qm@163.com',1,'$2y$10$G.ygKuN5Rq8n1tNPSozkC.CT9ZZzzDUXp03s9w29JQpxh4vQ1oIa.',NULL,'2OyRtxVaZhZQzfNJ.png',_binary '{\"notify_discussionRenamed_alert\":true,\"notify_postLiked_alert\":true,\"notify_discussionLocked_alert\":true,\"notify_postMentioned_alert\":true,\"notify_postMentioned_email\":true,\"notify_userMentioned_alert\":true,\"notify_userMentioned_email\":true,\"notify_newPost_alert\":true,\"notify_newPost_email\":true,\"notify_userSuspended_alert\":true,\"notify_userUnsuspended_alert\":true,\"followAfterReply\":false,\"discloseOnline\":true,\"indexProfile\":true,\"locale\":null}','2019-01-02 11:52:21','2019-02-18 04:58:33',NULL,'2019-01-09 11:57:19',1,3,NULL,NULL,'',0,0),(61,'yuzhouwww','yuzhouwww@gmail.com',0,'$2y$10$jJ1xH/4lUHDpV8BmeVyPI.BOtx2tpjiRQM72OVLnK7kfIU3MtfhlW',NULL,NULL,NULL,'2019-01-02 11:56:11','2019-01-18 07:25:01',NULL,NULL,0,0,NULL,NULL,'',0,0),(62,'longinus41','longinus41@gmail.com',1,'$2y$10$F4U5WF0KxFvtU.fiKVOdkuLwA.YopikFPEzOu.vl52hi2x37agzg.',NULL,NULL,NULL,'2019-01-02 12:48:14','2019-01-30 10:45:35',NULL,'2019-01-30 07:48:34',1,4,NULL,NULL,'',0,0),(63,'Coinbase','ustccmchen@gmail.com',1,'$2y$10$ZC2OaycMi6KV5Vqwq3TZDeJDed2yh.vC//BLXmJhCwQZkbGjZWeJu',NULL,NULL,NULL,'2019-01-02 12:50:57','2019-01-29 13:37:12',NULL,NULL,1,4,NULL,NULL,'',0,0),(64,'Samuel','samuel.chen@nebulas.io',1,'$2y$10$sASFoIgeYWhGcZ32ymNY0uax6RGr9zdTVtg2DrFFWMoJ0qbysCLim',NULL,'g9X8TwDa8YaAgzoP.png',NULL,'2019-01-02 13:51:36','2019-02-14 08:21:23',NULL,'2019-02-14 08:20:03',4,14,'2019-01-11 10:37:30',NULL,'',0,0),(65,'stephenjay','qitian036@163.com',1,'$2y$10$gSPKIlCZt1TmQGJBLp26eu/ixdw3qWzWax8q6cUUzvK2Bf4Xeb4Zm',NULL,'9MJy1xSNCdERIqMf.png',_binary '{\"notify_discussionRenamed_alert\":true,\"notify_postLiked_alert\":true,\"notify_discussionLocked_alert\":true,\"notify_postMentioned_alert\":true,\"notify_postMentioned_email\":false,\"notify_userMentioned_alert\":true,\"notify_userMentioned_email\":false,\"notify_newPost_alert\":true,\"notify_newPost_email\":true,\"notify_userSuspended_alert\":true,\"notify_userUnsuspended_alert\":true,\"followAfterReply\":true,\"discloseOnline\":true,\"indexProfile\":true,\"locale\":null}','2019-01-02 14:25:30','2019-02-14 09:53:38',NULL,'2019-02-12 06:13:10',1,1,NULL,NULL,'',0,0),(66,'abdd','fdksfj@gmail.com',0,'$2y$10$gHUuvIexqUl9JeMIQUMXleJ/I0rCh4yetOIhzxLCZ3606qS49c57a',NULL,NULL,NULL,'2019-01-03 05:08:05',NULL,NULL,NULL,0,0,NULL,NULL,'',0,0),(67,'jflkdsfa','sflskdjf@fkdslfj.com',0,'$2y$10$oc5XV6jUspdFQPULyLl9COIg0kC/ve7hnRdjlp2uBf3TmvzYjeSC2',NULL,NULL,NULL,'2019-01-03 05:15:46',NULL,NULL,NULL,0,0,NULL,NULL,'',0,0),(68,'dfadfadf','sfsf@fsd.com',0,'$2y$10$4E81deyYQn7/ZzfdV3/SveqHDmi0HLCya.nhHvH8imrkV6EkPhmQW',NULL,NULL,NULL,'2019-01-03 05:23:02',NULL,NULL,NULL,0,0,NULL,NULL,'',0,0),(69,'qielan7','jytallison@gmail.com',0,'$2y$10$4YPKkB1SG50Ar44CsPfvzur4gDTP1n6XpUNpc9TMyXr2bc66lsy36',NULL,'IFw6eoTgsjYT51xB.png',NULL,'2019-01-03 07:16:04','2019-01-07 05:39:22',NULL,NULL,0,0,NULL,NULL,'',0,0),(70,'Victoria','jing.lin@nebulas.io',1,'$2y$10$xt.focriUIpGMaesVuWCSO3bRl1V8W5lxcGbHFhIW1zgUMnuX5zVq',NULL,'AQHTdsZzFWq79M1V.png',_binary '{\"notify_discussionRenamed_alert\":true,\"notify_postLiked_alert\":true,\"notify_discussionLocked_alert\":true,\"notify_postMentioned_alert\":true,\"notify_postMentioned_email\":false,\"notify_userMentioned_alert\":true,\"notify_userMentioned_email\":false,\"notify_newPost_alert\":true,\"notify_newPost_email\":true,\"notify_userSuspended_alert\":true,\"notify_userUnsuspended_alert\":true,\"followAfterReply\":false,\"discloseOnline\":true,\"indexProfile\":true,\"locale\":\"en\"}','2019-01-03 07:22:58','2019-01-17 11:33:12',NULL,'2019-01-10 12:30:37',3,3,NULL,NULL,'',0,0),(71,'1244646462sfss','36114644s16445@6466.com',0,'$2y$10$mPhVADaLOeu.LWxtC.J6luK7Xd5QEauln3XArbE53mNPbowLdEQtG',NULL,NULL,NULL,'2019-01-03 07:48:39',NULL,NULL,NULL,0,0,NULL,NULL,'',0,0),(72,'dafdafs','dslfjs@fdlksjf.com',0,'$2y$10$gC2/NvUisqunmAdWRtQpl.K2Y0.MEBUNB.bcahFNHCCNByqOnNMae',NULL,NULL,NULL,'2019-01-03 08:20:45',NULL,NULL,NULL,0,0,NULL,NULL,'',0,0),(73,'fdsafdasf','fdslfjdslf@fdlsj.com',0,'$2y$10$o.8sq/Lh7VFSh6zBa6579.Tkpky42lR2ySHVtNrWnO0HPmx3bEi16',NULL,NULL,NULL,'2019-01-03 08:22:34',NULL,NULL,NULL,0,0,NULL,NULL,'',0,0),(74,'fdafadf','fdsfsdfsf@fds.com',0,'$2y$10$MApRQEhzLuwKH5ejkywtqu3i6kVeuUMPtF6LdQXw3HWoYOmUsZFX6',NULL,NULL,NULL,'2019-01-03 08:29:04',NULL,NULL,NULL,0,0,NULL,NULL,'',0,0),(75,'lkjljfsfd','fslfj@fdsl.com',0,'$2y$10$blISSmOmCDYI4EO5Kpo7WeV9h9gmoxbbXJEU7PpriUsqFuoLyqPr2',NULL,NULL,NULL,'2019-01-03 08:35:53',NULL,NULL,NULL,0,0,NULL,NULL,'',0,0),(76,'ljlkjl','fdsljf@sf.com',0,'$2y$10$Yu6wgPKV16aVwHArxGU6NO0E7byq/RyCny483Pv5sSxAaqbtSDWPK',NULL,NULL,NULL,'2019-01-03 08:40:56',NULL,NULL,NULL,0,0,NULL,NULL,'',0,0),(77,'jfldskjafl','fdskfjl@flsdj.com',0,'$2y$10$5syTvxNOHXFhvzH7.IDVKeqTs9Mf3aYljqhENrLInpa0/HY6bR3r.',NULL,NULL,NULL,'2019-01-03 08:48:15',NULL,NULL,NULL,0,0,NULL,NULL,'',0,0),(78,'fdafadf3','fd2slf@fdsf.com',0,'$2y$10$c3eHu/hAO4RdccLwC2n80.SWOY8z.vpXheNlJQ/H9rRAEe5KjO9jW',NULL,NULL,NULL,'2019-01-03 09:07:41',NULL,NULL,NULL,0,0,NULL,NULL,'',0,0),(79,'jkfldfdsf','fdsklfj@fkdsjf.com',0,'$2y$10$Gv.Nn9xhG2h5XvxGEX2FreB7OCF7YC8Vi0ar9TukYkZK/es6qBgeO',NULL,NULL,NULL,'2019-01-03 09:10:24',NULL,NULL,NULL,0,0,NULL,NULL,'',0,0),(80,'Nakamoto','zhuoer.wang@nebulas.io',1,'$2y$10$uSPd3v9BgYEohRm0cAwP7OTSuH13HaWYkc8qplI.26cjp6IVeg3ke',NULL,NULL,NULL,'2019-01-03 09:11:57','2019-02-18 03:00:52',NULL,'2019-01-09 18:08:55',0,1,NULL,NULL,'',0,0),(81,'afafafaaff','afaaafaafaf@163.com',0,'$2y$10$iAWREG8nZ5a2dLwcJBBIHOtr0Nx0qvBAvPknSukDLYo/QWafYeana',NULL,NULL,NULL,'2019-01-04 06:37:13',NULL,NULL,NULL,0,0,NULL,NULL,'',0,0),(82,'guoping','ping.guo@nebulas.io',0,'$2y$10$01eiUPLB2C7UJ0wAb46BquVcyriRMxtnQEHDjMEuIWxadMsW1.Oue',NULL,NULL,NULL,'2019-01-04 12:43:06',NULL,NULL,NULL,0,0,NULL,NULL,'',0,0),(83,'ssss','sssss@163.com',0,'$2y$10$EkCfMadlKqzJ7AWlgXuphuWdXxjzAnRc8J8uZU54Cy90mqQxD8Rg.',NULL,NULL,NULL,'2019-01-07 02:47:29',NULL,NULL,NULL,0,0,NULL,NULL,'',0,0),(84,'qielan77','yuting.ji@nebulas.io',1,'$2y$10$1ZjQjaMRAKbKSu6hg0qXM.dcm0LRZb.A29IVc.gisqZD4l5ELyDIq',NULL,'oUl7jOYUkFb6sjhW.png',_binary '{\"notify_discussionRenamed_alert\":true,\"notify_postLiked_alert\":true,\"notify_discussionLocked_alert\":true,\"notify_postMentioned_alert\":true,\"notify_postMentioned_email\":false,\"notify_userMentioned_alert\":true,\"notify_userMentioned_email\":false,\"notify_newPost_alert\":true,\"notify_newPost_email\":true,\"notify_userSuspended_alert\":true,\"notify_userUnsuspended_alert\":true,\"followAfterReply\":false,\"discloseOnline\":true,\"indexProfile\":true,\"locale\":\"en\"}','2019-01-07 05:40:15','2019-02-15 11:40:05',NULL,'2019-01-25 09:50:51',2,6,NULL,NULL,'',0,0),(85,'11131','13131@gmail.com',0,'$2y$10$QxO5KtdmHm7/KbAJPl3gfeEszKh40QFzrOaofEIcnHYXttrhWuWiy',NULL,NULL,NULL,'2019-01-07 11:34:39',NULL,NULL,NULL,0,0,NULL,NULL,'',0,0),(86,'111317','1319731@gmail.com',0,'$2y$10$KTtK1AjyRkAOVNrIY8OGBuTaK30OykmeDEHEgNyDkQPDzmICRVFcy',NULL,NULL,NULL,'2019-01-07 11:38:29',NULL,NULL,NULL,0,0,NULL,NULL,'',0,0),(87,'aafaf','lafja@132.com',0,'$2y$10$YvTa35JmxMYIqlxj.ulZ4ejOJTGlj8FwbJSxYa2sFaWlrhje.qQaq',NULL,NULL,NULL,'2019-01-07 11:45:00',NULL,NULL,NULL,0,0,NULL,NULL,'',0,0),(88,'1aafaf','lafjla@132.com',0,'$2y$10$R8lwtz0LyEe4IKar7adoceQnT9UjGfoh0jRRPuiYRraLNfXQgvYge',NULL,NULL,NULL,'2019-01-07 11:51:58',NULL,NULL,NULL,0,0,NULL,NULL,'',0,0),(89,'11aafaf','la1fjla@132.com',0,'$2y$10$dQcGwWM44YM9gLUcn7T1Vexu.PxI2AOuAA4rEWW.1e8SvhD2i.l5e',NULL,NULL,NULL,'2019-01-07 11:57:09',NULL,NULL,NULL,0,0,NULL,NULL,'',0,0),(90,'1afaf1aafaf','la1fjlafafa@132.com',0,'$2y$10$rwkf.WphGKueyMJw5BxXwuoAX7.K3nW25eOV33NIIHdC6cPuyf3Ci',NULL,NULL,NULL,'2019-01-07 11:57:15',NULL,NULL,NULL,0,0,NULL,NULL,'',0,0),(91,'a1afaf1aafaf','la1afjlafafa@132.com',0,'$2y$10$5SAyTlsf92D0cxJZBouuUe.iQPbdRejxEsgWBoK4TYWMFL664TmT.',NULL,NULL,NULL,'2019-01-07 11:58:26',NULL,NULL,NULL,0,0,NULL,NULL,'',0,0),(92,'a1afaaf1aafaf','la1afjlafaafa@132.com',0,'$2y$10$jZJuMiWQw./CmvK.RG5o1OhhBFYeJm1FA.3Iyg81pFzbdHN2ZNNHa',NULL,NULL,NULL,'2019-01-07 11:58:31',NULL,NULL,NULL,0,0,NULL,NULL,'',0,0),(93,'a1afasaf1aafaf','la1afjlafasafa@132.com',0,'$2y$10$ojRu5wCW63K8oVOQ5uNmcenTXbstrK7zlItUNNsWD0CjFfTh3jtCy',NULL,NULL,NULL,'2019-01-07 12:07:01',NULL,NULL,NULL,0,0,NULL,NULL,'',0,0),(94,'a1safasaf1aafaf','la1afjlafassafa@132.com',0,'$2y$10$6a3ZpEIz2CHWryCPZE8URekkjUGFZcQS7TbXinir.Fsd.TEbD3ABK',NULL,NULL,NULL,'2019-01-07 12:08:58',NULL,NULL,NULL,0,0,NULL,NULL,'',0,0),(95,'sa1safasaf1aafaf','la1afjlssafassafa@132.com',0,'$2y$10$W6ih/v77GgeBEBsrwJYIwO.I7gaKxEpff5ctEdm6wVDUPX/UDdZWO',NULL,NULL,NULL,'2019-01-07 12:11:11',NULL,NULL,NULL,0,0,NULL,NULL,'',0,0),(96,'sa1safasaf1aafsaf','la1asfjlssafassafa@132.com',0,'$2y$10$Fs3WIxGyMR.Acn46gLt9yu1g8F993Lyxrf4AOTFLqj.yuIrzdsXYm',NULL,NULL,NULL,'2019-01-07 12:15:16','2019-01-07 12:32:58',NULL,NULL,0,0,NULL,NULL,'',0,0),(97,'xucun','rwdxll@126.com',0,'$2y$10$5ZaqP.O6dijq1jvNiGRrkeciCE9Pb0w8jhkvlr.2uoyoGd4Uam55G',NULL,NULL,NULL,'2019-01-07 12:39:55','2019-01-07 12:44:11',NULL,NULL,0,0,NULL,NULL,'',0,0),(98,'contact','contact@nebulas.io',1,'$2y$10$vaTJUnsU6.aUkyIsIIVXveWfCuTdDEyC89QiuGMbhRUEWmUMzbk7S',NULL,NULL,NULL,'2019-01-07 12:44:37','2019-01-08 07:42:50',NULL,'2019-01-08 07:36:07',0,0,NULL,NULL,'',0,0),(99,'aaaaf','fafafa@152.com',0,'$2y$10$8LgU49rcAo5sJT.Nd.qUneoAL.AjbCrNoBq4fKQPD1OJKu3/qWOoe',NULL,NULL,NULL,'2019-01-08 07:43:05',NULL,NULL,NULL,0,0,NULL,NULL,'',0,0),(100,'aaaafa','fafafaa@152.com',0,'$2y$10$aO4eWSye1Qx5LUMj9Ni3HO3LJ2Xecd.U/kH5iVi5YqbbI5H9fRxau',NULL,NULL,NULL,'2019-01-08 07:43:58',NULL,NULL,NULL,0,0,NULL,NULL,'',0,0),(101,'afaafafaaa','alafja@14.com',0,'$2y$10$ZobKpA.astpTZcdqvk3KC.GtxQczMkCb1.DfBo.k3qUSd4PbZvRQK',NULL,NULL,NULL,'2019-01-08 08:11:19',NULL,NULL,NULL,0,0,NULL,NULL,'',0,0),(102,'afaaafafafaaa','alafjaa@14.com',0,'$2y$10$oCi6xdeBEQR3cpdH/GkfpuNbcFrioxiconR1n2mJFfWFOT4V8T/gC',NULL,NULL,NULL,'2019-01-08 08:11:25',NULL,NULL,NULL,0,0,NULL,NULL,'',0,0),(103,'afaasafafafaaa','alafjasa@14.com',0,'$2y$10$5V2p5Jy7WmuA7wLodfHq9ebbiCbgcZtcrHwuuGGXygijW4DBNCq06',NULL,NULL,NULL,'2019-01-08 08:12:48',NULL,NULL,NULL,0,0,NULL,NULL,'',0,0),(104,'aasaaaf','361146441s6445@6466.com',0,'$2y$10$2rl/7yqt2V..VKBoFaMr2et40ISLGnoqXS2mZm9mjNCRT03CtZRCq',NULL,NULL,NULL,'2019-01-08 08:23:35',NULL,NULL,NULL,0,0,NULL,NULL,'',0,0),(105,'afafafafafaf','afafa@anoa.com',0,'$2y$10$auxoq/beBAu15f/0CH/KYemeguUTtlho3YHrm46sO2OHvumCGdKqq',NULL,NULL,NULL,'2019-01-08 08:31:38','2019-01-08 08:31:44',NULL,NULL,0,0,NULL,NULL,'',0,0),(106,'ecosys111sss11','sfsfsfs@1jala.com',0,'$2y$10$dJtAUzPo6fyhj3CiZ3jqMe8eydKVw/.ADkOJIpjgAy.QLdMSNaZoC',NULL,NULL,NULL,'2019-01-08 10:16:25','2019-01-08 10:16:33',NULL,NULL,0,0,NULL,NULL,'',0,0),(107,'abc','abc@gmail.com',0,'$2y$10$MoGBFkm963TsAobFgh/j6OCY5SCfxQsV4nB2rIhx4kdxU69B1KKBa',NULL,NULL,NULL,'2019-01-08 13:02:11',NULL,NULL,NULL,0,0,NULL,NULL,'',0,0),(108,'abcd','dabc@gmail.com',0,'$2y$10$4Aps1oiNeGvrHNh//6KT2.hNzoLasVtM15RG.wlrosgm1u7bM3nMK',NULL,NULL,NULL,'2019-01-08 13:03:04','2019-01-09 11:47:59',NULL,NULL,0,0,NULL,NULL,'',0,0),(109,'Alier','alier@nebulas.io',1,'$2y$10$kefW4T0bt8bBBAdZ5PfS8.hz61CqMxbGouYrSnoyBw2M.kdmUJHbu',NULL,NULL,NULL,'2019-01-09 03:48:42','2019-02-01 09:42:28',NULL,NULL,2,3,NULL,NULL,'',0,0),(110,'aafafafafaafaff','afafafaaafafafa@1alfja.com',0,'$2y$10$ege3QBy3moWkUN0vpEBy3OkM8PHJmzWg7BnKkyFL9B/FEoE4G/Aoq',NULL,NULL,NULL,'2019-01-09 03:51:43','2019-01-17 03:00:03',NULL,NULL,0,0,NULL,NULL,'',0,0),(111,'BillMartin','bin.mou@nebulas.io',1,'$2y$10$v0QBGobWfl/7FHGe4fCWROxO/uNtSFe9Vc/l5BNZqWzYzFo9eLa6q',NULL,NULL,NULL,'2019-01-09 07:36:11','2019-02-14 05:50:15',NULL,NULL,0,0,NULL,NULL,'',0,0),(112,'Ruby','ruby.wu@nebulas.io',1,'$2y$10$tLOsb62Ltq9bqsZuqdYdHeO4qz1gvI4meXTUP5dXmeDX6z73d2sBG',NULL,'0H16sVG0TE8FSWeD.png',NULL,'2019-01-09 08:14:59','2019-02-18 04:15:02',NULL,'2019-02-17 07:42:03',2,14,'2019-01-21 13:12:52',NULL,'',0,0),(113,'jiameng','171502892@qq.com',1,'$2y$10$o4u3MF72Cx0S7eesONPXzuvXsRrQw6ueV7cJY.kFrNE7gYCl/LA6u',NULL,'p8J2CX0fiSTrzMDa.png',_binary '{\"notify_discussionRenamed_alert\":true,\"notify_postLiked_alert\":true,\"notify_discussionLocked_alert\":true,\"notify_postMentioned_alert\":true,\"notify_postMentioned_email\":false,\"notify_userMentioned_alert\":true,\"notify_userMentioned_email\":false,\"notify_newPost_alert\":true,\"notify_newPost_email\":true,\"notify_userSuspended_alert\":true,\"notify_userUnsuspended_alert\":true,\"followAfterReply\":true,\"discloseOnline\":true,\"indexProfile\":true,\"locale\":\"en\"}','2019-01-09 09:39:46','2019-02-17 12:43:27',NULL,'2019-02-16 17:06:06',0,0,NULL,NULL,'',0,0),(114,'llp','llp0574@gmail.com',1,'$2y$10$TBx8mmtdqnXXja/Jz1W0k.C8mJhojU1m8VRa6FJE6YqH4SSPsvbNe',NULL,NULL,_binary '{\"notify_discussionRenamed_alert\":true,\"notify_postLiked_alert\":true,\"notify_discussionLocked_alert\":true,\"notify_postMentioned_alert\":true,\"notify_postMentioned_email\":true,\"notify_userMentioned_alert\":true,\"notify_userMentioned_email\":true,\"notify_newPost_alert\":true,\"notify_newPost_email\":true,\"notify_userSuspended_alert\":true,\"notify_userUnsuspended_alert\":true,\"followAfterReply\":true,\"discloseOnline\":true,\"indexProfile\":true,\"locale\":\"zh\"}','2019-01-09 09:46:11','2019-02-06 14:08:04','2019-01-09 10:03:29','2019-02-06 14:08:04',0,4,NULL,NULL,'',0,0),(115,'admin','bakmail@qq.com',1,'$2y$10$3WDBHqkVvAO2.KjdC7QBOuWx6pPQagcSHewEatqkQPpz.05.bdaJ.',NULL,NULL,_binary '{\"notify_discussionRenamed_alert\":true,\"notify_postLiked_alert\":true,\"notify_discussionLocked_alert\":true,\"notify_postMentioned_alert\":true,\"notify_postMentioned_email\":false,\"notify_userMentioned_alert\":true,\"notify_userMentioned_email\":false,\"notify_newPost_alert\":true,\"notify_newPost_email\":true,\"notify_userSuspended_alert\":true,\"notify_userUnsuspended_alert\":true,\"followAfterReply\":false,\"discloseOnline\":true,\"indexProfile\":true,\"locale\":\"zh\"}','2019-01-09 09:46:35','2019-02-13 07:59:20',NULL,'2019-01-09 09:49:00',0,2,NULL,NULL,'',0,0),(116,'chenshiyan','963754850@qq.com',1,'$2y$10$Vv9nO6A.XHk0hjEhulOJSu3muVQOI2jVjNyfO6e7LXj2ovlGGYQna',NULL,NULL,_binary '{\"notify_discussionRenamed_alert\":true,\"notify_postLiked_alert\":true,\"notify_discussionLocked_alert\":true,\"notify_postMentioned_alert\":true,\"notify_postMentioned_email\":false,\"notify_userMentioned_alert\":true,\"notify_userMentioned_email\":false,\"notify_newPost_alert\":true,\"notify_newPost_email\":true,\"notify_userSuspended_alert\":true,\"notify_userUnsuspended_alert\":true,\"followAfterReply\":true,\"discloseOnline\":true,\"indexProfile\":true,\"locale\":\"zh\"}','2019-01-09 10:06:44','2019-02-18 01:55:52',NULL,'2019-01-16 05:12:16',0,10,NULL,NULL,'',0,0),(117,'mook','205500356@qq.com',1,'$2y$10$/6iXidUCTFSayKQ34uZq6.XyDwO7fb5S33DMc3y0Cwoob21Jdqg8u',NULL,NULL,NULL,'2019-01-09 10:21:00','2019-02-15 13:06:12',NULL,'2019-01-24 04:12:01',0,4,NULL,NULL,'',0,0),(118,'donkey','66494024@qq.com',0,'$2y$10$NUDBJ3jJMZpVy3eEH2eLMe40skcJ.pFGbedXcJXIQFisdPrR0/FCy',NULL,NULL,NULL,'2019-01-09 10:33:25','2019-01-10 12:55:49',NULL,NULL,0,0,NULL,NULL,'',0,0),(119,'Aero','wagalaka@gmail.com',1,'$2y$10$/uQjfx8DLgTijAmv2/e23.j0Pk7aWeS6EVDOuZKgDYVzGkB.KUNTm',NULL,'fSpIaLEzxaWmds0C.png',NULL,'2019-01-09 10:38:29','2019-01-14 06:18:46',NULL,NULL,0,1,NULL,NULL,'',0,0),(120,'aaaaaaaa','271853754@qq.com',1,'$2y$10$s3lGanTy4dceb1uQKh9eRezr.jKBMtUWml8auQ3ApOLORiCYCtL2e',NULL,NULL,NULL,'2019-01-09 11:05:40','2019-01-09 11:06:37',NULL,NULL,0,0,NULL,NULL,'',0,0),(121,'zzchao','zzchao@163.com',1,'$2y$10$OvI./1kQbXn4hwWJhqrurOwHo1idljHWK57ZVwSOxgP/9gNJa5FCK',NULL,NULL,NULL,'2019-01-09 11:15:35','2019-01-10 13:38:50','2019-01-09 11:19:57',NULL,0,0,NULL,NULL,'',0,0),(122,'liliang_qmsfafa','liliang_qmsfafa@163.com',0,'$2y$10$RORzngRNkD1c5/tgPb89YOj7D1byjvH33UwIXsqj/XZStEgIgONVK',NULL,NULL,NULL,'2019-01-09 11:23:17','2019-01-09 11:23:25',NULL,NULL,0,0,NULL,NULL,'',0,0),(123,'gplibs','guoping0001@hotmail.com',0,'$2y$10$PGHizHt0Ki7I0KbG.oVj8.RtQLV.HuesAz2kgqGw9DcPGolx761jK',NULL,NULL,NULL,'2019-01-09 11:48:29','2019-01-09 11:48:40',NULL,NULL,0,0,NULL,NULL,'',0,0),(124,'KamyoChae','kamduo@126.com',1,'$2y$10$T4Ew7uWaxYtIGwcuYz3X0.AL0rM.077hG57bnkz64A/G4b2HP.vLy',NULL,'eIvkbcpDkzvP6FP4.png',_binary '{\"notify_discussionRenamed_alert\":true,\"notify_postLiked_alert\":true,\"notify_discussionLocked_alert\":true,\"notify_postMentioned_alert\":true,\"notify_postMentioned_email\":true,\"notify_userMentioned_alert\":true,\"notify_userMentioned_email\":true,\"notify_newPost_alert\":true,\"notify_newPost_email\":true,\"notify_userSuspended_alert\":true,\"notify_userUnsuspended_alert\":true,\"followAfterReply\":false,\"discloseOnline\":true,\"indexProfile\":true,\"locale\":null}','2019-01-09 11:50:29','2019-01-11 06:04:55',NULL,'2019-01-11 05:57:43',0,0,NULL,NULL,'',0,0),(125,'antsky','antsky@163.com',1,'$2y$10$BNyt7B8AqqgWp8R7NubqbO0vbhSU9nexoKLl/5BOAb2T2eft/vVuy',NULL,NULL,NULL,'2019-01-09 11:54:58','2019-01-22 11:55:14',NULL,'2019-01-22 11:51:01',0,2,NULL,NULL,'',0,0),(126,'jiangzeting','jiangzeting@qq.com',1,'$2y$10$OPJQ3pqab7gvoGjMOwt.AuBPfTSAS1Ac/.Ae70o7uBeEBcGmkvGl2',NULL,NULL,_binary '{\"notify_discussionRenamed_alert\":true,\"notify_postLiked_alert\":true,\"notify_discussionLocked_alert\":true,\"notify_postMentioned_alert\":true,\"notify_postMentioned_email\":false,\"notify_userMentioned_alert\":true,\"notify_userMentioned_email\":false,\"notify_newPost_alert\":true,\"notify_newPost_email\":true,\"notify_userSuspended_alert\":true,\"notify_userUnsuspended_alert\":true,\"followAfterReply\":false,\"discloseOnline\":true,\"indexProfile\":true,\"locale\":\"zh\"}','2019-01-09 13:51:52','2019-02-14 05:41:57','2019-01-09 13:54:21','2019-01-29 08:36:13',0,5,NULL,NULL,'',0,0),(127,'satoshibytes','satoshibytes@gmail.com',1,'$2y$10$RxWghX3bhdhjw2rpNraR1eO3ydFHd2qmcMfSxIocLdJ82h5HqaQmG',NULL,NULL,NULL,'2019-01-09 16:52:40','2019-02-18 03:16:44',NULL,'2019-02-18 03:10:39',1,6,NULL,NULL,'',0,0),(128,'m5j','jmansfield@method5.com',1,'$2y$10$M2ecOVXm3RRVUKM4spttmezXOtGAnvACjvkHlJN9qmcmuRMln1u3S',NULL,NULL,NULL,'2019-01-09 17:10:28','2019-02-01 17:42:38',NULL,'2019-01-17 15:30:44',1,8,NULL,NULL,'',0,0),(129,'nisith','nisith.nayak@gmail.com',1,'$2y$10$4CJbUZsHMYyjp.Z/iAuK4OEdwSaRfzq52kn9mN4QvFLYK0NMCB9gS',NULL,NULL,NULL,'2019-01-09 17:38:03','2019-01-09 17:45:43',NULL,NULL,0,0,NULL,NULL,'',0,0),(130,'s8R3g','sergiu.cirebea@gmail.com',1,'$2y$10$EgaIKC4jyF4iD0rU412gueaThAIkPydgLtGnwWdL4aPCA8UA2u4L6',NULL,NULL,NULL,'2019-01-09 18:29:55','2019-01-11 05:05:26',NULL,NULL,0,0,NULL,NULL,'',0,0),(131,'starkstay','evestay@gmail.com',1,'$2y$10$GpMHccbGTtFkgXLOXAKQGO.dB/rMsZurd72.JXxb5Ujzhqmom6Z4C',NULL,NULL,NULL,'2019-01-09 18:53:13','2019-02-13 06:10:39',NULL,'2019-02-13 06:10:39',0,5,NULL,NULL,'',0,0),(132,'yeti1444','brandon.fuller1444@gmail.com',0,'$2y$10$lHAwNjUVFLpHpFSQJwjAceWBLqFEn1eLKsifSlvjBu02SOfu8k3/y',NULL,NULL,NULL,'2019-01-09 22:20:53','2019-01-09 22:21:00',NULL,NULL,0,0,NULL,NULL,'',0,0),(133,'fafafafafafassss','jlajlajf@1321.com',0,'$2y$10$CXmLRz/o3mCiECtBm8msPeVAb9unJdwQtXtE2HARC9xsvGL.zNIbC',NULL,NULL,NULL,'2019-01-10 02:53:19','2019-01-10 02:53:43',NULL,NULL,0,0,NULL,NULL,'',0,0),(134,'tangfuhao','fangshiyu2@gmail.com',0,'$2y$10$xX7Jyfqd/qoPWQ4P8O7qOO8B/vfZU8UdNM.pFCe/0eUXO5MaKJMcO',NULL,NULL,NULL,'2019-01-10 03:18:55','2019-02-14 07:41:23',NULL,NULL,0,0,NULL,NULL,'',0,0),(135,'newyear6565','newyear6565@163.com',1,'$2y$10$wHZNwc1S7URYNa.t3oy4HOurGdXVPdsw9bJClvyfuCkgNkTEZ9aU2',NULL,NULL,NULL,'2019-01-10 04:05:07','2019-01-15 13:09:23',NULL,NULL,0,0,NULL,NULL,'',0,0),(136,'Hitters','hitters@nebulas.io',1,'$2y$10$qz/1qmEa4eXRFEiHdL/8meI9eSSwUyg3iw0qurhU7GDUvPN3bPmUC',NULL,'odMeZvC24Ux7zy0M.png',NULL,'2019-01-10 04:38:43','2019-01-11 05:09:31',NULL,NULL,0,6,NULL,NULL,'',0,0),(137,'Woke','691520300@qq.com',0,'$2y$10$c0UT0Alx7VM1ZGr4viSwTu2gYa/uWMAX6gNRdZU/R70d6xg8TOfYy',NULL,NULL,_binary '{\"notify_discussionRenamed_alert\":true,\"notify_postLiked_alert\":true,\"notify_discussionLocked_alert\":true,\"notify_postMentioned_alert\":true,\"notify_postMentioned_email\":false,\"notify_userMentioned_alert\":true,\"notify_userMentioned_email\":false,\"notify_newPost_alert\":true,\"notify_newPost_email\":true,\"notify_userSuspended_alert\":true,\"notify_userUnsuspended_alert\":true,\"followAfterReply\":false,\"discloseOnline\":true,\"indexProfile\":true,\"locale\":\"zh\"}','2019-01-10 06:15:00','2019-01-23 12:30:14','2019-01-10 06:19:33','2019-01-22 15:08:03',0,0,NULL,NULL,'',0,0),(138,'zhaozeen','zhaozeen1996@163.com',1,'$2y$10$J3giXNXmIKVcvyh/uPn3AOtVH6CszX6PhpkRSwFiEUacF8Px4IhHW',NULL,NULL,NULL,'2019-01-10 06:36:41','2019-01-30 07:24:46',NULL,'2019-01-30 07:24:14',0,4,NULL,NULL,'',0,0),(139,'dappwind','yuxizhe2008@gmail.com',1,'$2y$10$bIX7HuI7ktc9VwCxkQ6paOIBXIvggClFqmtzizKRqlRzbjWLtZIyu',NULL,NULL,NULL,'2019-01-10 07:20:27','2019-01-10 07:24:03',NULL,NULL,0,2,NULL,NULL,'',0,0),(140,'jkzhan','962211140@qq.com',0,'$2y$10$zEUWVSuQ30hYCh.7kIlvOOWcZvL.j67t647rrEjtCBfNrTJKAAxde',NULL,NULL,_binary '{\"notify_discussionRenamed_alert\":true,\"notify_postLiked_alert\":true,\"notify_discussionLocked_alert\":true,\"notify_postMentioned_alert\":true,\"notify_postMentioned_email\":false,\"notify_userMentioned_alert\":true,\"notify_userMentioned_email\":false,\"notify_newPost_alert\":true,\"notify_newPost_email\":true,\"notify_userSuspended_alert\":true,\"notify_userUnsuspended_alert\":true,\"followAfterReply\":false,\"discloseOnline\":true,\"indexProfile\":true,\"locale\":\"zh\"}','2019-01-10 07:50:43','2019-01-10 10:47:35',NULL,NULL,0,0,NULL,NULL,'',0,0),(141,'JakubNY','jakubkollarik@yahoo.com',1,'$2y$10$DEqx6/J5UoSKT4UKINDQgO4d8IT0777/sXcpXbVVykqFBlqRyfK7O',NULL,NULL,NULL,'2019-01-10 08:25:55','2019-01-29 06:45:32',NULL,NULL,0,1,NULL,NULL,'',0,0),(142,'KEMiCZA','kemicza@gmail.com',1,'$2y$10$.yybG1MyzDDayUzPl91souQI4QjZDrj8nyoTH0K/i8JaJRYyFMxBe',NULL,NULL,NULL,'2019-01-10 08:30:44','2019-01-11 04:40:02',NULL,'2019-01-11 04:39:50',0,1,NULL,NULL,'',0,0),(143,'bardamuf','jeanloicanton@googlemail.com',1,'$2y$10$Di3WiHH5bSI5fzSw/nd2OeK9PttRTCzGt13PwNU4fHqrIMha2Ub/C',NULL,NULL,NULL,'2019-01-10 11:37:45','2019-01-28 10:38:25',NULL,NULL,0,0,NULL,NULL,'',0,0),(144,'includeleec','includeleec@gmail.com',1,'$2y$10$0jH1b/s.4Wl.hCpRsCFJfuHhfvhlGvA2ALFvdUamZR8C03lmwJRq6',NULL,'PKEny5v1ndKbKtjr.png',_binary '{\"notify_discussionRenamed_alert\":true,\"notify_postLiked_alert\":true,\"notify_discussionLocked_alert\":true,\"notify_postMentioned_alert\":true,\"notify_postMentioned_email\":false,\"notify_userMentioned_alert\":true,\"notify_userMentioned_email\":false,\"notify_newPost_alert\":true,\"notify_newPost_email\":true,\"notify_userSuspended_alert\":true,\"notify_userUnsuspended_alert\":true,\"followAfterReply\":true,\"discloseOnline\":true,\"indexProfile\":true,\"locale\":null}','2019-01-10 11:46:06','2019-02-08 15:10:21',NULL,'2019-02-08 15:09:49',0,3,NULL,NULL,'',0,0),(145,'Woo-ing','xjxcn@hotmail.com',0,'$2y$10$JSJXyW8h6YL79a21PyRQve3YmBJNFO3/q6ykixFpJl0mirQQ2tRkq',NULL,NULL,NULL,'2019-01-10 12:14:57','2019-01-10 12:16:40',NULL,NULL,0,0,NULL,NULL,'',0,0),(146,'beckyhere','becky.lu@nebulas.io',1,'$2y$10$Ib9qHIlOo/Rhw805b65FFeYnWHTFKqlWGCIyybSXeAirX34bs1jRC',NULL,NULL,NULL,'2019-01-10 12:15:37','2019-02-13 00:26:17',NULL,NULL,0,0,NULL,NULL,'',0,0),(147,'chaoniude','lierixingfeng@126.com',1,'$2y$10$oXTlQYgqjMlPbVyZVp13pO5v2J3HYvE226z0.t.bVsLyDmtPAwOWm',NULL,NULL,_binary '{\"notify_discussionRenamed_alert\":true,\"notify_postLiked_alert\":true,\"notify_discussionLocked_alert\":true,\"notify_postMentioned_alert\":true,\"notify_postMentioned_email\":false,\"notify_userMentioned_alert\":true,\"notify_userMentioned_email\":false,\"notify_newPost_alert\":true,\"notify_newPost_email\":true,\"notify_userSuspended_alert\":true,\"notify_userUnsuspended_alert\":true,\"followAfterReply\":false,\"discloseOnline\":true,\"indexProfile\":true,\"locale\":\"zh\"}','2019-01-10 12:15:42','2019-01-10 12:19:10',NULL,'2019-01-10 12:18:07',0,0,NULL,NULL,'',0,0),(148,'DagCoin','chen691520300@qq.com',1,'$2y$10$neoz7uUNn6AgQdiS2aKb/eYFXQMacmhhp/5e0voUhfUtuAyNv/iwK',NULL,NULL,NULL,'2019-01-10 12:48:23','2019-02-13 02:37:57',NULL,'2019-02-08 11:20:43',0,3,NULL,NULL,'',0,0),(149,'Ravin','beike8422@163.com',1,'$2y$10$FVIOGIRg1uppYRj3/OiwueO9TQZdJDGpQNJu41DPeKAjCKHtV43zq',NULL,NULL,NULL,'2019-01-10 12:48:24','2019-02-09 07:05:41',NULL,'2019-02-09 06:53:51',0,3,NULL,NULL,'',0,0),(150,'paulcheung1999','paulcheung@163.com',1,'$2y$10$Y8sa11AyZ7ydZUSg/e.Kh.HE7L2/L9Rk.B/QvEuIjVvJgKL/s3y6O',NULL,NULL,NULL,'2019-01-10 13:38:31','2019-02-15 08:21:51',NULL,NULL,0,1,NULL,NULL,'',0,0),(151,'Peacemaker','armanyak007@yandex.ru',1,'$2y$10$wKEcL7N6IG/UYIivELdi4OADx4H24I.OenSjddkR0r/A.3u9LKaIu',NULL,NULL,NULL,'2019-01-10 13:46:08','2019-02-17 18:37:22',NULL,'2019-02-15 07:31:41',0,4,NULL,NULL,'',0,0),(152,'Mista-Mist','david.berdugo@dawsoncollege.qc.ca',1,'$2y$10$.xPnM/TPjn/zfZZ5MCLOZu9KgFrcTpqQJ2ZUFHF4kBO/1Cc5Saqki',NULL,NULL,_binary '{\"notify_discussionRenamed_alert\":true,\"notify_postLiked_alert\":true,\"notify_discussionLocked_alert\":true,\"notify_postMentioned_alert\":true,\"notify_postMentioned_email\":true,\"notify_userMentioned_alert\":true,\"notify_userMentioned_email\":true,\"notify_newPost_alert\":true,\"notify_newPost_email\":true,\"notify_userSuspended_alert\":true,\"notify_userUnsuspended_alert\":true,\"followAfterReply\":false,\"discloseOnline\":true,\"indexProfile\":true,\"locale\":null}','2019-01-10 16:26:22','2019-02-15 04:16:28',NULL,'2019-02-15 04:16:05',2,10,NULL,NULL,'',0,0),(153,'Michel','dune82@gmail.com',1,'$2y$10$0rGPcW1UmGT/KNoVCZt/seT8Qb7MbImOeEe9uO7aWE0kPYObx8xe2',NULL,NULL,NULL,'2019-01-10 22:37:41','2019-01-30 00:46:28',NULL,'2019-01-23 20:38:48',0,3,NULL,NULL,'',0,0),(154,'lightspeed88','urbanhc1@gmail.com',1,'$2y$10$8LhFMrP0klanByn.Fd5FB.J3NIL.TPjMktFdwd6Gzd/.q7YraHecq',NULL,NULL,NULL,'2019-01-10 22:54:29','2019-02-03 08:44:55',NULL,NULL,0,0,NULL,NULL,'',0,0),(155,'bitcoinpurity','william.b.chou@gmail.com',1,'$2y$10$XQ3D22zeR0UNUj//4avL6O9l84dVTkO7CS1ApbtkHovxbRR/ZJsj6',NULL,NULL,NULL,'2019-01-11 02:19:05','2019-01-11 20:32:49',NULL,NULL,0,0,NULL,NULL,'',0,0),(156,'Jingchang','sunjc@nebulas.io',0,'$2y$10$LsSFG3oR1I0sGDoa.HnY6uDJmL0iIWnt/uOUqLQowo5b1G71tgerm',NULL,NULL,NULL,'2019-01-11 05:59:26','2019-01-28 06:53:34',NULL,NULL,0,0,NULL,NULL,'',0,0),(157,'1c7','guokrfans@gmail.com',1,'$2y$10$BuXdgskHamjodapMs6woreK5vFVC6zvor.q8SQnQeFMziLjaFScZi',NULL,NULL,NULL,'2019-01-11 09:20:37','2019-01-21 08:08:37',NULL,NULL,0,0,NULL,NULL,'',0,0),(158,'ErmeloBoy78','etiennekuiken@hotmail.nl',1,'$2y$10$RXNbDH0Wxb.887L/mzYi3OyJP6PONhaz9.sZLTgex9phnIicx302G',NULL,NULL,NULL,'2019-01-12 08:17:45','2019-01-12 10:48:26',NULL,NULL,0,1,NULL,NULL,'',0,0),(159,'lpl0001','3182652930@qq.com',0,'$2y$10$1S13RbjGVW7GatsbRMufPemm1VqbGWTbv/ui8LvctxlPjL2aGkBFO',NULL,NULL,NULL,'2019-01-12 15:11:13','2019-01-14 12:03:54',NULL,NULL,0,0,NULL,NULL,'',0,0),(160,'tomorrow','yinbo11@163.com',1,'$2y$10$x6tG.kSPw8K.Ue4PLV0JEeWoJlvsascEfn4whtgsIdZ/B7dNOzOsq',NULL,NULL,NULL,'2019-01-15 02:55:52','2019-01-15 02:57:19',NULL,NULL,0,0,NULL,NULL,'',0,0),(161,'cryptolord','gfquzhan@163.com',0,'$2y$10$7IP6LcaFU9ORW0bf1vW8y.9qViAm85Oh03RRHDDgDL.QUC3h00Nre',NULL,NULL,NULL,'2019-01-15 05:51:48','2019-01-15 06:24:37','2019-01-15 05:51:58',NULL,0,0,NULL,NULL,'',0,0),(162,'alajlaas','lajl@131.com',0,'$2y$10$KQtXGDaYEndNdYchl5cLnOGqGDiffzGhtXJsR5fNPaLEy3iEjcAHC',NULL,NULL,_binary '{\"notify_discussionRenamed_alert\":true,\"notify_postLiked_alert\":true,\"notify_discussionLocked_alert\":true,\"notify_postMentioned_alert\":true,\"notify_postMentioned_email\":false,\"notify_userMentioned_alert\":true,\"notify_userMentioned_email\":false,\"notify_newPost_alert\":true,\"notify_newPost_email\":true,\"notify_userSuspended_alert\":true,\"notify_userUnsuspended_alert\":true,\"followAfterReply\":false,\"discloseOnline\":true,\"indexProfile\":true,\"locale\":\"zh\"}','2019-01-15 10:49:44','2019-01-15 10:50:49',NULL,NULL,0,0,NULL,NULL,'',0,0),(163,'liuxufei','mail@liuxufei.com',1,'$2y$10$BoUeKtX..yULLorQvkh7x.nkyrEzzStD5Fj9zKW.NYCDxYTlaBf8i',NULL,'ei8dFtCvCZJSGFbm.png',_binary '{\"notify_discussionRenamed_alert\":true,\"notify_postLiked_alert\":true,\"notify_discussionLocked_alert\":true,\"notify_postMentioned_alert\":true,\"notify_postMentioned_email\":false,\"notify_userMentioned_alert\":true,\"notify_userMentioned_email\":false,\"notify_newPost_alert\":true,\"notify_newPost_email\":true,\"notify_userSuspended_alert\":true,\"notify_userUnsuspended_alert\":true,\"followAfterReply\":false,\"discloseOnline\":true,\"indexProfile\":true,\"locale\":\"zh\"}','2019-01-16 11:01:46','2019-01-16 11:06:53',NULL,NULL,0,0,NULL,NULL,'',0,0),(164,'ping','ping@nebulas.io',1,'$2y$10$czbOhKDHbiYTiwCMdP1PluI7VrymisO/YxnfMHy1hVGt2U2cWanMm',NULL,NULL,NULL,'2019-01-16 13:39:45','2019-01-30 09:48:43',NULL,NULL,0,0,NULL,NULL,'',0,0),(165,'nqt416','nqt416@gmail.com',1,'$2y$10$AACa3ruo2WqtlFsqfrlQTuHEU0dLWiQWVGxjdjXhXy9bxjiaksI6C',NULL,NULL,NULL,'2019-01-16 15:22:54','2019-02-13 08:28:57',NULL,'2019-02-13 08:28:47',1,1,NULL,NULL,'',0,0),(166,'joy99','dyuti007@gmail.com',1,'$2y$10$dImRSYINB3EV0m0j7AGfXOWQQBTqCi4z7UNRjUWQv2ksbIcvNJ5Cq',NULL,NULL,NULL,'2019-01-17 03:19:45','2019-01-17 03:21:25',NULL,NULL,1,1,NULL,NULL,'',0,0),(167,'uranus97s2','duongpd@bap.jp',1,'$2y$10$oYEEGZ0DL6XI0k1sJ/0AJeL2mmcT26dg76HdKiWe8KuFYEfIHGpJi',NULL,NULL,_binary '{\"notify_discussionRenamed_alert\":true,\"notify_postLiked_alert\":true,\"notify_discussionLocked_alert\":true,\"notify_postMentioned_alert\":true,\"notify_postMentioned_email\":false,\"notify_userMentioned_alert\":true,\"notify_userMentioned_email\":false,\"notify_newPost_alert\":true,\"notify_newPost_email\":true,\"notify_userSuspended_alert\":true,\"notify_userUnsuspended_alert\":true,\"followAfterReply\":false,\"discloseOnline\":true,\"indexProfile\":true,\"locale\":\"en\"}','2019-01-21 04:21:05','2019-02-12 02:42:33',NULL,'2019-01-31 12:12:18',2,20,NULL,NULL,'',0,0),(168,'weiht12','18394811635@163.com',1,'$2y$10$bknMbWlK5tmYu6bSHs.Bfe/DrmU2Hh0R6sWik3doj3zMonN4SpBVu',NULL,NULL,_binary '{\"notify_discussionRenamed_alert\":true,\"notify_postLiked_alert\":true,\"notify_discussionLocked_alert\":true,\"notify_postMentioned_alert\":true,\"notify_postMentioned_email\":false,\"notify_userMentioned_alert\":true,\"notify_userMentioned_email\":false,\"notify_newPost_alert\":true,\"notify_newPost_email\":true,\"notify_userSuspended_alert\":true,\"notify_userUnsuspended_alert\":true,\"followAfterReply\":false,\"discloseOnline\":true,\"indexProfile\":true,\"locale\":\"zh\"}','2019-01-22 12:06:46','2019-02-17 04:59:01','2019-01-25 02:59:40','2019-02-17 04:02:24',2,11,NULL,NULL,'',0,0),(169,'bigcock','740364929@qq.com',0,'$2y$10$jGSj2nQ7nwqkHPciobwfVembgzn0Y6LkCtpj5VWD4NUErjmtTo15S',NULL,NULL,NULL,'2019-01-23 05:49:21','2019-01-23 05:51:52',NULL,NULL,0,0,NULL,NULL,'',0,0),(170,'royalasgard','simoensglenn@hotmail.com',1,'$2y$10$xtYMyxJRI6XQmVHHEM7fyOP5b9BTPP36DU8hxSVd6BRJ3O6V4ZPzK',NULL,NULL,NULL,'2019-01-26 10:26:03','2019-02-14 19:17:24',NULL,NULL,0,0,NULL,NULL,'',0,0),(171,'Dirk_41','1428163209@qq.com',0,'$2y$10$aozcHnTwqPHM33fD0yqtqOU6x8TotEfL7J2SQ.9/7Q5skQOZOZ2HG',NULL,NULL,NULL,'2019-01-29 07:13:14','2019-01-29 07:13:49',NULL,NULL,0,0,NULL,NULL,'',0,0),(172,'Tastingo','13758126332@163.com',1,'$2y$10$kPcBB4hEFOA3IMF2Y8JZ7eTa0mw9pZ/G4A.ySE29UvQBLaoJCiVcu',NULL,NULL,NULL,'2019-01-29 08:03:16','2019-02-14 08:20:41',NULL,'2019-02-14 08:20:22',1,1,NULL,NULL,'',0,0),(173,'zyw808qwe','zyw808qwe@126.com',0,'$2y$10$5YML3AdPod8KMEZtXLHwyuAPu4vunVzV1T7OCsEiJVIBpy5rmKPgG',NULL,NULL,_binary '{\"notify_discussionRenamed_alert\":true,\"notify_postLiked_alert\":true,\"notify_discussionLocked_alert\":true,\"notify_postMentioned_alert\":true,\"notify_postMentioned_email\":false,\"notify_userMentioned_alert\":true,\"notify_userMentioned_email\":false,\"notify_newPost_alert\":true,\"notify_newPost_email\":false,\"notify_userSuspended_alert\":true,\"notify_userUnsuspended_alert\":true,\"followAfterReply\":false,\"discloseOnline\":true,\"indexProfile\":true,\"locale\":\"zh\"}','2019-01-29 10:17:26','2019-02-16 06:50:39',NULL,NULL,0,0,NULL,NULL,'',0,0),(174,'dezifang','quzhongwei@126.com',1,'$2y$10$csXFoYyI.hAcbzvwP86UfeuYWYcd8setGqexE2Bf91pssk8w9f1qi',NULL,NULL,_binary '{\"notify_discussionRenamed_alert\":true,\"notify_postLiked_alert\":true,\"notify_discussionLocked_alert\":true,\"notify_postMentioned_alert\":true,\"notify_postMentioned_email\":false,\"notify_userMentioned_alert\":true,\"notify_userMentioned_email\":false,\"notify_newPost_alert\":true,\"notify_newPost_email\":true,\"notify_userSuspended_alert\":true,\"notify_userUnsuspended_alert\":true,\"followAfterReply\":false,\"discloseOnline\":true,\"indexProfile\":true,\"locale\":\"zh\"}','2019-01-29 13:05:36','2019-01-29 13:15:59',NULL,NULL,0,1,NULL,NULL,'',0,0),(175,'hqjzuibang','595475376@qq.com',0,'$2y$10$wjByVA4DKDGTCk1XZKyr4uFnNH.nVkeyRIVybJL.ldnRSudHWTOj6',NULL,NULL,NULL,'2019-01-30 01:37:44','2019-01-30 01:38:17',NULL,NULL,0,0,NULL,NULL,'',0,0),(176,'1233','sunhao@geetest.com',0,'$2y$10$c.IRwjczB92q./A.HGVDm.1KLKMOTywPRY0WxCq4nZqzYgdWrc2A.',NULL,NULL,NULL,'2019-01-30 08:38:32','2019-01-30 08:38:34',NULL,NULL,0,0,NULL,NULL,'',0,0),(177,'dfischer','me@danielfischer.com',1,'$2y$10$Uddxa6CHwm/lqz8JDL7.c.pnk5P.hFcc1iYvwPHnDzCsYejJnXIoa',NULL,NULL,NULL,'2019-01-30 10:36:48','2019-01-30 10:43:11',NULL,NULL,0,0,NULL,NULL,'',0,0),(178,'SrColumbus','carstenfrederiksen@me.com',1,'$2y$10$miWlkjdJBX8Xk2UeyiNeu.oQuT8rqugTGuP6FF.GVDymXCXArcm2e',NULL,NULL,NULL,'2019-02-12 08:14:54','2019-02-15 11:09:37',NULL,'2019-02-15 11:06:20',1,3,NULL,NULL,'',0,0),(179,'ken72','suryadilaga474@gmail.com',1,'$2y$10$tdRLPtgSaUNiTACoOuc1T.UDSw556LNlL/ANRb8x814aARqthpglO',NULL,NULL,_binary '{\"notify_discussionRenamed_alert\":true,\"notify_postLiked_alert\":true,\"notify_discussionLocked_alert\":true,\"notify_postMentioned_alert\":true,\"notify_postMentioned_email\":false,\"notify_userMentioned_alert\":true,\"notify_userMentioned_email\":false,\"notify_newPost_alert\":true,\"notify_newPost_email\":true,\"notify_userSuspended_alert\":true,\"notify_userUnsuspended_alert\":true,\"followAfterReply\":true,\"discloseOnline\":true,\"indexProfile\":true,\"locale\":null}','2019-02-12 17:22:12','2019-02-13 16:53:12',NULL,'2019-02-12 20:27:27',1,1,NULL,NULL,'',0,0),(180,'Neber','who.send@qq.com',1,'$2y$10$8KhNc3AHwsDZ2cLdA/qUXOZaHA8UCvlda4/T5X8hyf4uPxTpl1Dbm',NULL,'0STxddufeQj63cqa.png',_binary '{\"notify_discussionRenamed_alert\":true,\"notify_postLiked_alert\":true,\"notify_discussionLocked_alert\":true,\"notify_postMentioned_alert\":true,\"notify_postMentioned_email\":false,\"notify_userMentioned_alert\":true,\"notify_userMentioned_email\":false,\"notify_newPost_alert\":true,\"notify_newPost_email\":true,\"notify_userSuspended_alert\":true,\"notify_userUnsuspended_alert\":true,\"followAfterReply\":false,\"discloseOnline\":true,\"indexProfile\":true,\"locale\":\"zh\"}','2019-02-13 07:59:51','2019-02-18 04:51:27',NULL,'2019-02-18 04:11:47',1,7,NULL,NULL,'',0,0),(181,'warrenween','wu.wen@aliyun.com',0,'$2y$10$jbijAE6ydN1UdXud2Clrz.2cBKGE.L4Y7FOYRpiXQrFIywFAXTDZu',NULL,NULL,NULL,'2019-02-14 02:35:21','2019-02-14 02:35:24',NULL,NULL,0,0,NULL,NULL,'',0,0),(182,'Mengggo','mengggo@foxmail.com',0,'$2y$10$v0qxMrGgsuEO8EaeYEEOg.u6Z85XPVXXSYOnekdDSD5Po26T1n0Gm',NULL,NULL,NULL,'2019-02-14 05:57:35','2019-02-14 05:57:49',NULL,NULL,0,0,NULL,NULL,'',0,0),(183,'acking','505930054@qq.com',1,'$2y$10$7qJPkrCp3xzYPxurs3cyQeiQuVuUMk6D7L8eIR2.iEM8zJK7iaWly',NULL,NULL,_binary '{\"notify_discussionRenamed_alert\":true,\"notify_postLiked_alert\":true,\"notify_discussionLocked_alert\":true,\"notify_postMentioned_alert\":true,\"notify_postMentioned_email\":false,\"notify_userMentioned_alert\":true,\"notify_userMentioned_email\":false,\"notify_newPost_alert\":true,\"notify_newPost_email\":true,\"notify_userSuspended_alert\":true,\"notify_userUnsuspended_alert\":true,\"followAfterReply\":false,\"discloseOnline\":true,\"indexProfile\":true,\"locale\":\"zh\"}','2019-02-16 06:46:51','2019-02-16 07:34:32',NULL,NULL,1,1,NULL,NULL,'',0,0),(184,'Aleixcrypto','aleixcrypto@gmail.com',1,'$2y$10$Z/6iRsBpIcV3V9yPA.SIkOi8.YgDuZH5/BFvHFC.t2rAnwZf8I67C',NULL,NULL,NULL,'2019-02-17 17:52:10','2019-02-17 17:57:18',NULL,NULL,1,1,NULL,NULL,'',0,0);
/*!40000 ALTER TABLE `users` ENABLE KEYS */;
UNLOCK TABLES;
/*!40103 SET TIME_ZONE=@OLD_TIME_ZONE */;

/*!40101 SET SQL_MODE=@OLD_SQL_MODE */;
/*!40014 SET FOREIGN_KEY_CHECKS=@OLD_FOREIGN_KEY_CHECKS */;
/*!40014 SET UNIQUE_CHECKS=@OLD_UNIQUE_CHECKS */;
/*!40101 SET CHARACTER_SET_CLIENT=@OLD_CHARACTER_SET_CLIENT */;
/*!40101 SET CHARACTER_SET_RESULTS=@OLD_CHARACTER_SET_RESULTS */;
/*!40101 SET COLLATION_CONNECTION=@OLD_COLLATION_CONNECTION */;
/*!40111 SET SQL_NOTES=@OLD_SQL_NOTES */;

-- Dump completed on 2019-02-18  5:03:19
